chamber_temp,chamber_pressure,gas_flow_1,gas_flow_2,rf_power,deposition_time,etch_temp,etch_pressure,etch_time,etch_power,clean_temp,clean_time,thickness,uniformity,particle_count,quality
457.4507122951685,2.9276577326367828,177.71837283533824,161.48103234020024,858.7407028792846,118.56576783541071,25.965505570068313,62.55566273845004,84.62901184432091,468.6495932251932,60.09714016219797,284.4196478052125,102.83297867244998,2.186990278661096,3,1
447.9260354824322,3.2418844967661493,187.3813833252442,166.10119053615668,706.0509527623086,119.6734409625969,22.655926913149163,49.900342191713776,84.28960427089041,546.5613758899323,64.72507176531565,321.09603164053107,99.19709048365287,2.0822990248234485,6,1
459.7153280715104,3.3759183399735067,181.1587963285151,157.48034868203317,783.6102472061268,120.64294878587582,27.074069143241577,48.437164709893366,101.40324745898346,531.3151021275509,67.06485796853707,288.69254950546303,102.02374071454149,2.0439529036893935,5,1
472.84544784612035,4.066306297202057,189.04008362517723,120.86253463557345,797.9169988309333,129.4686146164618,23.228914924584007,47.38820037072943,104.91530931087998,499.1490860147562,70.74834455462346,290.1795011903221,101.75954533314354,1.3379064905385578,7,1
446.48769937914994,3.6669659373601275,195.71699378577622,147.6686635120836,800.7954329199815,112.52782691513256,27.248665112335384,51.88183518599554,82.56894033271867,505.77349348998814,75.12081163303439,280.69534639053563,97.45489687182872,1.4867874233363738,8,1
446.4879456457623,3.0993555292700328,216.7430897266277,132.66438637624628,809.0248028039041,111.5365300848734,24.177665573857837,51.932912945854646,84.64804454048236,499.66407930662626,73.47067971685883,275.13177777591454,98.22310061726364,2.3741402180472075,3,1
473.68819223261085,3.645810886825291,193.57681922588594,146.96091340622888,830.5219909904747,132.36619742142975,19.836858623111013,54.75313936563256,99.14018255603315,519.4803703669415,64.10337600776258,310.6253206168863,103.0006358617561,2.2795757168391186,5,1
461.51152093729365,3.0358088033184902,168.28748586460816,164.70006354200842,798.2296280477325,115.37355258118701,22.05275127855719,45.36968917825494,94.26815994513917,468.01993366177226,68.14143868917174,314.5111888393388,109.06043904320701,2.191059962889325,8,1
442.9578842109757,3.824807316166122,222.8013569299032,154.5772625381246,781.5970858928159,107.36964646422933,23.708755873938145,48.437525609293694,95.41142484256737,534.5001893347458,70.38187794351283,306.81445312653847,106.0340929065466,1.7067436685777069,7,1
458.13840065378946,3.3586626044546364,183.2581973276992,167.2213629959615,779.6205327670152,115.1487005790013,29.104567071245732,60.15272861612101,97.17281035882445,514.1426335156325,68.6889643777675,281.5144918333968,94.354419719413,2.382594964382324,9,1
443.04873460781306,3.471909143378249,198.82559145790742,155.12630881070308,769.4242098980823,116.69947264755999,27.703430891587676,51.12295316624996,88.0741427060474,489.47774648441793,68.65352387065853,293.9552430025988,94.37209130387045,1.8146275942064114,2,1
443.0140536964461,3.897738994262657,208.93073013881423,130.52511090496645,839.3771662163433,135.54962727725766,29.871584236966427,49.13737813336627,92.63975939992149,480.48887873965833,61.38628337672864,347.8780435026353,97.32184325615869,2.650766730541137,8,1
453.62943407349053,3.113850929424725,203.99220836805566,112.18729490140899,767.6735760261743,129.24826212376738,29.960905648089575,45.29191117208149,92.01753720558473,533.6452376706724,64.2363292443018,257.367498687013,100.49460668938798,1.6265885052976365,3,1
421.30079633013304,3.0808645444661025,221.88359095042952,152.23213142519384,842.3385554504122,131.47520616632244,23.395747586227255,52.52967152910376,83.13206719803631,493.98054735399575,67.98530075430364,356.5767384128592,100.24128128487159,1.7373561818232666,4,1
424.1262325123045,3.3249202020961985,209.5800628678552,146.79110300473252,800.9499541129935,128.19973642346787,24.43453942072351,55.15509108521222,92.52072754572563,472.0442761668065,54.53387162527419,302.99159538352643,106.20140138464174,1.9242756005938992,2,0
441.5656870613854,3.811513655305795,182.77380840605784,135.34581390927178,773.9372596571935,129.46243671615315,23.766160227008385,54.37293822904904,99.90168556919734,484.6172093210271,73.20322160004928,294.59620830070486,106.47556652923387,2.4236502402871163,7,1
434.80753319498365,3.0441961773569473,243.57124347983324,124.49059125522933,830.9203607872067,113.11917873419682,22.98546818409677,48.705995681955415,87.32693408925311,530.7681859555664,63.13660450144465,328.6013501640503,100.02832792207755,1.9824609646399962,2,1
454.7137099889291,2.6503533205668295,203.88666926676467,138.97885179790936,763.6273037638441,118.01397844646516,19.475515871990623,51.806261416817684,91.22055398992747,435.5778719501584,73.43419066632569,237.98201792824898,98.86151711819564,2.018841174341449,4,0
436.3796388671818,3.3646523424773003,197.05319546756988,147.08262772702835,831.9092020364106,110.10084686976451,24.955756845949473,58.35829718324305,91.65367132808684,485.7836437767811,72.99458002235455,341.40958723739254,102.583732161438,1.8042043914764547,4,1
428.8154444799706,3.665522239973276,219.27850846111141,159.98816735559586,810.6363060595893,117.89511969462967,21.14330321886667,55.35441146085734,87.72268359651784,542.8233067870306,67.28153478443808,355.73177486845145,105.31600660025755,2.134045993320551,4,1
471.9847315338233,3.860078524921649,204.98901891860143,152.8294662235197,770.183765545404,126.8410499093474,24.89748435539702,46.0791862890334,95.41520990155486,493.27132911586966,75.00274162850769,332.639186023773,102.76218404988774,1.9646347529529726,6,0
446.61335549270194,3.3610515913743804,207.98456385878654,174.12100870759093,826.4317407667279,121.34583284812247,31.34731242868895,37.26997467689265,84.5594749499601,510.9126692911137,73.71598672462467,236.9314389326785,97.84227098304646,1.6078488080426405,8,1
451.01292307031883,3.3765720178651994,249.84367997201375,134.46593915931908,827.3294862844319,133.11480818960294,23.471964711007875,51.483862535421174,100.66116414956747,543.4707585814878,68.4551926458268,322.9250339340145,96.93873069146339,2.0636457412741898,1,1
428.62877720679813,3.8461702202767243,194.49757143489907,163.2158833808615,857.8759802904979,108.5858420777278,25.5843220168842,53.99284063374216,95.00964449305796,535.6931861358868,67.89120192404151,349.3799567405605,94.44698140767137,2.075404384312511,2,1
441.83425913212227,2.939077490091374,193.6447821196521,150.70948114693093,848.3073506204648,125.0023835069824,27.71994515742785,44.553877540633685,82.50585119461684,482.3976490784031,75.48616392832179,346.2824636320727,100.96743423797626,3.1749003243969627,2,1
451.663838845648,3.3834437674450974,202.33157024024928,160.42003686177878,824.5637010363141,107.51697198130682,25.84087387589772,49.95605238938611,103.58407747909003,494.78425791184657,71.16006919703833,257.7573225832082,103.11560049159844,1.694486960489844,1,1
432.73509633866547,3.5571271669775175,221.43031871162077,143.45227705101684,743.6204524395619,120.94176469173642,25.87745256382689,48.68150467063461,91.34481169009277,536.1905560691605,75.22348584184071,330.4907049480902,103.67422596564728,1.5803121287155637,4,1
455.63547027518507,3.6347656163855104,169.86931939619203,166.07520560835886,922.4293494087028,127.40333422556479,23.91279269893576,50.52143161116099,84.21641986211958,537.5787794913559,58.055129628236315,353.8671120833744,105.7588018487745,2.139517130296816,8,1
440.9904196512179,3.3470579920427355,160.6888821704699,154.42837137517864,729.8191894464095,117.8549743317578,24.3043660748163,47.276518564401435,98.83643619992952,496.4779949874023,70.49242548509731,300.8839715593806,107.40154800330966,1.5035817914144343,2,1
445.62459375310084,3.5103323035117526,188.25769458759706,139.80832522623376,847.4631587141155,125.51126604086956,22.119968433436515,56.452554988139966,93.9573721555842,497.85817390830294,62.11295456515313,256.4189633163084,93.12517176161332,1.4634749260630882,2,1
440.97440081655907,2.753501793976103,167.32154081881424,149.8196395663022,821.5641908443149,110.40267665167066,27.538135026668222,50.739844403163815,75.82432236612769,510.70734778135403,69.87105746256618,324.85957778174804,102.02381216715663,1.2815506550620928,5,1
477.78417276763406,3.3025254762998455,191.50337304948724,146.4066621159435,741.2928813759443,103.36310021803617,19.775525030157713,45.60491556917625,85.79471746204916,554.6760276006917,73.56910104172943,331.6157390595525,102.19629744690337,1.6127132174037824,3,1
449.797541628931,3.6360526137663403,210.0499939225858,157.3376752595669,793.7849530560751,125.57029622487804,27.913265015146607,54.5873107679686,92.23277869777235,542.7026448263182,78.69570072874552,295.82375507022294,99.63026795791,1.6250561270290607,4,1
434.1343360656615,3.2053117897235963,182.18502272895472,132.30334875938237,796.062355687768,137.44010234075733,20.78890484576427,43.67906202004147,72.72346657885873,527.7354681519607,65.30916635781406,264.27829632408526,95.85827715027861,1.3583689131629981,6,1
462.33817368154786,3.517695266476879,171.46346846437314,149.5597244682646,865.2791357905262,110.03955059830108,27.887821822229956,56.42247188767566,90.68056068309915,456.85322895744434,67.37147597349008,329.4561625210849,107.22314917368385,1.8748581318271833,7,1
431.68734525043465,3.6340617502408095,201.38674323430695,155.92960878973997,764.3344549859894,132.22194180106794,23.938547421363456,54.95529712111282,91.26383498164208,489.00666373806973,69.52233546462232,276.93573403134724,97.05699744476283,0.8170094261339971,7,1
453.1329539250713,3.3972352397426704,217.2508696923034,150.4953496078955,786.9027496787824,120.4342340881641,21.30439393560076,56.94887647660393,80.53206494099342,491.1085330524039,65.12734449269055,311.9204017961661,89.0371557028353,2.2458828906558472,2,1
420.6049481418034,3.5511391312989713,166.10053122966775,170.20411866583493,683.1965197489369,106.64308478306924,26.73789593523891,49.20876813779192,92.16515909007971,556.7394013041389,74.89279864394629,346.7449906503884,100.10036142555117,1.7216030107413096,7,1
430.07720926652354,3.2111802304146164,216.40464796611968,161.6103416110658,886.7381396561789,108.68494698647838,27.786302605227323,47.51943010108312,90.05971071300027,490.4454243528145,69.64952727317188,250.23605709143942,98.81068166557121,1.7951081612538766,2,1
452.95291853803684,3.438016616091186,216.34612407476652,149.8877880488888,746.4765878489965,120.1578477336065,23.68576405568939,50.42010880466547,80.46964715291989,550.1377129231046,70.60978511688023,327.2329199390776,109.28848636406735,2.293437505180151,3,1
461.07699869993115,3.6830648508767667,219.08170204313257,153.2503364624651,816.3455432119588,115.95537712075897,27.1618316460368,49.57781606822234,97.3564843749026,477.17205317875664,73.1008656338708,293.80253909040596,102.44846977096876,2.185871954691999,4,1
452.57052421784954,3.5470918882905305,224.36960429743374,154.43498327223,794.9296085139068,106.87087023241762,18.144746515991947,46.73631857218244,96.70283035814244,480.36464169356964,69.64144241812295,294.58040148046274,98.47368626584384,1.6850469786481057,1,1
448.2652757641764,3.324040619130819,244.04027849319232,156.04949406250236,795.099951660833,103.05960718774595,21.0382111307602,47.23188342937179,87.68210330518112,519.2581642325256,65.91230435912067,315.4294930359848,99.01572454803463,2.2258953778290786,3,1
445.48344456616064,3.567264921287238,192.8781590276189,122.61513006503088,840.4930992435437,111.53280672073494,28.877226791406187,48.16813576366768,88.4113494128654,562.7258682228703,69.68489880850767,276.85847905757527,98.95798246081125,2.774447304136041,9,0
427.8221701444886,3.7143829371909853,202.19143160155716,145.4771055634598,883.5631230151818,121.93809008331118,24.328992177406253,44.14998156780069,95.81011150076276,491.52891482928493,65.71909320243306,264.7494258921407,111.08566687281692,1.4939082094367206,0,0
439.2023368740794,2.8850176164267567,191.6712313350395,127.7334139770986,812.5746834970996,119.93599247396862,19.413360020653457,53.38981644799667,88.39469485510554,397.4892855255521,70.53990444558244,246.47415683907968,103.37741934068922,2.3768873556782144,2,1
443.09041843560317,3.8477222194867693,200.0395368951162,169.1742142118923,832.7539008815263,114.98762042499922,22.90340145867402,49.738514312144964,74.55273439583877,437.43266390644453,74.98468860400898,336.9528812825764,92.96419913862995,1.443447131152778,6,1
465.85683339328375,3.3991235783956784,230.65746711272624,149.08725719995607,816.4445768363521,122.01887194291483,22.229798582424756,48.45810765383177,93.89549245919942,511.91846224657826,64.12510853863834,288.8498344467311,98.77780025949508,2.5877130311734047,3,1
455.15427434352694,3.627646979972069,173.09971032138662,147.09988575480565,850.8765711965314,130.40026719862686,24.502114805581225,44.44822919529162,83.49392543409193,441.00815892872924,62.33814499278954,317.098212370721,99.88183775999745,1.644036471442903,5,1
423.55439766955897,3.8591740770935683,182.7790065566885,163.45195998049851,776.8541810256836,123.94126510434148,23.887747048577058,44.19813511166267,86.88125556465926,465.37748694414347,70.24624967959836,285.44903775355033,94.46215898267866,1.6249388997727972,6,0
454.86125954092194,3.08849789083086,227.54361873009123,156.33487196174812,853.7695277208207,118.7869132861042,25.536795186814484,59.67957025361206,101.6629645436118,500.4936780255303,66.16100191628047,265.14718489875133,91.08522271376455,2.5746050705969847,2,1
444.22376579375526,3.287167699271736,220.4007301380418,133.07048228431188,855.5249932823692,129.28072006660688,24.791601845162276,46.86371268569215,88.92817220792962,402.02531017014155,70.15872637205985,319.5693782981742,102.97781690893422,2.3607874728778824,6,1
439.8461699954106,3.4134353912372886,192.73736706365844,148.93641956208947,854.1268504341455,110.40149697783706,29.079217765111057,53.05264197104663,90.01387948699099,484.81096842698184,71.60201760304851,309.83887721174466,95.97683502131048,1.6604537162933555,7,1
459.175144332613,3.2648739436626717,217.0880400224144,144.97249540160422,766.9926066331763,117.75080460444649,26.273645799159006,50.81317234950089,94.07733820370878,453.40765768558924,59.28156885535731,292.8930253803772,106.24385809279991,2.0636843693866376,8,1
465.46499283743924,4.020480972751042,206.82431684984067,123.83200667090918,791.5831182881404,117.98912064399632,26.373014833580758,36.12405769445949,94.04267155099225,440.03281128397,73.4492471382927,309.05688190324406,100.04097216303917,1.6450240497567181,5,1
463.969201786743,3.242968371851962,230.00549218001976,139.64585650144193,811.9733494390217,107.63046741557154,28.495471371683564,58.96225411569296,82.64641786097773,467.9126224312776,64.15165748522375,271.1854633126799,97.62865589869132,1.2036311207629633,5,1
437.4117371516604,3.33333596615394,201.49019187653545,147.246895169753,731.4578977585497,115.80125837715642,23.833693748711255,53.42041989388058,89.51761187572501,457.23164299722276,69.88826024717655,331.81799323665933,87.91633174927202,2.094642559063743,8,0
445.36181436223177,3.561316709480893,220.51264227745165,148.27573602762237,879.7460104043007,99.25040319104697,21.214367669924545,46.16164922847596,90.28922022340662,518.7792087196921,66.70308832280784,338.7718391560342,106.11158924813967,1.821788916096594,8,1
454.96895147105346,3.1393551421771733,252.8402382098524,127.76652864484038,799.3861733248912,139.12178047662954,28.62091097389675,49.85816747785202,92.17621517303061,547.8610714673154,67.24021492607852,322.7791371401076,101.4676341632265,1.5270832218725818,8,1
464.6331769068354,3.381295786473121,211.96198310094934,167.27498374571212,814.196394380236,110.62586211563686,25.407525244324336,44.25408316298167,92.31377552733295,485.4229259355575,78.46978969808994,288.8404272271899,97.75902640591319,2.652357539806182,5,1
442.81238643232064,3.5952359783750527,200.98656331589686,148.4684541166284,771.1497780136399,135.8611413142131,25.418053623696785,59.13110239230567,110.69952983021966,476.15496883812654,71.5963376039783,301.7804038405023,95.54854306209899,1.5439899105826544,5,1
447.21511535004277,3.4001418786852464,214.4489397044196,150.56329614990844,733.6561220316489,120.38084505719492,23.10001023540929,45.46171145879268,80.59312183530204,483.43179995368405,74.52344201476795,347.0650934440429,107.99545604515627,2.0719893124402686,5,1
433.40497538990957,3.4719839423300156,192.6943828359223,156.00962457509755,769.7985057262614,125.6486413215596,23.14943400068927,47.384580016526705,97.84073296158365,455.6725156824615,70.75470677101372,338.43498652833534,94.67890149663572,2.5399557852394943,5,1
432.05690063878995,3.3412003662654888,247.75935411049466,138.17885619144494,810.9602093816794,115.11200201649069,27.54016701631253,46.35219460926204,99.46700644666447,448.45032417521287,73.10006787327477,359.8160727152618,98.15676270848674,1.871972325731536,5,1
462.187887335913,3.04565890724577,203.60142075391963,156.84533959699044,833.6714406376847,122.07929691961674,27.95396739441283,50.40189700104585,93.94227179138822,434.1778218842665,72.08689181071726,276.5844344006048,102.84872551028532,1.632912274609633,7,1
470.34360042856235,3.5964779634017714,194.54133359548973,144.49388030972725,808.089577030136,126.50489639988436,27.351470217239974,56.851582500696566,84.7974768410154,446.8191616672731,71.27228072343414,273.89363148038603,107.25383320011687,2.1488741522348973,6,1
448.919848176295,4.026479921494173,183.28621989959927,136.55121689029212,817.3362008120976,126.64552414394183,27.378884816336424,58.94687224547579,103.31734424214102,565.2796402845051,75.5357795458234,304.03110862746325,98.9184014648111,2.2278498617911873,2,1
465.05299346838035,3.5055204892350313,221.94440383212876,158.601712400331,783.1486812659311,127.74773390074357,26.707088611779277,48.00501927888852,72.46413708207842,472.3831585854617,70.78252726922135,312.20687271888903,96.3259151288373,2.4382803483456548,2,1
455.4245403757145,3.567579235174265,217.34374825655476,172.37510788202712,824.8124283122714,116.31667289960824,25.39456819023447,51.89129491158961,84.53386642225739,382.33486112944945,81.42574286108852,295.73132504821314,99.4663039572234,2.935604725746755,2,1
440.32320368092314,3.707816826535058,190.05291257171814,160.87244060228747,874.1416433192953,115.19640327508645,24.473860947037057,50.40952706302036,99.37345757778249,476.5177224607597,74.80265786406218,288.3094671649378,104.52235331478668,1.7713544925212794,4,1
455.4209340826262,3.1192008510359903,211.52902690244846,163.84466347710645,835.2394721219493,104.05823674732396,28.630971549824658,45.09195367777971,87.03910717261985,436.38341852956717,64.30229651130155,338.02185548487387,105.646974426316,2.0979270027589134,4,1
473.07054849698955,4.010754397438881,169.82888063574288,142.19054090156553,840.477094412647,125.23219011176937,23.878837388528698,62.11277787297972,102.77171619840149,502.3793975998865,69.11725145508508,297.27803728358583,93.12420425477309,1.3653798418433518,5,0
449.4626094133507,3.5606986389268407,203.69941150146312,126.03570406247316,814.7008199653316,130.82378711323443,26.10993764164224,56.81379781148128,77.9055620425728,498.0658537905198,71.98538799745334,263.54365746245026,100.57470060188504,2.3331884997736654,11,0
473.4696548372101,3.9895570697267324,209.0551270415339,172.35206283149762,724.8422465200199,136.15981679917928,22.58796100613726,50.94557924855517,81.10318484841594,502.2354255076822,70.22248417856018,267.0093273919343,92.828672955193,2.0918583213478827,5,0
410.70382343865384,3.280090101342803,234.14659619118447,180.8177233410714,747.7666734684378,123.05172634580508,23.02210288944865,57.90938046749494,85.7468946389842,498.3709568501926,73.43436709486085,307.41192975400503,104.42108585488636,1.910655300604001,6,1
462.3285375656284,4.045418576767347,184.5836239454262,173.14210160654522,822.7437900331921,112.33520227091431,24.29153629642832,56.060533563589026,93.33919422029223,485.09158781521,73.98508352416937,390.0795745473506,102.11191950291577,1.6909697437065283,3,0
451.30570602357255,3.732546648210435,174.43294742395352,144.96321091530376,799.4530474019957,103.02903856710545,22.58818486981851,50.40930670540878,88.22383879695981,441.76415513840055,63.20206507100518,270.72168768764465,95.39407184524636,1.8257864573260572,4,1
445.51488974301196,3.6659120257557074,182.09144078149916,132.68048491906734,821.9921443236414,130.4166673308335,27.3935554764349,51.62981802663997,86.07680597950063,497.01383712114307,76.40538772358248,290.5537779398082,107.67072785025582,2.118166504906354,7,1
451.37641164803256,3.5702073363059443,173.2686299937016,134.0147595327065,883.8211708922037,102.03723433222464,20.955897245364913,57.56063071188327,101.3631714487882,540.7569835654277,67.51591267256978,372.1441432579812,101.67506740003694,1.5169148061051694,7,1
420.1864662809866,3.4254414145776653,226.73314715517967,124.74401148578927,836.3017999614667,116.59395922256233,25.29768887014322,45.269232094351594,102.1075598031132,572.5469233518081,67.02047747067621,285.47157810484595,101.12596240233314,1.8464402109123514,4,0
446.7049216824373,3.8601594975421616,230.97278590048074,148.38932072384932,862.9443102871411,117.75693172056354,25.397524290526544,58.3684534866067,86.68496187433955,490.4803469077597,67.00438803647229,313.6638252381422,99.1044425882702,2.008339021732634,6,1
455.3566885726762,3.542107960954414,206.40433155897657,174.08516937123682,804.7340694735365,119.3054486214898,19.567601265040956,48.87443719657442,76.3218575413627,494.8156021886526,74.04288202995292,356.27732167773695,99.95981032832671,1.2301899368938314,5,0
472.16841067112273,2.909879088923854,224.42589891370295,147.87506052191634,759.639216125778,120.35802600035841,23.676928538429173,57.62338371423783,72.74012936650097,520.0170871635557,68.66466150926107,271.45563957288533,98.09258749288605,1.4743513274133682,4,0
442.2259467258953,3.164844061487899,202.6791676116047,154.53484350522413,797.106692039283,121.38147556367575,25.767098614144427,49.9738670126859,91.91432091824285,559.7296623788842,66.68224177831146,290.72219333935317,96.29395751891873,1.6699977319902912,1,1
437.8725959566022,3.444246274342176,198.09776704598468,170.63395446456312,759.7624093140431,95.84636737921471,26.286183979882203,51.68803111236486,95.24764497775038,480.5481355798181,67.88020421278232,285.46902199096377,106.14565293802697,2.7841158663686567,6,1
442.47364434623194,3.5929996949496665,193.33924761892476,143.938570322514,877.9147478386224,120.14655909870126,24.387078374199504,49.82845821713771,90.50398228462836,527.7060526780135,61.02654170542061,254.46313911098426,97.5362870516716,1.5846374286374485,4,1
463.7310317655311,3.483023453330031,193.7921801724487,180.53297185079393,839.5195538267735,97.70424425888123,27.030664613442145,47.34078188594386,89.43273514335394,467.08722937902445,65.78918118024257,347.0809783706588,97.3679598113414,1.9721041899779572,4,1
454.9312666448953,3.865691236938099,169.04396887381938,179.8814161124618,826.025624831414,127.32218073090995,24.672051228291878,48.64972550927844,83.56365908244734,513.1939596106201,63.8020822567345,282.43786984590406,99.35352954925558,1.4797181265697568,6,1
442.0535969434944,2.914669440788413,205.28509527214678,148.03332991979275,861.7971601114052,114.44874844196389,25.04095873622517,56.89555701584283,95.23983835131071,538.8241670647349,68.65415334752055,273.7126297253432,107.12257240427404,1.6117984039262219,3,1
457.69901149670034,3.543076380951548,199.19332179571913,141.3369860397118,698.9971792738387,98.4296327477665,25.75496160695966,38.42918008663766,103.42548303119128,448.3655757380881,73.32096635136796,286.6669833578874,105.65582946848656,1.2794958142261526,2,1
451.45616324022063,2.9546062323838536,214.9072144815575,160.4585706958547,829.406897567133,111.85795322614624,27.780998886202507,43.80517027597581,72.26497858131555,478.9942111192713,72.76937950466613,327.8649421546232,98.02575815216257,2.3351511773368387,4,1
464.5296748579933,3.7279136886452506,201.8704699287722,144.78712586221712,734.4677107847814,114.29924660815347,22.972845992753406,46.37264145320949,89.37999048969827,538.1913238678001,76.28375248773291,303.3868061102364,106.13392712779338,1.3372268712824789,8,1
439.4692035918397,3.471662385667399,196.74592596861817,132.65167174398997,799.637215076717,131.90699617555003,23.539534382445108,44.60827603781989,82.2372132046912,524.6464492205918,75.1698790864831,276.25001083708906,100.5406008521417,2.4535055065723337,7,1
445.08506780103346,3.6258829916072353,182.5761393998474,169.21857980284472,784.4146203766393,121.96637741750246,22.993310524812355,57.549898052077445,78.07627204756919,541.4378456125942,67.35701642540812,312.2744953474516,95.78287365995982,2.2339485980274887,7,1
444.11837770301764,3.24083511182307,201.44306473643522,168.2467108091562,833.0868306048474,123.4444494435058,24.0034068515742,56.28838488926602,80.96019303372466,533.9375858581627,70.09535700376857,324.37784093245716,97.61935325998297,1.9622990764667032,3,1
428.0472757780182,3.8838394794973254,214.76474461632324,152.3326740564534,811.4093644480478,131.812216342206,29.278702774239292,52.960159046973075,93.03738284547524,486.3558588833318,69.8372195288929,299.2870623629173,106.86626934641863,2.4700129476965866,0,1
454.44180415596867,3.8125173992176555,177.1332201783228,131.05702869407733,867.2558586805894,119.0385571207551,26.718175957989466,46.810979662612326,93.23969758072933,587.9676059357877,59.244736586390566,292.9571721340302,110.41422631784556,3.5516006380570486,5,0
453.91582908269834,3.6750632909035663,201.74947507361478,131.5571062317392,769.9051419533694,127.54187961032403,21.606730764493474,56.675259333970686,101.6823020893984,505.4763996301358,63.913702315451275,330.4762781514666,101.59908379376601,2.2387628205631964,6,1
450.0767018496369,3.4611448259409676,204.66085903058968,151.60843932628728,835.4557194816642,126.83861113931992,23.198659103233975,42.05935037002228,90.07025237716368,377.77164203423195,69.16356661424444,294.62444260459677,97.16731419158491,1.4399696890012712,5,1
446.4811929993728,3.67395718558854,185.6387043276347,142.50193448242453,808.1111608449417,107.13530506430588,26.118301672829205,60.70991320073968,75.93422696104338,488.70614510490805,69.13551782429596,348.2457451887007,99.37541266163026,2.744508829856293,7,1
428.7694388692438,3.287932229603795,188.24287390184,144.88360601787588,718.2354864964224,134.7298357762983,22.28047665720169,46.57685101411224,88.09464366099223,481.23314972002686,72.56162527102583,277.2709538372906,96.1877790903054,2.0930557282628173,6,1
443.6903201585196,3.7566666977062138,204.6122169753243,165.32944732590005,754.0691770738483,105.79698219929305,22.82397987755573,48.68982389079281,78.90896742227373,531.8099666946911,72.31820814767924,276.57259602717625,96.91618310538375,3.055561700570359,6,1
444.85928225209847,3.994844268297176,177.33157963414754,160.99768976133836,792.5060983238916,129.17366649477847,29.034878998522444,47.853280747526426,80.34563290862395,481.9525873920748,61.14653748950133,272.88609659746965,96.4247610110159,1.7469748890283032,9,1
437.9658409616757,3.821183167993756,206.99847430498784,170.6721402074642,855.6146224945863,104.82926963094367,23.15987311458044,44.63446292950661,94.64447246725196,543.9587998327655,72.59298367228764,292.8346062993005,99.60328126250671,2.6409720113452777,7,1
447.58071432500986,3.2811192590577773,182.092912526816,135.14065164934112,823.1861528778558,126.01236788151674,27.86400044808816,59.62556561968459,91.55344724475536,522.3239748962683,70.89293603226882,300.07512184098954,100.60340518228963,1.9999216146763654,7,1
456.0607628522181,3.608425195181931,221.25707386066432,144.85212646969933,741.6249588059643,138.61914878150174,28.765969568592816,53.94447315392243,94.70052476348265,459.9963815411976,73.11686590822315,260.2309227128156,99.25919429659105,3.328364174732079,2,0
478.292788518158,3.1120575368724057,246.756554907766,161.3847254319017,792.9841885976421,117.87021343449788,22.799613726493106,56.077352710398934,87.14005722182618,494.385066575543,75.33432793820795,302.9027180374256,98.89338532739215,1.8591996222523814,6,0
452.6186671924776,3.6717170933527026,182.7848639659636,156.72117511519338,900.8903224396515,117.43644357146853,22.330112330328575,43.88165363969615,96.32423650740284,468.978662228984,69.28558513606013,316.96062561857866,103.80245811752847,3.5008343188951576,7,1
453.8632558608415,3.635181023858762,210.6841572474935,172.98570573881432,805.5611667420429,126.1043999931685,24.171603740556506,50.90468913502,86.6927768136791,507.39034587414676,76.2279411849004,256.0352533562091,98.85395537537276,2.2199130264243845,4,1
448.8833112635075,2.9390550981403507,185.46516190235963,156.30805058856103,783.6337212463802,116.70603544037456,21.734116837979126,52.60514344665702,98.93346266193798,468.74036531059517,65.55299773053477,284.3648572085734,99.17492094683132,2.4234823790575817,10,0
421.21843177051437,3.1514648468262907,220.81908347595578,177.7216365615833,824.586982037811,138.18278703742823,25.363101635508226,51.35378261774922,92.75711151577234,502.97740922036246,65.27130939813891,317.0245718570694,99.11719864486948,2.850166221968032,7,1
449.6022918682618,3.41505833097687,174.6948318182957,158.1002670258471,838.1696539790985,121.92192249458695,24.38304426443984,44.19813274466,88.34402503612306,489.10776996038356,72.1438609506777,267.3174220237224,107.71643866475634,1.6061228549306172,4,1
450.9034531491154,3.409742075857752,209.61173516855425,165.9325117138299,777.1915826259971,116.79830491779275,26.081740047658904,55.37750010565318,91.69674435340877,493.91106981280706,68.1561622734741,290.52064434259614,97.54392687587126,2.484548423013377,9,1
486.9486316872793,3.1371569193743585,182.54022066221296,145.14727579823315,825.1287387185719,114.59714472104316,29.190830368698464,50.60775041392577,89.85711439220066,582.0376151919239,71.30816282309485,332.6455070680139,102.98148053470767,1.8536233295645992,9,0
447.11458552828316,3.6166936188056553,195.86030821803263,150.21430817825984,783.5555251664596,110.67051529826979,27.452454942310958,45.225179821784984,102.76885212250339,485.5805909317118,79.96491059922246,353.85548289378056,96.25811153031269,2.0755594396604655,3,1
454.5232101350042,3.575442082682154,179.37949449705386,163.66416605759213,835.9663800914719,113.72245013242511,26.46771932623707,40.72374730223668,91.96350098063031,422.62267649531236,71.96747536751988,313.1974563374738,101.74972415712631,2.041530628705294,4,1
449.4793234544214,3.4417192604064444,216.44700941791507,174.19467255889583,808.4846578985641,116.49326606341404,19.101854761096245,53.0333325674494,89.98709862084394,540.6330457893739,71.0608476943206,294.9224014251716,102.73116595894169,2.2862053682159047,7,1
432.469829435707,3.273262549952491,183.26039291120827,160.9385542396613,824.0983913526446,115.1236092650142,26.330127946307126,62.2522786706575,88.09207314359361,540.3182360720804,65.65389810674077,284.95805938092815,105.4212964340137,2.265092163625999,5,1
467.1423422177253,3.814612137924969,211.03928518663656,148.7524234209807,762.0408226916247,113.41824725862897,30.167882982113646,44.923728633268595,96.74547375396008,420.84239304812695,61.500100966878264,327.32262296314644,98.07865915353717,1.712402539992266,7,0
461.2789954903016,3.9966221339264885,193.11803943475334,170.66002544292513,758.935680796357,140.9884123035244,15.96843245105945,50.85223525206483,95.66330671242804,471.9640151516773,69.63726692363245,334.0021919734701,94.4301871758741,2.0624270854974514,7,1
461.8654792056457,3.354931554846039,197.71055256402275,117.12032015580178,847.2748652329698,109.69904923510511,27.068147628926877,55.55248639545788,87.80926695749898,517.4324222738609,75.33435123304098,265.3069260864705,96.08007338369713,0.832832090320095,2,1
436.3591881780789,3.316349924853554,202.95511814800258,128.6664824773969,796.0301809307254,121.46632587646175,24.52192427573061,43.6517386694935,80.75486788301752,520.9681304486827,68.38530996469663,327.31280447831796,104.82270786568336,2.495086832392224,3,1
471.0419146640415,3.647362299623599,184.76350656682303,160.22451335502583,814.2517371049681,125.92521009760873,22.450614990931165,47.60021615457488,82.78425489297317,499.8110494618912,72.00731249602684,281.7886109482134,110.40875806243336,2.8469708518405588,2,1
428.97223405811576,3.392591186075904,204.20734227081775,150.21162534379687,784.680228645674,126.30107995583732,27.40338575173586,45.69920610369299,88.52669968366243,500.71301515733137,77.13248636359292,274.2133267814327,104.17226706006359,2.095314024341025,4,1
458.80285640700407,3.4581808398010296,230.6066912870882,159.0827047668625,844.9363387006822,119.41392924217529,30.12911770182199,54.92338347412273,100.79142004895266,462.4564850766726,77.0075815661518,295.39067389348713,93.68930285105824,1.1969888932636223,1,1
482.85683438714966,3.721895945517401,184.43810428334572,150.96611283647914,769.6095009985171,117.5929742815269,27.325692186513262,56.6276128467703,87.99858696602469,404.00605146177253,72.14407943800892,329.74839727687095,104.00326440556418,2.3714738181135675,3,0
435.1419551230397,2.927193173747812,223.4362028654769,158.56418541905808,793.2199380049559,124.51547491239506,23.886424146215422,50.795181323658674,85.24701112027549,581.9802927273415,70.85053239328671,309.28215974519014,95.2810445448923,1.6181152416998896,4,0
441.50553405595844,3.895490697455801,229.96195266975568,137.78395768510214,839.2996406351566,122.665216499782,22.16959052677553,45.79132965502949,75.91424549401083,461.2533088917314,62.40683475498462,308.4699499437245,98.25428691434381,2.091158172363973,3,1
451.4947704763146,3.5218041572988024,183.67690021943912,158.55729129119536,858.6483849582133,117.41041165232487,25.43388290136863,47.78604531036076,102.10833148481836,507.0602276025793,66.84902677911529,310.5732496199904,100.93615538432647,2.3427545636981897,8,1
442.447865188257,3.376552056631346,170.89890789818895,164.91621792311378,773.8120354486658,104.38121428275569,27.619507877144763,46.847507428766235,94.55222516785167,493.64608017362656,68.59622095990963,314.0297405607108,101.77684427735483,2.273225189759328,2,1
426.740048534008,3.4732297537335652,206.03921800343528,168.30825905896847,897.9841990977941,115.32076277666752,23.838840921298818,45.113655691884965,96.36807976004687,535.8879020909418,65.73834194282924,296.57546347420606,100.32721047335609,2.5404276249300217,6,1
451.02844462209043,3.4887288065061557,189.05184954466253,180.2033144197305,815.6620846846808,108.53449836292542,24.12885102504761,49.48980899590768,97.693504415435,504.59588853928636,71.24226631476382,318.95666296175955,96.99443926475206,2.0731903198647696,7,1
434.06544429410843,2.9806396089665226,237.37206438326004,153.6614766525358,747.8535869095631,113.32840449933673,33.466000749515196,52.87413242230931,88.6821581699283,506.13763812368,79.55824091743051,280.2095341207489,105.29979132337166,2.086680804978517,5,1
457.1038864595277,3.9484814682359706,200.69615080999665,154.1086663027077,818.4526024294984,120.33223238516959,28.235955837879178,52.4512872221426,90.67672506998028,394.6272700796428,77.58880796330808,319.53022952836585,97.3621679755137,2.36839518722183,3,1
436.20863648649294,3.5123976896811855,183.95601183929642,127.15241303739228,780.8500392758272,123.58736143996616,28.450386035180898,49.958838177152444,101.90881553561596,466.66643709830987,71.21939930915603,325.7095604350197,106.27256372680995,1.9643037152206813,9,1
473.2490160752631,3.6329006391342125,177.05680977976579,142.0288289829236,821.7034243591588,137.80452751292407,20.619142281823564,50.28526918412682,91.4366471145531,529.7853218639599,73.89717036012414,320.97409783700937,93.20310054605167,1.6560487905275987,8,1
438.2512006149564,3.785464931172213,221.7980991818166,147.1037688899008,797.8571876169831,114.62593621096187,22.87843396211962,49.59224602455111,94.70020232051195,526.1867290028772,66.3569784232194,322.53086495082295,101.07765170972212,2.226009212411444,6,1
445.1690772569149,3.19365126273191,188.57632051831627,165.75479328414534,803.7136845095073,127.7462563527515,25.22404491836272,43.51394230416864,96.9644057376041,461.9338870553115,77.32044675334402,313.94596920690435,93.86924518384234,1.4355685111440586,3,1
462.20275826054507,3.6420415697105684,200.87657598920856,140.83498313865556,754.4203311706927,123.05960024437836,21.996587326344553,50.80067448491436,95.14345065938114,436.87885669115514,62.190167020274096,335.20328746027843,95.82958684003681,1.959554926405903,0,1
431.53703525349067,3.419707672730362,219.11605490224963,161.94510029623248,849.503061535818,132.9599767063979,29.80119189666788,47.08187207272675,88.97464663786805,505.06317226891724,74.56414080543081,231.85158648064015,97.43493895533291,1.3111116038013362,10,1
453.41189901906193,3.754031232564948,190.3148329613834,149.9756742455493,742.1936316424484,125.76228719595626,29.230936919771935,43.26328390420281,89.72892925748864,383.7290380481674,72.47794855099887,325.61237872695483,107.60302727365487,1.7225936835978186,4,1
469.6071413142364,2.8618317738945516,199.0814234251968,147.34247827327857,744.5617552297502,109.91518572713684,23.39936398784784,51.85352783557792,96.22112350380753,454.0530299064895,66.22070306622788,359.2637258147363,106.54012333051163,1.7433295616309314,2,1
425.8877514815816,3.4702717099276192,199.6686318035496,153.73340953699883,818.3680174573743,102.76953970708769,30.351755819822454,46.94134981790727,96.20802287947781,570.4064430062124,68.9560662163103,281.34313575123423,104.37124381278598,1.5078919619121,4,1
452.76950787798455,3.3191538032648116,213.66649023032184,144.13265441620737,880.1422123588985,123.11261699667504,24.987243709840172,51.138769606294176,99.34586079215569,557.8026931549507,64.3287364842197,277.9881042491249,100.16642875108433,2.5502659437225956,8,1
453.89824191372634,3.6296788851902466,211.8148867102065,143.56444127861002,782.3703451467796,114.7154900209961,32.76816915216715,54.23818907534714,94.4087758664787,519.4899743506058,64.54179976098884,338.5895703892141,100.94029474685672,2.508995799899485,1,1
461.7273430766597,3.6410132562104605,195.59772537490343,124.42821141314829,835.0486161351982,110.19686254049402,25.43405839157511,45.24880639427384,94.77284490873643,512.2934525792502,62.04472999688035,272.19781981562153,106.33239580915678,2.6570063713896355,3,1
431.44573933682875,3.287712231553392,201.27298122993037,146.28068689008165,853.6670088431773,107.32422295466922,26.728578250985265,50.46060641036486,86.43013306572442,421.99316861902406,73.83756951100355,279.9982706227364,103.50652643103399,1.9060778885788372,5,1
430.1931508037359,3.286347840747187,192.56441976953022,142.8004778077691,840.7342218647035,121.60975497587155,29.199710323508675,40.9478855913482,85.35080391142479,470.37331053403534,76.02672484713341,305.0984555909339,100.09004211685378,1.7831960057393776,3,1
457.82912348425344,3.466800389432801,170.4477518616111,142.2602851597638,784.439585541316,135.07707699313366,28.83290004942343,57.66266545304638,96.24504539481195,488.19325608136893,59.19096068093287,276.03146369540815,107.4333579000814,2.4017924026274016,3,1
454.4547700984978,3.2310073318054378,205.1520171479626,156.2530959388506,745.4476641402963,115.91327654293958,26.532196198407682,43.20466751555609,85.406519455869,471.22345001995245,79.19152758075754,326.25073505980674,104.07264768081757,2.0642064475549495,4,1
453.75739275518816,3.752595108635638,237.84383521666135,159.87947929185765,689.6226217164323,125.90270311075322,24.57657904166849,47.42590168801313,89.8343919750651,485.9902666036854,69.9399588168158,276.27593633228463,101.21209932919508,2.0617587311829153,2,1
455.19672314245463,3.3892378398657663,182.32561718617873,153.4829175696349,786.8579750268804,118.97733649782407,26.54239809997936,56.69189951881979,101.03218592777033,551.9689769738518,71.44926602438419,310.81900043120044,97.7051160987576,0.7280993496925001,3,1
439.79962917632264,2.6279035342035075,184.53940580794594,164.9312278567421,858.9043684281087,107.10617910896607,22.551447484371653,48.82738536959507,99.76456233876071,478.32707754914713,62.63793582207462,308.5344738898952,97.25378873353493,2.3782573015757396,7,1
453.48380545741503,3.3875533830134583,182.58544456712517,158.63342888745547,743.7917007619033,127.34811343510417,25.45640115659235,44.0130115684985,92.41431064637747,486.3624327777294,76.60412875082433,349.9166421722541,98.3191232239986,2.3119874912312826,5,1
454.3960870994802,3.188436853746808,214.49183557446244,145.57415715291538,835.0104923759383,109.05307955972629,21.672077402506016,53.56536616143268,87.63088336133032,529.5812514673501,71.00125046583418,334.95905598887185,102.28495442880993,1.9972917884451724,5,1
439.28472872960447,3.0106172553617165,208.9697090839288,143.0571557142843,752.4923734974063,120.21626630593565,19.657355079759096,53.452662310755926,89.01296871725197,443.2209712558879,75.6941311988565,284.1141737563904,104.17891407966403,2.4079238872320303,5,1
477.98661766717134,3.1287720085332285,196.82924615167087,154.69233355150268,805.303628819342,116.58479584994694,25.151280292418328,46.83406830317384,96.94128112844491,466.39181684644615,76.10429160323872,262.06522780583265,92.77854077224482,2.3008509947352813,8,1
457.1074938136768,3.532822541549891,181.6396187672207,158.60650664852852,835.3895807077508,128.9307743456569,28.786833672015018,47.37536739609801,89.70800578043068,470.49109648972626,76.67437211360635,325.1390652593231,90.26700661174385,1.6516574575767753,8,0
432.1304475419603,3.8985922484744693,201.84753583279848,170.96766460547246,767.0252281580786,109.41849007529314,27.777413924788178,47.82295514690957,85.53374085591788,502.2236858620699,66.75859612073899,280.3982749574002,95.24255096703934,1.8901068745310703,4,1
459.8483041295074,3.593955342159494,168.70755745328393,167.86759567410144,808.5242340348457,123.9086990780196,24.754263112823175,48.964880196569844,99.7261980512638,486.2015173002534,68.96018996053398,289.92969786288745,97.96161693312327,1.496107402497484,11,1
435.3797749465902,3.318048983535278,202.86853133714988,141.87790490239246,779.2454331637335,111.602025926513,30.24096909452649,40.53514461539097,91.45280111303425,487.4663636261146,66.94148962635242,268.20516929809094,105.97973600328098,2.7311194932875793,3,1
461.8062690561368,3.6367712585512106,217.43048772175868,148.46990579809108,835.2574329469088,114.88894787671215,23.29281582746028,49.0928806944095,85.38195343206603,473.4058405159002,74.47548231370642,320.370357923605,98.59790916008406,2.4885902392905472,7,1
467.37893368511106,3.3622729069343027,174.97601726732643,160.06526707376656,811.7658584242319,83.64799772459898,19.24650201460593,58.919570990915744,93.83152151146105,457.16678959140984,71.6644461468187,280.60520650687477,101.27386674485946,1.5930413305756446,7,1
437.68976522472434,3.2916198892510566,169.34963446340672,166.01996667088457,802.8253837214634,140.92098571617908,18.453696117397115,45.52015016381648,97.76974730554006,524.3657169684232,75.34572432006618,298.94874935091633,102.08952255993836,2.3094377582474452,5,1
464.45064193866483,3.1536911995301047,231.5887578338972,164.08454203057187,877.9174980070989,125.50556932826231,21.45642717821285,47.08253203265118,81.93861548169792,486.4878352415098,75.56369401528616,299.414908023226,94.8821456991449,2.139296167418508,3,1
456.19171390404745,2.974451357974484,187.7648072099083,149.0418325075298,833.1153071184151,112.32652514061836,27.449874229786687,44.081911684018024,88.39636869317653,524.7607592058949,61.36370254530546,305.50681859741735,107.29944415939136,1.6570235372503663,9,1
462.33090239991736,3.3830228880321664,222.71895691887644,131.18966021357227,765.4824066936856,108.75344311667006,23.09559194959784,53.06080963197677,88.0265330592927,455.5349067807541,76.75385065276936,319.84915505158943,96.6759705701004,2.0621635043142352,6,1
478.45189473980923,3.5474160469760396,196.92004669604336,135.01595435631614,795.7068049601119,115.0435124712066,26.382875925571906,56.015986790711885,93.61829732626781,473.3903136900143,74.75430478882859,292.71538884317334,107.7989572798314,2.4291923487172586,5,0
446.31917825995697,3.471012898995533,196.76090366117344,154.08950271479122,796.205060746017,127.16879534819452,29.938850150751932,55.90158919588812,95.05606658287887,491.15267888612937,68.15387558407251,277.7571725434037,99.36911999268142,2.4699597637317785,5,1
438.69395753463766,3.3752099216157925,208.7682539899329,155.1333836913652,804.0159786312606,101.07915074415075,21.699709112266582,43.7599470555317,85.58820870976412,494.88531852735156,71.74896383264814,244.2136609873366,98.31248351193447,3.1659918480345883,8,1
436.65728355561714,3.2162761817909655,182.3200228650712,133.51980939848423,926.2254638303748,118.58415580705662,26.43549919538767,52.4989586524848,78.05799059275179,530.1747490372884,69.38165214208648,303.0788888810301,94.4460540817185,2.047144576585883,3,1
437.76284572551845,3.6824738575054905,202.6499428699129,150.66854416333908,818.5425946355498,137.70641872462673,26.616889217967167,57.16875017107118,98.2543900367952,482.7796284163057,73.08027839315588,295.29002878145917,100.9864264559929,1.8811055329443453,6,1
448.84347435878846,3.1048604240160245,192.37021170351815,159.46836535457675,698.2048714947612,108.66053664032196,22.41778603458069,52.54831553855062,81.04043783538229,529.869689712435,68.14301809647561,278.6858150963702,111.2719119701797,2.2810701319389186,5,1
455.11727962224967,3.7328083741530427,173.59013113189937,132.73160013739283,772.8600514141517,120.80385038763654,29.06263277573525,52.392048416718886,92.16947364035101,514.9977603423878,72.39463620584554,301.8765738645761,102.06794145201002,1.9085187304661608,5,1
454.1503619899503,3.1993348943219826,206.749641494528,166.5749580270662,703.3813956252096,142.03309815257757,24.13687883335157,47.64178710682421,88.94415281015455,495.72589559668205,70.33652652329675,325.67948017844657,101.35218435974453,1.7075477798585608,6,1
462.40774873554034,3.2742694287940894,194.7338438624417,144.33703277160262,783.510087147708,126.32151629690773,23.848741057260973,51.10054911896832,91.2995512416326,461.94804814013924,67.83903048252347,333.3566425484154,96.6669818710542,1.537108382066774,7,1
450.1950283781686,3.059964442815297,196.85950343110585,168.86419668864977,700.6344885136785,121.25923820485455,31.33483965525392,56.18159089853203,103.20987177365487,530.2750106185327,70.95068122451029,253.94587744726826,102.9599187430589,0.28617223584750096,5,1
471.8030111573598,3.349579355934309,175.79678113171684,141.9982133133615,756.4204764465786,125.06636454909003,26.568300227100153,51.64104484214382,114.30625290897463,462.94650130745396,83.53234786744379,289.17416096953997,100.78808903561475,2.367419715103753,4,0
446.03014750143063,3.7925937375433936,231.8280073552561,134.6006177567373,723.963923518294,115.99134664990298,27.775871649056494,43.758626219851365,76.93250070881113,499.14878479370884,66.57231685087159,328.8307563719528,99.68582762629264,1.1810131339641536,4,1
490.8025374988443,3.6546884265331867,217.5342837277223,143.1279451523742,819.2080088983739,132.9963128530344,29.064678794565516,47.71979162857014,97.8712492426634,497.8423822825568,68.75028204369215,347.8812310356907,102.47397392164255,1.5600732783528244,5,0
459.3850102164751,3.7935266336084106,219.28311768343957,148.5727781538402,800.0269681314439,116.00669977099788,23.04857800162235,56.04639769444497,88.75001781857883,491.7161942953087,66.65943800183484,275.4820904052475,90.92077010590054,2.1462217955975125,0,0
437.14263665375574,3.6566427637801806,193.89110595116637,144.1728013984278,815.1481153749365,100.40818391264023,28.74946329116104,51.623716601755476,98.38283610970042,484.4272110805874,67.18391807236208,341.3496878769773,99.49737753802411,1.839246602711324,7,1
433.93661252908333,3.1688990514408895,165.4163422099316,146.7599786764033,794.7724305715736,116.0869689605954,23.49431765500699,50.595310391215385,97.65810460943331,467.11693220153313,74.0788717669268,259.4971115329614,94.01486077440649,3.0746486245891296,5,1
457.2370862286478,3.400763232701733,239.05834764979022,155.00947724514285,730.2851124897791,110.33265470123297,23.36612983198511,47.2299223337665,101.2779584575853,435.32254250519685,73.57941229818034,334.4485368935984,100.14449249159972,1.245380013459736,3,1
446.64805822011226,3.265940261264761,198.77804983988264,147.43230945305402,825.6760684627368,117.18805987802571,24.184000083075592,55.94299590267217,92.27971932130157,556.152189313614,69.97068248339345,291.5473100338397,96.37900312183322,3.11936054795001,0,1
460.71000741138135,3.899172471211712,185.0240040795989,149.0083140907199,896.1112280134727,117.40915940919369,23.133805495165134,58.31206298911128,82.88338812035981,480.33106142971,75.13148292634556,346.8846979693125,96.72080074719398,2.6902923045252893,12,0
457.09856436860315,3.140963406072107,208.33603148966228,124.36160401196106,820.4606289303273,131.97423199804908,27.46646929797149,56.315945615090165,97.42119590967697,494.8755161953012,73.96721647747155,286.0790635123412,93.3327935860715,2.4545481925491517,6,1
448.90756631014693,3.7681093068167333,223.34241576006593,155.87547024015709,778.7037700341217,126.95292726664385,25.801631965435167,57.21295810722686,90.94398060915252,494.63090464264235,69.18832906986893,290.70327819718983,105.5783248562341,2.719656088238771,1,1
437.2980942289739,3.7678861610326306,199.53898887829067,148.661950534625,728.5966411947278,122.63265487575397,23.526326756148663,48.20646879616917,88.12925427892694,543.8241734891499,62.33067629102897,295.99822112388455,96.6112675086606,2.2023059993580203,5,1
427.277291629712,4.0488860605148265,225.57150335878748,174.15439470724306,754.5966514620018,119.97054588667405,27.023515099464465,47.49915451313048,86.1902089543603,577.3277688607056,74.14891503974502,253.8884953583132,96.87880688183122,1.1483735013925678,3,0
443.3022757189947,3.3770940222111507,221.65999877033738,135.90652249119063,822.651982828603,109.41141991142005,24.17445268784096,49.21827413250407,98.05068455284103,506.39389678354746,70.84832310500987,247.1258198772402,107.65307535586209,2.257425840557963,4,1
462.8459819148521,3.7136966478740487,178.47237625195885,122.87557007250729,853.6559013399688,98.18824762334323,24.01578888890597,50.19286620988127,102.82695593605902,493.7198932617233,70.11111731850296,315.3046257912213,102.83978716383292,1.259662304071496,5,1
453.21140616195305,4.184495550961653,186.52419788681047,159.27102740895063,813.0433087360988,121.13160011392783,25.14605165470463,57.15509890062628,80.43717953040293,455.0617197136235,67.66975989995143,329.6538704206007,89.82680380994009,1.735818860492104,4,0
431.3139183193202,3.314707496919891,219.15074326559534,155.19790527469502,839.9943644852992,127.94641203573659,26.39038106699865,55.82943369734208,94.97561793983144,442.2564620234894,73.72324474558158,318.2273250852331,106.92680085860907,1.9609589511421308,4,1
452.5977138877677,3.0394879257402923,145.74774872379123,134.8735046920328,835.3839122013621,118.91666116755411,26.16954294813226,52.69234693627247,87.02090251661883,429.041002814236,71.7424812621425,262.3807315746443,108.23945320849651,1.5444687410478466,7,1
455.77976069593257,2.9359969898276708,197.01088613670024,127.05376567493863,825.3267195692958,114.651456772133,23.910252453241508,42.844066170765565,78.26182081446309,468.16620161906127,68.81585978598852,314.40566235216124,107.77188044128174,2.473022235182236,6,1
436.742138456983,3.7138136086583993,171.38337596750657,173.06095096026434,767.0763202369372,124.64502165214212,27.541333622318206,41.559890777015625,91.18164656610406,416.3658081074754,63.872727263905446,270.2938807888889,103.34094621505565,1.893121211500414,7,1
452.3058765891829,2.935054937582425,190.4689239713295,171.2116558591017,808.6961755987576,119.16667799375654,24.33281754676103,51.20231372400852,83.33489775848352,543.1531981496045,75.33964550940038,312.2295812467099,94.49145120034494,2.2046541155022332,5,1
450.87313077669,3.388304284118623,194.02359821941593,112.68814861940805,757.5811098058931,136.8574419197396,23.035046534173844,54.401316028003585,77.37797417759842,516.923849759737,73.02452611577938,333.9389743560731,99.75387246325904,1.995293418819818,4,1
432.85544553254067,3.631193956111688,192.83511244184984,143.1266545611525,800.8714476479051,132.32728342068285,20.595935053697946,49.60216475506931,83.74607622220373,489.9343794126088,71.27701449972798,311.02400560005054,92.75777348808481,2.0630895798367357,5,1
455.36681040522427,3.5555526610489743,188.95477495774782,174.9628808217585,816.5431765533456,129.5950805702333,27.949535442997064,59.574522524892025,81.77780865668917,544.3753592304316,56.716130024430015,344.056017067258,95.66991972248965,1.5565663577865743,3,1
458.4117678955235,3.6276334592552515,178.05712700742373,142.859061633332,883.9391903693428,127.57734114209904,25.037170228582024,44.58779478109782,84.82650517549287,457.153756903869,69.8105287144197,295.50037585941766,94.44556638018636,1.4129792773991312,7,1
466.2457686476292,3.566686956740256,245.83822533637374,142.6408164896002,734.5134012816184,107.09832585548543,25.632617075531545,43.958240252522,79.3929273843705,467.2007577854178,68.79398148262169,293.500520360869,96.86484772405241,1.9231156648205567,6,1
465.8070307805235,3.883659743994018,237.34924008322702,145.75861008555947,824.0753815495652,126.629937020526,28.137408747098547,46.6785951276284,86.83887913099029,422.6482687879302,66.90752157472829,302.02053893342344,100.81976945105731,1.516942861525893,3,1
429.33495948064365,3.214305085778361,176.75868359487436,133.18654539347762,874.0618295811797,123.76325957646576,23.56778130520655,46.48851393404382,84.29400697532822,530.9741478008085,73.77117639282142,259.72076748603774,97.77544025417244,2.696777852478786,5,1
435.93262440127313,3.2969014584624405,231.64233502607135,124.42836383657934,837.9423882919398,126.06424728391164,20.876802254577616,52.6314293434099,93.00491101716526,467.58634854762903,73.57430017083638,287.9114677314865,97.56069122355011,1.3117824581040596,7,1
457.7255290081299,3.268202166418753,192.01069019054293,165.78820966102123,841.6472721412521,124.92609486813052,25.209342106645657,47.891440740782485,94.74831189118652,500.62782453103296,72.18412358596194,290.5460049077981,98.54552777638266,3.168501155522011,5,1
457.7067892636831,3.749057543558783,202.5837494666342,122.35594640628486,829.3847450933906,124.52762587848065,25.923884656240887,42.26079769360669,92.08118861422753,540.1030560229871,75.18945457383872,291.4800017013936,107.49736339775941,2.151012563763642,7,1
457.7257152945907,3.770119576518519,198.7345208020617,153.70907178163134,864.9167244887708,147.00866469549595,24.21145280151888,54.45789228347559,88.11644433701193,554.8340302199769,64.88850742983078,308.0487350149024,110.81877751175402,2.0346634524502734,5,1
507.79097235982084,3.6353675957955525,186.8050271749207,163.29869239136474,745.6260915943816,119.23814330048081,29.421212734228508,41.20024036963935,87.90057923446149,498.8341459403772,67.73172971615347,255.59012640530128,97.74651910090405,1.729866875390037,4,0
458.5633576603975,3.8550481000669783,219.67704687212293,128.23160551648263,730.7036667014877,129.36337380829332,17.54150029683593,44.643908884946455,83.30340010070907,515.3694974508543,70.37396131592902,265.63158048418495,101.68037101248478,2.328460516176323,2,1
467.033484602709,3.1465877397870856,202.51773061153315,136.13597396107392,799.6832929767372,115.29010189735996,28.360169913699348,41.88646714628066,83.49604272472051,463.8459901582536,66.88998990386042,333.96208789915414,95.79361018721677,1.8978624946394882,4,1
464.310026452398,4.000167233465341,190.46897153561517,168.19768782587386,691.9418948214145,127.90641583887673,27.373460951092678,51.03560638535437,95.62883094462988,567.3349337203014,73.63584610851771,239.78255327808571,103.83825652428254,2.150237097233975,6,1
459.77086876958697,3.9569715865136774,173.90821112399055,157.9933758034056,861.5322902089006,129.39319890232454,26.370312333101378,50.93023856075606,75.9223792107963,493.3539775880254,67.38899575934153,318.4911320661853,97.61774969036128,2.420911583519894,5,1
445.2709613303948,3.720686599173724,182.1280997256176,140.74071439681668,861.035759774772,123.64426077135347,14.99229535159271,59.582271605081765,89.35420049349646,503.2113980747248,76.49185002223378,288.7932095760695,96.44447568455101,2.3346547345968234,6,1
461.384538307399,4.034539672631318,167.17239768795807,168.03373505041756,778.3324722457737,136.692469423765,28.851666349810806,54.569133280727755,87.41176750751039,483.72587710947096,65.34420299124905,304.80367444990355,110.00793632907849,2.619930600473851,5,1
438.4076217819364,3.0030130376966677,200.2444709683034,168.09803585181453,781.4614701669746,111.15723963639583,21.920697668092345,57.208230916711,94.79305681099913,547.9699599365503,80.65991824750309,346.7429635600182,93.21965378504197,2.268920536830391,4,1
446.4477208988999,3.3426655591212047,176.0666881543121,154.0357903952356,796.3826262424665,115.12779058331778,23.47692406484984,51.44304825649247,78.59990413262119,507.9837569233276,80.14648677801212,296.06451642404033,87.73586322656013,1.524366155893693,2,1
442.71954678256344,3.2794089617954145,194.68878974962917,136.49759658189507,802.601032521981,122.1238008602349,24.488222005629794,45.11534089454718,90.09984564388752,530.437383096545,69.52623426842328,318.76164016517305,103.67415123074501,0.9601053319196828,4,1
451.22811209079487,3.716443797127203,227.4020370722074,143.79826944792308,806.3586959597143,128.80806853484222,26.222254103955926,50.64053800996748,92.74387473087286,514.1583255991553,75.73085225462874,301.7570090304575,98.16185794523429,2.105516864645475,5,1
484.71987850010265,3.1849577781193563,223.98599145843173,154.29580115933086,827.9116053439152,121.79429521294934,26.91828412657765,52.962105036936535,74.76215025100804,491.1836246713598,67.99785969745696,296.71871490740085,96.7700171037304,2.1127315772278523,7,0
421.99102211112375,3.727248544801246,199.35446211794763,147.17107756278767,791.3686823495761,132.85759036510566,27.67852166295789,53.51903691125787,81.4053762171061,537.1787424519837,75.06643249115672,293.00474106478913,113.65829500220322,2.962964907555283,5,1
460.2939028556177,3.911160843199014,198.25830547713701,164.08435767352276,847.1596651738897,113.38310129033681,27.44756053023555,47.63793927945829,89.26568122549767,513.8126477830152,69.12010834271615,321.0317504551868,103.65113286291349,1.942079691534526,4,1
425.8092619321552,3.7085608700251997,237.59749098842016,127.05338879835996,822.2973888562651,108.59421510511446,25.75878161263938,52.443932368911995,94.11317526107443,461.56083756611065,63.57280050745758,278.05194401635976,99.70742951247261,2.187246151557123,6,1
442.9210220131585,3.5851253070984503,210.41512240717424,127.58604706400642,769.6518277063682,123.08128336536505,26.24776797717277,45.33486014579368,91.4599944889016,460.4315446476248,52.335909061605506,266.0393043434621,96.46034180136151,2.3885882028828362,6,1
466.3342589545105,3.2036379977297753,193.44387080246955,152.7130666722365,866.7556333902048,119.22819723886303,21.72773885253326,44.78361202944642,94.48363402359846,505.9530691612654,68.65643276964695,302.23424920293263,102.22893924415844,2.2567040604937545,3,1
450.96420028643195,3.245944710162391,171.47963765759096,142.62683379289643,732.0871506938756,125.4286372035822,22.746919579542933,44.42107644307258,81.36501989887476,536.2983160955051,71.39531254342646,305.78352010765485,91.33573685402826,2.4219718959086474,4,1
433.83382833106043,3.874885671589,207.87746436329488,140.59427077953387,795.3917094589261,119.72597709133495,27.686380671024498,50.12312994278398,77.28999720217578,565.5768219402562,76.65158213018108,245.2752550380312,97.41949280514099,1.5908953459370707,6,1
439.2704443611005,3.7338047011715996,216.58647545165724,123.47914921238404,848.3458700537734,116.59980209376543,27.511628460186046,44.110818224618484,90.67604644605431,428.9114616967679,70.18312516075696,299.6853771416801,99.81450515101102,1.5118168331162758,3,1
460.19396623402014,3.4882941441867366,187.3669695097271,150.29318767197273,763.8463447543928,119.25062428276277,27.17139824933326,47.87627805064496,80.16517409428708,501.02639396394886,75.01455067358795,263.19369236356465,101.06745915848468,1.859719584721665,6,1
439.04450052424295,3.3746271362702327,205.82405510276064,149.2086733799885,815.4777823383575,120.28848894793185,23.45674971503042,54.51458275706979,83.07742139161758,519.5859064869999,67.73029226389237,318.8052932234346,99.28784331602945,0.9129668051534641,4,1
453.24687884372963,2.892257638066587,192.7285341016994,159.80218472927612,827.1669798499524,116.9501870015167,27.731476395831088,44.85435160960847,97.45822683861098,511.82676539979053,68.31360515234277,245.889454323101,96.53394378135552,1.980210204866017,5,1
450.6835775985572,3.1787442743946683,196.31935201601993,151.03359199681458,756.973806600938,117.96867953676572,21.516266642558925,47.478439832478415,91.51279645413481,540.3730842013483,75.27017841264293,357.7522748958927,104.60331072830769,1.670208453795894,6,1
440.22599478591275,4.073425726141917,150.24355884875337,148.01093882639256,796.3761140202982,115.9640666301309,28.23207942958682,50.358156383880846,85.45484075795669,526.2213590596601,57.676627576653644,289.85404750092516,91.74173217900439,2.1611066668138674,1,0
482.1591613398799,3.11586332869926,195.56437192567728,167.65500955185507,792.1748084895395,128.56665119869407,24.21738759626233,51.234434507661334,84.41574796287229,460.57999265678643,70.06491914451458,274.05114154538063,98.61038063992453,1.867465605498381,5,1
459.50878533477015,3.556843946366324,219.3873860481611,130.31299044827176,772.4131074083854,121.940210045058,30.0525112190219,47.5035470459722,94.96737245511332,459.40833245237076,68.00019325222067,291.5108261889542,97.41034718839505,1.4922835936826822,6,1
419.6228612001359,3.8022331919585595,187.37194888866884,158.04583828271365,915.0837426025387,142.56752472168768,20.435673723803546,53.93430034367579,91.69576748519987,512.4981942460689,76.80305602426142,316.68812575901677,105.05921550021333,2.6554284315045322,7,0
452.7968147215414,3.1235231995993122,201.05052736430633,124.93279252806977,761.8446823277262,121.60704551278462,30.290212137755567,52.95226150392362,80.28354686141847,539.620216976901,67.3587685251009,326.7141026770481,97.70558452835317,2.0412595521039916,3,1
440.07320302847415,3.555413142434325,184.88098586616158,137.4245717999879,850.2465147033942,114.49142529671339,23.915607012509614,55.69928302180851,74.41741013519243,505.7367021181078,72.58292484785048,291.7706606992549,102.18831778388655,2.4314294207126386,5,1
462.78650002194337,3.7813746612531967,207.20883352585545,131.81014301065028,780.3599491559429,146.70675374863066,23.86156223196477,49.5919903782647,105.0544146611212,436.88267721726885,74.60758484667348,256.8392875556343,101.66523398079707,2.091757230377046,2,1
438.1121889235095,3.503749796572175,195.66953604927653,161.72913803177877,745.6681905557359,124.13626377714336,25.58451645695679,47.43590595271829,80.22016619745953,458.1131433873491,62.53702002934795,263.63108599133454,90.8244082894644,2.2319975656035256,2,1
448.2789533779965,4.360520916700031,181.21516918635987,149.0188464960691,805.1407121577535,129.90124786892818,22.908763261597908,46.58683988993939,94.22157202640098,527.6606342346132,69.30314845863049,308.5916309622224,99.67176307545186,1.3195021376742777,7,1
457.57480918470685,2.9994202223365414,226.65102935330256,149.79745133110535,832.4546692193751,125.92102983202491,24.783012996093078,51.535137589646816,102.08554345870539,486.0541963633147,67.84181782957032,329.61981388531353,91.28632089112624,2.6390517519781467,0,0
462.9863279125518,3.8176185589651634,218.5786402706443,133.39900518405824,846.0254787532839,126.23011029297749,22.787121204187436,48.11422108594363,91.18078055066525,504.7182921281315,74.73146623414797,333.5242575475236,101.75642609227116,2.4393408251881477,3,1
431.9955538941634,3.4481594787810605,187.9018647214365,145.50459756100668,878.1132555327534,125.35654051352475,22.896809407062438,47.15415111159605,85.19650658826237,542.6167215660703,73.37540920406097,305.04277726232345,96.34839233011415,1.990579849663764,9,0
444.98248146238575,3.7315760464510026,209.95576618835554,138.5480204503633,947.262314496755,108.97915435223935,26.460657850901715,47.75856367877339,78.5916076664343,451.9116380952018,68.8339898497041,329.01898698544267,105.93334788424698,2.1440010469366313,7,1
442.87582033258565,3.632392145509774,210.7482400564076,155.75182522281324,812.5257101877799,123.67529047561412,22.29530351408945,46.58154757437874,78.47991570943975,483.43029376392184,64.76295974791974,357.37047652776005,99.09615950061018,2.5013029301131278,4,1
440.2000615113943,3.280053140867001,212.84602470022352,135.1336329700258,766.8453913087307,106.75138696149762,22.695417294983553,50.99510556381366,93.01355878941109,479.08508746504225,75.19073348010045,335.71043138208876,96.14971848897882,1.8139998979447691,6,1
476.4818136042164,3.568698917737802,166.11488208009845,169.94691547807614,822.6437163397445,118.25637163587466,20.881626250760775,42.93708408727969,101.60781058359987,514.2161014611147,69.66173611700609,327.66113704213114,105.99929433097458,1.2084597926677407,5,1
456.07472566441436,2.942629564580514,220.13213082065255,124.86629325563858,786.6893524796754,112.74382543436712,23.488207960115982,51.515081462374816,86.83632722636376,530.9155271308797,61.90811717166269,275.80328450723147,95.64054917645824,1.82336801280834,5,1
431.0867406849743,3.680974250171418,188.60602074148537,137.9022025131516,846.2983064926115,123.57470185848724,28.934806089171765,53.38274380201475,85.5542363028051,440.78930172404876,62.33809800515038,328.8785886128401,104.4734753067382,2.07619474607737,6,1
463.76792920582164,3.589447539797158,192.84344133117466,175.15800764949145,735.1417851817139,123.34126247338234,22.462199079691096,47.09560430911351,95.57984872648949,499.7785456333492,72.18816715036488,313.8369743366624,102.33764337009066,1.9837801039633165,5,1
481.8323429551895,3.6915980505929307,252.75763504520398,143.47291878056947,918.4167271200218,124.81145890765187,22.805100204438276,59.61018469803274,84.51242196876203,534.7731641618485,63.620969036172404,319.5193688510142,98.17284188700198,2.6587830786643845,9,0
465.4869789082672,3.817435497526145,206.03746761442022,130.27682003393383,842.8024047387756,122.87296572749088,25.581765839444607,50.08810655488427,92.19586326102737,425.8085419415666,79.29823746801807,337.83318836833536,93.32011097243179,1.5200488055403492,6,1
427.2094505106898,3.610285952062913,192.27355049105648,153.28607343806502,715.7997991101918,113.93174658213601,23.88761069860142,42.19328508450056,90.3344116006841,497.42430234241573,65.31464857820335,310.7567354510457,106.20831270908671,1.5833546847666096,9,0
442.7364889070062,3.5444268259394827,155.89411254488186,142.86911636678187,764.5485548842514,117.3899651064832,31.68446330004895,48.593785468316646,86.72425553137556,451.3686223686709,69.99819637321362,296.9236100801561,102.5023202867968,1.4709767491612062,3,1
469.00366723779933,3.2356794990016122,227.79528267892712,137.4619461657254,840.804052205697,129.20396161254484,24.51241610597123,50.31328072467898,89.87569473010784,474.3373238580187,70.79555983080152,267.9040257701724,96.14025989619915,2.214370547528742,8,1
439.38495801571827,3.286333770905285,173.09580658382794,133.56193783801925,858.8172028085727,130.678566772944,26.005655038652115,52.24483777785107,104.10521691719984,399.7986164207391,66.35311130381577,291.10451047064026,101.22302842297294,1.2369831234630828,4,1
456.65729142219345,3.856020386053199,179.93122193000994,191.52560408438916,736.3881186384018,108.5321690137345,27.831306354397967,48.71284737944577,94.83626355280765,555.7093647502011,58.800864847110155,306.3855680148805,105.03080949366243,2.3718781990166558,5,1
461.6195108014401,3.9309006217117934,193.372954018243,146.22672149723795,835.6512925216474,104.69072367487354,27.773733597588553,44.94214862147805,98.74000643404783,485.7668349038595,70.95447548808114,308.3285802054759,100.56009397098444,1.5335577393452682,5,1
436.0960429263288,3.4285668691063838,228.32823583400585,121.11648959500684,702.6330063669038,112.73110616795287,25.69986274467214,44.52509690943859,82.65044511263952,467.7123254385634,66.2338000494887,307.3162889601097,101.19199416326549,1.6134488201227415,10,0
449.107119659073,3.5138008241759824,215.46479973331517,172.405646385083,795.5332067264477,130.4520758203225,24.516617539941997,46.73200357409164,98.7674891808606,513.130681818286,70.58269213808222,328.78529579283133,105.16001871902014,2.8851126299956165,2,1
401.3809898989639,3.22861568750187,196.8432498031948,159.16606357665856,855.6023421051603,132.14884030183035,31.072085609137773,47.21112318740619,95.11216380375188,458.30759069251,69.38834473880645,325.9609410065136,107.68631387151588,2.6162898643478396,12,0
434.63418537998564,3.8518270535802333,206.16584127277642,138.5030035347032,772.424213494851,110.75288119598828,24.7007191740572,44.32512917550371,78.00323122752506,454.51021884474824,71.31645624035902,298.1373527563021,99.402004125191,2.059606658878451,4,1
446.21147772910257,3.6996250471075336,187.99228614257788,136.00321366970786,724.6538850430993,123.07309353736338,23.67492968671456,46.3359341944815,94.31832586696879,560.4131667925491,77.8093506032803,274.5821367763216,93.31278567335795,1.3444809247286535,5,1
431.28325227052727,4.082365230939125,202.79307379130702,160.10209194237345,807.310739818878,138.34431333140088,23.062453035117944,53.29729262219678,85.89380690564258,572.346521133072,67.2690849363644,311.50073810332714,93.48711843211977,3.007211228325429,8,0
474.48616955897455,3.2365030768460783,201.46673489556272,146.29622508765817,769.7640566682261,124.15311477240334,19.819590391879732,58.24206303847244,77.63357058939508,476.3174531087007,67.65577672828752,367.39012642846365,96.54503593580054,1.901839223782066,3,0
428.5478793305905,3.386597630294535,219.37539791362707,121.11033272332348,831.4779183032917,134.21503285233092,27.46484725671149,53.777308569354815,91.03820585862096,542.6941883966472,61.67101348623055,309.6372832583713,95.32554236790509,2.1237904882341114,7,1
443.39933269954525,3.5694337767576716,219.34356244877898,176.80859946907003,755.733678389097,129.987265700831,17.95579480869752,56.52930543093406,94.31234072850089,514.2416177595235,69.02408024450352,291.12228142880343,91.58765551949658,2.4559668845557288,6,1
451.96110865929137,3.6939468613177313,209.8795476441129,143.49014306676065,761.368155517345,110.89801293772089,24.982831477285238,54.87059234116849,91.2128645491565,443.44674833158604,72.04934994637483,316.0750845740148,109.23912501565775,1.018552396730034,5,1
471.61909933599173,3.4352997087357102,192.75304884907794,172.4335760472364,698.9498839561878,118.10018576502922,24.385418097185845,54.16565164199172,89.12689132123396,462.8747242460086,67.58252561214486,317.8720877628382,102.64049631138167,1.6799813340841958,3,0
428.4620677323084,3.23811167286389,214.83644588780254,169.17652436948572,808.4972355525741,120.34754478291848,31.71989557669434,48.31101868471336,87.35531729233334,562.0439919678774,72.08215250202745,317.5395180121733,97.38101201582505,1.9659626299831419,9,0
467.4474562823244,3.7644222586770715,198.16063067593907,134.9848568327578,791.9547530861701,121.0413338802134,19.505046313859122,50.704554391934735,109.73270407473245,442.92819868703293,69.11245737255405,341.18640585137103,99.8374157880401,2.065359855855724,2,1
450.15349591529383,3.7163406087636743,178.36171262573734,165.49784796544722,740.5807664629965,129.1632895343857,22.29669013904693,47.896903287719894,80.53944489177083,591.2399735229943,63.48866881015505,311.5827887086041,91.0680045624828,1.3481965789651675,5,1
435.27737023428074,3.2251177698308826,191.93424416178124,140.22836175204478,809.6899356883546,124.08684762275408,24.591710623955052,48.904464188331865,96.98337585885763,477.14551296352886,71.55992535591552,339.76236706231043,105.78660948954371,2.163168830657137,8,1
456.93155211394907,3.906632840331649,201.6905396756865,121.99949119794087,851.3535150322069,90.63799056221885,24.407411987592496,50.34083550193293,90.12338376711187,563.2325962517293,68.97083933217492,306.9070234121253,90.25194804228143,2.0168702019692746,11,1
452.985895433602,3.851059612758981,218.2043156732949,143.63102750966786,789.2216028290525,106.87159726907274,23.351366227569866,53.56783075789514,83.16426794986374,487.7774482142865,70.61378910704678,345.3749480252662,102.55013890822131,2.833658824512964,4,1
440.9967468426181,3.5402889491743377,196.32943655685693,155.9645625266442,813.4083474910987,98.12619085023957,24.7570362717935,52.11661690757562,89.61280759497137,531.9961436600461,67.16525058394792,336.2020558721881,90.8078892262585,2.5001453945028533,5,1
451.04703127485027,3.523879358712811,175.8160257752079,143.05895028005494,813.6655624792583,121.75365240655334,21.221311813390777,49.19085368492822,78.85653889929105,555.8013256048275,66.72298738504553,327.65398234658704,97.9299595244037,1.8653721063623308,5,1
444.2202960470736,3.666217331334772,201.13483366593638,145.39427488612347,739.783508641052,122.40487649467761,26.071578636984817,50.27769370445833,85.23607674554518,555.5981527072404,70.78705403776483,323.675572072887,106.21344436135446,1.9019652565243317,4,1
451.7027601787687,3.2414890789231228,202.26912080113104,167.15349067392918,902.8292910353798,122.83224958610718,18.035543973767265,52.167318370967635,89.62452539331515,476.62537876828117,68.84700043978933,369.04553031211253,91.83023954179116,2.507248385161444,2,0
459.9319601178157,3.5090094437492247,203.71675257805506,151.59740970435138,776.4575084938858,110.41071732285384,24.922691932368227,53.336972190289174,77.59106353120696,465.704476004035,78.62139124584633,332.29852765999294,99.2564554989068,2.1418121443252227,5,1
473.79025224218026,2.854284936617246,218.3974303190886,137.3505253307257,832.8058100930135,126.74144005119989,23.19892991720928,42.40502418371399,94.05106030790446,496.7515196099546,73.99365256080583,274.52048986126465,103.13885337863593,1.314433294656885,8,0
431.43276751759726,3.7629366936508806,220.37846480179797,160.5304548550099,838.4607638614525,127.16262496468529,28.04886382826991,44.61305518050531,82.28991167270775,447.9808151586409,72.72502129733844,307.37701654404964,102.32084750172193,3.046895417645139,5,1
481.995500619844,3.031552033267442,188.11578255236668,152.96513350431368,793.0202436442124,107.44850932794841,30.265933211899913,55.53655266969671,78.38623233589158,509.57056702442236,69.11259599249293,292.05849695318216,100.35092999889181,1.5050656535423494,9,0
420.7186830071625,3.9510259485286996,187.67713083902112,112.17592797806935,830.3397512529817,105.33961798551128,24.006843493748928,49.695652150344706,81.35665811337304,467.1681339088994,59.869882757617454,361.9342895039385,102.47881756169099,3.239484771699707,2,1
447.72322357446626,3.400963971810065,179.19602578089052,156.42529370657172,812.2909610908195,119.99868313773062,29.172177787424292,47.879617033165104,107.40763329468389,543.3083909417167,65.9620253619116,337.54312678786374,96.94588022197856,2.2139774610398217,11,1
458.82475809726867,3.436499905420647,213.97631340560952,155.87743061574153,729.1180121386296,137.9178227361336,24.05165115810877,48.68250263536981,74.17548686504928,477.19550335127445,66.7635327370784,360.9585307386326,109.66397927666499,1.6822793551636979,4,1
454.21487801602547,3.3116798281746482,228.9764021667543,150.3018169437129,783.3863649374956,136.99742742198643,22.10162043061273,48.68147347211723,93.48898471015832,430.3096412207992,68.62507806855044,277.2001641529565,91.94691073554083,0.8164836579406121,9,0
440.6595072026911,3.413588337823377,193.69836144182153,163.37550871604364,769.3724548822969,125.63404360448052,30.23771089655686,52.789688907621866,83.98690983184571,556.0365910467718,69.83320250305023,333.0502403564989,105.81035372164388,2.3883822346241828,1,1
446.87816624464085,3.925559403544411,195.17138870550014,139.91409623510248,776.9127479326936,112.70003328419924,26.56232933420202,44.45991803009616,87.19897462785951,507.3347201332745,73.28037482742748,259.06413050891905,100.94747268391758,1.2248447071903994,4,1
442.60498598011753,2.753657403039476,229.3356511379795,155.04749683231353,734.7998411081682,128.86842659488585,25.013315567829444,50.123888732483806,94.83144742944266,501.1653956168029,71.36572780535033,252.23602997586053,103.08554615682175,2.1786472791841094,4,1
441.1595286458368,3.8830896158264565,210.11115706430016,126.49560943248972,856.3216858373015,115.47575735190958,27.061532425295944,51.23058864725202,94.43854971871136,543.7757913978484,75.79601595734952,288.0913160257772,103.97273008791869,2.966816351261193,4,1
462.7440314553154,3.6014070443305126,208.7247140960211,156.1063557509825,880.0996327306707,112.32492963326189,25.822645105390503,51.981339582827516,84.55442864670567,534.8630600919263,68.44049013240375,345.37125412487114,102.77814301731621,1.4311605673849426,7,1
455.35523228947574,3.137893505642835,176.18166988052548,179.29589543309845,848.9001487999204,98.56033168378005,24.792341776175444,51.114319981051466,79.13740794693365,469.525858239583,71.28581472085081,270.22154877138263,95.94489119720515,2.369027706036503,3,1
439.6063560710902,3.1774062820852285,213.57456138558837,135.0771547129869,863.5264612073571,121.02382198347652,21.02069551807601,52.579531151570144,94.97712778960512,482.0087357589536,71.719221138894,299.4956445953027,98.56865155255609,1.594200192571056,6,1
463.49399813149876,4.002917908162461,181.41727318980483,138.60296802018337,782.7682581495922,113.70132650862625,24.1883897885162,47.13651924470844,94.41901754407475,455.4817899976265,71.22863142179294,335.66528604617656,92.74205166470584,2.5665747683844513,2,1
454.60949281314913,3.2163479360171805,177.31959628130085,139.34976835662673,768.1871582506982,120.96430379528505,26.86976627037542,45.29098633837522,87.72024392969449,441.4219177950074,76.40945123970072,325.3923948347791,98.50752136994289,2.0329113399774026,10,0
462.1929317825844,3.1539948468212122,193.06456846466577,151.94997338702393,761.0706476594145,97.00642303762939,24.63168572293957,62.28502221625257,93.53555507046703,523.1437013966156,74.01887161373597,366.48559736138577,101.61259497404221,1.9904683010732225,5,1
459.4444326288542,3.8411943627094187,188.28414553102618,134.05445590719424,832.2032461478611,121.69826672583687,27.706977283391158,48.49367657712882,86.43336415219572,515.6873724016673,63.402983902492885,300.10115976629584,103.03564137678352,2.6036441557376104,2,1
437.5650748361689,3.6015658628857743,195.5680061122992,156.3187106803647,811.3531526572075,95.68878836028372,26.150965071600368,49.07772764672716,83.3836994797217,530.4331684609007,69.4283445047033,286.75111366107996,101.9571717249713,2.3126462205751137,8,1
441.5972843970454,3.21862232703908,171.18036730950163,162.7025991820375,796.1389144200787,130.87940253268553,22.36559104574378,53.389200488589424,90.0316974489686,551.2642176598378,69.93013158885103,267.16556756763066,91.22455129284933,1.597655480737752,7,0
461.20940407684895,3.564987492621386,219.17632612935344,158.01520820180676,864.7574272097671,125.21891234135084,21.04248412650363,57.98044646097121,94.15226192873214,530.9789917970269,80.75770531847503,288.96000179647797,97.18913033789636,2.8935567108771503,5,1
459.15555398150195,3.1922741949079168,222.55372589032856,123.47376861542891,820.2470676907672,117.21335228575413,24.528464500209495,47.27735941532652,92.47400215641947,534.5383790522103,68.35104409377266,266.89203122442285,96.68875255316236,1.2320867579902384,6,1
449.6864760905378,3.8302464195267816,161.05315051718372,164.9275149773791,758.0671181239708,125.62719860082079,23.42731465568624,45.00592365905237,94.07330144061338,416.8815496731145,65.08758048331909,246.10664160271156,93.44916033378321,2.137848547823812,5,1
451.75991074963173,3.81841128946194,219.56915611333102,164.0605112138052,765.9545585432153,110.21925737336447,26.008965428865057,43.789233246041945,83.915369013687,487.72059032300024,72.19162714738322,358.90177744026266,95.8203329944812,1.588567654555351,2,1
469.16497343682636,3.659601859646583,183.78942740356746,162.45242058519457,834.0996649627073,120.72375515614893,22.84558702371181,57.96553110751463,102.65504899806602,538.5830597867995,72.4849285981189,301.46720397826175,100.00639590184755,1.2563876462210675,6,1
441.12642916746256,3.608498318374105,217.13951073965572,155.5926337298374,852.0866426327299,127.94774038460335,23.15382302273537,44.80946506769483,87.260953157291,453.27165055179137,69.63113568135154,377.74400613687385,107.06894260389214,1.432909495100139,7,1
458.20646071755056,4.0283564374602125,198.63107014667168,153.302839713077,827.5840116127985,89.05710750908611,28.159209152784737,49.862220317422164,89.04867478818727,503.66685531351055,68.89869498514555,274.82134689982547,95.23467835395502,1.9753802400796847,3,1
446.9671102134916,3.4999058982164675,200.57551128161998,165.48584097189595,894.844437393604,115.52775640322476,25.444608905883694,45.113575839785156,79.45075272625706,520.7785776245403,74.74451978031043,287.1357417388797,94.35567782497151,2.174863382074284,8,1
446.7347819515917,3.1454377623737595,196.29804701157562,178.8527023140518,881.750358286571,119.77355869863625,22.89181880371812,42.75822041020848,88.44915874962173,517.7141397535395,65.7320092287009,276.73892964728685,97.00263778177722,2.529465915599709,3,1
466.48165277980786,3.634842173849692,224.24258408466972,135.70439304952725,822.0517917425382,118.03706382254234,25.05292542620506,48.53812323453157,94.25790189481214,514.751852318332,68.29523328565732,280.77731805021705,101.68733193543055,2.7380182546968372,7,1
462.3812452348204,4.125814114861134,175.20823974949943,166.17188093692158,758.0709670259249,134.57101826227404,29.136733729005048,45.311066668294195,96.10008490154132,523.956508761823,67.38925068943306,326.2081123262833,106.11853945179271,2.1388435735520184,2,1
462.2026445400096,3.195572152044244,212.15680677470016,148.7067435298882,734.5006244134116,108.76098875077116,25.881360064824168,46.54185787288343,102.49552589749426,507.22975579712875,75.46947298810294,316.9897189879312,99.56745546155015,1.778403360564596,4,1
469.5821821073149,3.3915611699918045,222.026603297791,148.054904219571,780.6309127492642,113.78840756554771,26.77885242827539,60.03052548708702,94.16187916660368,441.48287170435947,71.42747101643172,326.26228276253283,92.77060627023994,2.519508653502295,2,1
450.3150576244914,3.6249338114304357,214.32680161080822,126.95203964426942,837.6606723208079,100.84130973691552,22.743296390417672,52.124480520862015,92.21530556639763,520.2782214161398,64.67502951339365,340.2681477645582,93.83458585859975,1.6926792578788725,5,1
460.22929456942444,3.4838285452982785,246.49397828646835,145.72815885726908,891.3323539655969,135.10286651273145,28.0792581314038,54.65734759776994,86.42963910788545,511.38986242214975,65.17746803368615,333.2206513250245,100.94140694329973,1.2021927354843254,7,1
445.34599865109817,3.2053089258868055,189.42106474550602,135.04102563047377,820.87235172054,117.537098573912,31.954306781391406,54.123297814246264,84.70607673413595,442.01006196578186,79.36707561806075,269.7453076667404,104.97627197338028,2.4695057562213356,4,1
454.8624952873266,3.8365573568691413,219.14609645187062,143.04218355741082,858.4361397115619,115.61591111963293,22.62559707246144,49.49569538460488,97.76198811734524,555.1894084434629,75.4160887405352,284.2854430899292,109.07870962420641,2.6619559259067462,7,1
448.0478541844847,4.196012216605178,197.8781872931716,133.52720424332776,787.7346256906098,119.47517317689287,21.454318076884032,47.80140820311188,97.60856281391126,521.3535079899216,74.2077514076174,303.6444843021491,94.08799582548632,1.5890941759631332,6,0
451.45493947489075,3.558839437707172,224.6681215270534,143.2663741903049,831.1384562613775,126.36235828430324,25.526626731505445,51.24467305930558,81.38389839320982,444.78606716090167,70.0612347048667,411.8350003428956,100.6988719064216,2.9804115817495,9,0
458.9273553815537,3.2287795130792,199.8462200855726,143.90834464464896,841.1678414738586,123.47363403516124,27.62651514953323,50.84225384966247,95.78476709722786,467.31099344111396,77.54236620060205,323.17200426394123,94.85077481377401,2.291526159417936,9,1
437.72668975149793,3.0353118424839574,192.24248436275062,151.451323776582,701.0202862073736,146.4788421355709,24.725830983849217,47.15597291417346,95.20306953116673,477.4379183301528,64.4829760701087,303.2006642522037,95.50686662207687,2.2169809889824466,5,1
481.3858091352819,3.577392794366354,226.12144407743259,125.77875206563003,779.3280598811745,124.53935888403774,21.840380811872013,50.6492391523343,81.08952891988645,477.4094624479741,73.76483756102245,320.19824165237253,95.08344133862579,1.7416569505995316,5,1
434.90973927750446,3.8311632029948774,190.1687612196214,128.31722778382016,847.4850192138935,115.34754570830918,24.67424751465883,46.46835146651854,94.32365443831341,511.7220075527377,67.78363246737219,281.90657836767434,98.32869417612733,2.508644384121781,3,1
431.78717080818404,3.6425503239486146,171.74548482198887,155.4287140609579,813.7234167818283,114.38643262476053,26.794276818332364,49.1427103467958,81.60362832414555,460.94592995766953,68.75553340172385,307.8727653300691,95.58860457013765,1.2378109364286072,1,1
467.37166310250103,3.499278847724344,189.66306233652344,138.03842824394852,740.1742475924533,116.0724104758319,23.778904519161824,48.323582627413316,70.5656562586121,545.1254698848774,73.62894632416193,328.63986554430215,112.39423028466733,1.8301047772116477,5,1
461.87494040944404,3.3232185044632083,212.38065893177065,166.11794685344896,678.4938812136322,104.98163075370162,26.821765053264766,43.6556370369711,88.7191806904636,541.8321380547196,69.28221245659246,299.1301294637598,97.70162108357164,1.6334183820188883,10,0
459.36179725578234,3.1723509101845733,227.84077503174183,153.3790458302257,781.7109627348997,120.39864207491586,28.49413235571973,38.24420893443915,92.06251764203991,524.7726923839836,67.8265007026937,277.30340237858434,104.93889055429746,1.3455336249263063,6,1
459.4251826389642,3.7504253978974647,202.22258750593025,159.1014322530961,796.420715355306,127.83468106208917,25.720691877311342,45.30468375030151,89.0794335609351,501.76967101575406,67.52421175956037,297.66377841960923,96.702361626826,2.4314937276578283,7,1
449.8162984072963,3.774131486415676,226.3639413446805,171.16038480631343,755.8038525085827,113.86636399376764,24.916156686165124,59.0205233229315,112.93685453750379,537.4979006060615,60.06827127244438,290.4127017421145,111.16620264934114,2.1705692382954496,3,1
436.54118442771255,3.03628106399278,172.83650157044812,145.3543378229014,807.1542468513998,111.92619943715889,27.488031775678845,48.45159108981636,93.0308098338798,488.9620910878396,73.81601809637829,259.28617740987306,101.69532490709415,2.402345752597079,6,1
451.1370683729059,3.9769516934542053,191.13473070364194,141.38269941875586,825.3193373616448,135.15945146294234,22.43169751768831,53.87984080448202,91.1771345543896,471.02044554467165,64.96684963600603,282.8534351942218,104.1846586476401,1.8608499955382403,6,1
439.84257432731835,3.6722213662682,194.22849765691797,163.0755387839822,833.5343585363116,105.73516843378835,22.135870498921232,39.37777428453321,93.43673042651272,547.6043858247897,79.2920470282964,258.2156164100867,97.04461245197031,2.492539775986541,4,1
464.62679600126626,3.919878393543738,197.7088114505496,157.64270345894528,682.2040537533838,99.32181623522699,24.200283145213042,44.95856966017836,86.46944796479922,512.7017102807604,68.56193725092504,262.8961532851193,104.88220302551188,2.038570878157598,5,1
447.79413927746793,3.0973616754544655,201.68188776500392,147.1900453526805,734.285745109594,108.47098056352617,23.5243616355566,43.22755191318825,97.4358324967483,472.6376943767443,76.54719898722979,265.7716653640059,101.67444512908959,1.763926833013776,6,1
437.61754204811234,3.0902527533753683,213.81821914784385,170.87186950433914,784.7688675822632,104.59567282875703,22.589974074128573,48.98849994956443,92.88801556941681,483.29030531833683,60.954844836586595,328.60353894677587,98.10511227062398,1.6805556172178138,4,1
445.1792123752051,3.455309207069811,191.1038632365902,146.81633535240104,828.6086565518732,123.86226064104582,30.491405424996323,62.109777402676215,92.52137363113992,470.5428806493893,73.657415105993,344.674951900785,94.60054281785185,1.008548116687565,6,1
456.1939718141344,3.6508353280685584,202.7805737390625,150.49160456333672,824.4617006775018,116.39295499550427,31.515979628482874,52.30119471613959,85.00703821706449,580.8869943531442,74.94277866255906,253.9176096888532,98.81228244515212,2.5821856517084685,2,1
441.5441317079404,4.038908246878089,199.09754219351896,150.3183397625139,823.5934973938338,117.80312954976161,23.938884873233253,58.47806266639043,77.48535738840725,500.16393749802097,76.51781817182217,347.4055099882347,98.38428260688767,2.525452584467379,5,1
437.6666940665035,3.7118236741445396,181.482201922177,135.98109157652294,780.8291029015534,131.52934176974773,25.275156849245096,48.72781636157168,85.98891128738167,506.31085245014674,62.359806136066936,266.2021748111836,104.34514138293213,3.4636844491090906,4,1
453.6553081723787,3.42719561695639,197.7266662183713,151.16378084229586,783.618328134502,113.08665138837223,24.436471539808625,56.82434686927536,92.26107085007914,528.8487619144776,66.48640681456536,322.40640281917075,98.83875567201169,1.8326901476714428,6,1
453.67449856663086,3.1920892377002326,197.12680940205763,170.95140266097738,763.5835365789129,127.75089411745641,28.32249772035447,60.36628353341445,86.44240416204043,451.3855606957198,72.8825497637804,307.75675712298914,90.39228148357758,1.6666031988624361,3,0
442.39585236943304,3.869000171815745,196.69838869993907,156.67452473064264,838.4097064052924,135.11322799203202,28.91693668552014,49.45315466794771,92.33381733653897,543.8618906514489,70.74220989422055,319.0755463413856,103.2309002425159,1.149282388704549,8,1
442.9344254157252,3.2105883722747857,200.635189131629,150.46595139598398,753.9755606130211,115.4433750198634,19.66820860393106,47.303676443863175,88.14110498514957,475.6861547684859,71.46679821281917,265.02770841567116,106.46583290969146,2.479983171899536,3,1
453.48074906036453,3.9885405664316966,201.5134708122677,147.57349078251497,842.5018197594785,127.37022855556313,26.428032400196876,43.41094531504923,93.44463587701219,573.2006514446059,68.19856697095334,245.6292815198368,91.6696625748578,2.364913217272831,5,1
428.27873487754016,3.414684605118047,191.35409641785338,154.96300542609526,810.3926619068823,117.5818208747102,21.079535976516553,48.45469870711515,82.18540699299749,487.4936507994163,77.75399307527846,275.91274769602285,109.02365306698027,2.775889959649218,5,0
428.88804338435165,3.977174621785355,225.4542946794253,161.24649942733777,797.7477760772423,129.24098128840788,30.274816473625833,50.409483376003955,91.54312009508065,541.5056005905275,83.04232724139906,312.8060594988197,106.98325901576676,1.5416789902890469,3,1
439.2233366812135,3.7036793870177833,176.61038741593967,159.1385824633463,767.1644800111767,104.28510812423727,26.320744090631194,60.15476808674575,84.87236682918882,400.1280753152365,70.51989962004545,358.7071252645758,96.84559667433514,2.358182782232588,5,1
446.79829272432227,3.4589013531672625,185.58059783060207,145.0220270726703,732.2229069417937,103.54487754874654,22.529951384912092,43.52513012951957,77.69373646295492,452.9946769565612,72.26710622752626,269.10829206941764,94.41420196591177,1.7389797118273398,9,1
454.6636134839701,3.344181088452162,255.5992724844711,154.8717239116517,767.6173621810977,116.0873228509246,24.27603583618644,50.29830946848489,88.678767015773,488.25571364009494,70.28121872811408,297.0348754005507,105.26488728462608,2.6718580969737578,5,1
472.13034325424326,3.397727636796176,179.2401729002154,157.19909611722417,783.4996565687557,111.1107519094023,24.133068225201527,40.92845939305192,102.29054059054437,418.76868007500434,76.42026699523718,277.52762404471144,93.15175410230967,2.268107560746141,4,1
462.8648943480303,3.628495007712571,172.9249065058048,134.89207518709532,681.5487844209374,114.83290890570115,26.575338828657447,47.86618585580716,78.33138873723215,524.0353779536562,74.14558142128405,299.48321451670967,96.65829710891296,1.2221529844962635,12,0
447.6009220505486,3.523146948865315,214.68953490002437,152.5234581177554,790.1322422332668,117.80473417552861,28.125737812532435,51.556976787060094,90.95513800315359,512.5183250174499,64.66809714681578,242.07643916911013,93.42435129246857,1.934401480161028,2,1
449.71475688145966,3.3218565775793882,158.45760292452252,117.58044170546458,846.2178684013003,127.20013531836251,21.55537812408487,52.56291576344279,96.3806165061138,460.36689400560493,66.93648994752678,344.94130006169706,100.02953904740453,1.0259428988117933,3,1
434.96205953043284,3.45031057690471,195.29452180055122,157.23800564731778,828.3608952716936,115.92339421434065,30.516263502736344,52.94511539820961,108.40024548115561,499.3616548054201,64.95351603497056,300.72108234858916,107.32592571686064,1.4183591438658663,4,1
449.7223029601142,3.523573108915745,242.91649850152976,159.90514581844022,775.1897062129246,111.76138689376913,29.81707032346253,51.98702016443423,86.0565361404265,532.2590891969251,83.47411166097756,327.51496991958254,101.87458417175664,1.4486012572531657,5,1
445.6701204161979,2.8613797716755562,169.10128155693198,161.2131918867969,802.3468149207614,116.48486623241101,22.374029297226862,52.902109700481205,84.9439951631655,415.8780193252011,73.17655891791034,293.0339392989268,105.09037249361413,1.6795292753678621,6,1
454.8407784050713,3.6374504344366096,160.36071028522574,144.0742972174565,772.1917715289001,112.30854720193382,25.218405383086928,50.22869564501332,80.66646243248587,449.0604393506137,67.02156886945109,305.71884228380827,98.24098762232659,1.868657107997678,4,1
437.59153584671515,3.206083632584958,170.01637596084603,154.63570252536053,807.4380366667848,110.65994497937285,30.132425632342947,44.760668470055144,99.12413067876976,486.59646803106625,66.6222397968758,333.8661747794024,100.48651414680923,2.0822915475380386,5,1
457.7901977136176,3.1540002790382764,217.96719136693972,171.3593076831175,877.0053911872016,103.8698318642303,28.698755760032448,40.741715181599716,83.0606853660874,500.94894506529903,74.02615636483455,303.95150469282675,93.86781117675235,2.0572728503971627,0,1
472.99108369503864,2.993796695866787,222.49553439971623,171.20654472436888,848.4249401312438,120.69478116221079,23.98977090985631,47.266560891313915,87.0352285457972,497.6555431359383,74.52460074829567,305.0311897234637,99.51557035730842,1.9880700852999116,3,1
448.36859777314714,2.961832250639633,189.74822406042983,149.5624095116016,826.0397152846376,114.31294293402946,27.44301944370362,49.32692283468385,75.20849698102995,535.5717914174285,73.99053856542206,276.181768721235,96.27014945171729,2.1661927140240467,4,0
456.02567583148414,3.0933657490663133,213.66424808002137,152.0897944609434,775.3557543808141,129.66278739234673,33.99159487515742,56.2696589858774,97.07177474142821,519.0884498262159,67.8722132067514,283.967293149627,99.19864850811864,1.3751026793295607,5,1
460.3521598756667,3.287293712710853,227.8051065502398,166.6636671710165,837.496919647242,105.5260390794106,25.315479945553637,49.49699162421906,99.26606624622421,527.8653936228424,71.52921822207088,269.6155308647719,98.85493963691015,2.0365893572524087,3,1
443.98169292171247,4.08597774125797,235.7469282885965,127.48796977106738,715.6561524313473,114.57916444952122,23.102055245679942,49.01715482891654,96.76620050867493,444.4049706878254,70.55457548816692,277.85947234561,98.42780060992993,2.717229513259173,6,1
453.36138722715623,3.3422360972314387,195.07329437640303,145.15386385984462,787.3823259004555,138.1290722065875,25.517259556274198,51.9276356342089,77.15739774917026,505.7929541919752,65.31869813780787,337.536873313925,110.53778499965087,1.917098586568041,5,1
450.18888601172694,3.5533250318804095,153.97056564660028,170.03355683305134,829.1855709911974,110.6039048290215,25.739656286491954,48.64994006274399,94.85720832623446,487.7142996304823,65.36753078561989,354.25827930021416,108.83772326355962,2.247336382783233,4,1
451.46514147823245,3.6201444159518985,183.58242155180628,164.6280081252715,837.0210607023876,117.63466747903875,23.426389782999706,54.05270999473469,76.618636922208,558.4828752667507,72.05982522271567,262.5817534611183,107.08071190770872,2.2008123558466726,6,1
438.404853242168,3.5393195558647546,191.46391610129484,155.53895666474858,833.494224510787,107.84156017174632,26.32487520344265,59.896668091919395,90.46432241651392,506.975825495116,70.9822554052183,311.8551535511033,108.97529483748629,2.4311342153012916,0,1
450.36765261388416,3.476766961782202,194.8212240684322,127.4125139200407,814.7415344604847,106.51572487219019,21.236796820817496,60.953927571053505,91.64062063987038,473.2378426113588,72.76675855421105,290.4692582939867,107.09651324638934,2.14356944986869,5,1
457.46997436868173,3.141411870920227,196.2428119798256,149.25134650438258,790.2137510458059,135.47310983087678,23.003398398973964,50.485203136222445,92.48146574486611,534.1000510382016,73.95511519346859,341.9090570014729,99.88811332944914,2.422682614349666,3,1
471.7671541169256,3.9352782644837636,222.3778919586134,141.151269056251,826.8987984913244,121.71039492637148,27.274734328464394,51.68446182347724,94.27709226109975,522.5319118345859,77.49691311248765,304.0458065453376,99.37545197480407,2.253645689588722,5,0
464.3890623912781,4.042158993091365,225.48856853375162,154.9655835422582,752.3569479706849,121.33678838237623,19.735387445373245,57.894280601867415,89.93573117152582,467.1359330943808,66.12047806941976,299.77572885777397,101.17700125260289,2.3286425043470413,8,1
482.29773686267333,2.9952023917631942,196.56652692150433,137.8597997280768,757.7661368353375,103.03683764883777,27.70950277598433,49.250189885518644,74.30056389817157,486.060411889233,73.15118099362691,277.65692063520794,98.94657540642294,2.221063821139186,3,0
438.48978655667923,3.192791422734086,221.96969752103638,134.61414907538088,803.0867338230148,123.58741388108302,18.96405590288289,53.395960709620894,94.28096807039626,486.74214161566556,73.74599408264342,254.04659882722757,94.79977309283774,1.4966053260853205,2,1
463.0848095508102,3.4160568972868983,207.15322733262178,119.02702083474537,808.6598821354373,131.57421945993826,19.806026263371056,44.324199351570876,90.78086512902199,549.0984436911815,68.43934793737277,322.82815448248465,101.48302627773508,1.4146178266536977,3,0
452.7501300860753,3.2106386615269424,201.29011945725142,168.3270702746505,708.7192410717677,131.4947706082853,23.503063770832345,48.44580425862501,82.77904166903014,508.12967495513766,70.60931591784635,310.5893572425433,92.16939458223335,1.8233862707478687,6,1
482.84704399826506,3.6517896660367595,218.13088314219928,144.00344232835414,822.7573190474759,126.68333229606161,25.860591528458052,55.780573083226535,77.44482063090713,529.0712991424068,68.56720721651963,311.3233242156129,100.6882082022818,2.775820264088175,7,1
437.87552571967274,3.281518339278016,201.4450409647583,152.357186755538,838.6364188959697,108.70514422404597,28.975790809382165,46.409021831061885,102.32017748739487,480.2691311547967,80.54295191678588,282.02018692024205,95.02613557461927,1.9141734780363409,8,1
437.40417236728837,4.14951682034198,241.15622354195523,149.96642825288728,796.1357381266853,123.13123417192992,25.172868289478785,49.35974410635161,99.85040430632546,513.3920116455777,70.52426345220553,295.62694663469887,99.59480564814649,2.154779742379332,3,1
441.00911031833965,3.857164578303079,171.23177666410882,133.9884910055925,918.7233141641996,126.67584960476607,24.26033917727203,42.128951771989406,95.64765925845964,552.1344361171863,72.25752554355697,323.7321295834075,100.95601721269567,1.0163468387387025,4,1
418.1415641353529,3.5637722091896644,189.69658201815963,131.1140263282771,765.8532446842407,102.05556414911098,26.738743743954412,60.02884147254818,84.58960071012237,485.5569293899741,68.68007851541394,329.46337889193336,98.23573264298591,2.0968709503340532,6,0
442.11367467478857,3.80809587899592,197.46962206092098,134.92027311004148,781.9456418306565,108.78720408518215,22.387303538596196,56.315140349084515,69.86403558230786,504.6061921535111,67.60182716874606,264.6458515224441,91.79744568564672,2.0429540092083154,5,1
438.61301007669454,3.831770127307193,208.7890538091598,139.1524734175591,780.2466546936396,128.8815732174344,25.418245478039218,50.94049783076374,96.11743340348188,445.4677497504957,63.489986691491616,280.9995578849581,94.05990583275242,0.6633405210867975,6,1
452.2559067971431,3.330815753582527,225.35920974206178,155.4990937052071,796.1906194354491,128.7604577667193,21.40166122613392,52.53756436041164,92.9334941908406,469.3776764035989,75.49934312362666,258.3034973378357,102.29121810840024,2.145444470985394,6,1
455.1263396366574,3.2551348266374105,199.51202865527688,138.06423504719083,783.5637593516855,104.51416966378608,25.24777155062624,51.979490534716845,87.00270152742259,486.6222843200871,73.84218748698301,306.037932377801,97.21278903076556,1.1745097216723837,2,1
478.1425625882383,3.5234429188908942,171.55540700987586,176.19735947391933,729.6594727697563,127.95021459269172,24.61049102245179,56.92155876515393,98.998450453583,457.56642764193117,68.49451777780108,326.5301493630968,102.80424876392198,1.6373254175439618,3,0
464.25635757279076,3.7584908373493833,216.8502779291001,165.40726553839727,772.6725851881762,120.95303399153617,22.58719623565175,47.405999788143134,96.7839802717028,552.8789471008739,65.49815048468028,291.63853448851745,100.04850645815785,2.497236006637472,8,1
441.3464451650639,3.5417181195960254,215.0991753228393,162.12539324498562,795.1189652112962,127.81008954607151,25.495121909613218,53.661338099641156,91.4087639058468,466.4797191903395,70.89954263210072,280.1143010700086,99.01084054444762,2.078725763418866,2,1
436.5237799297746,3.0269010553427007,161.16282681241188,148.20511646290274,861.4286041030998,113.65478676566059,25.475648959478928,55.387082494260866,90.2804673429689,531.4719436846898,67.51151596851516,289.94094438584125,101.73821794060764,1.7757749545151182,3,1
457.37878757259756,3.2591526668147472,199.92391732658402,172.71421103580727,910.1121636686456,126.45183496480902,28.526362037017403,56.07662985238228,90.40774174079745,507.4734495012591,68.88978715683939,369.1893994492946,96.62551464052595,1.732962400326398,8,1
430.19650189469036,3.4778081409216868,168.19716338639404,146.72991553318315,866.7736948925327,128.43828774485624,20.18309979081164,38.70314558084151,95.43951898267797,501.2340779404185,63.68220027698558,335.75784299770646,102.00197459036542,1.7910038831834152,5,1
477.4718814878153,3.477300318702251,186.70697804995876,149.5310787876863,761.2310485163697,116.48665064544288,24.77185327690887,47.00362760867428,83.1401892276561,559.4465457986063,71.08534790324015,321.92991518188984,97.9024645875982,2.0804444772453996,4,1
467.6916018108193,4.091762653036943,181.943821460744,152.54961809623904,765.2095194686917,120.17752546173286,22.71921280088956,44.90414689349048,93.40786497428029,409.57598812289683,71.18501600994375,309.60203686748014,112.68142779519718,1.3996785713020694,4,1
442.96236521842945,3.0842036172803007,216.18529396483973,160.52734560815017,792.0335711245325,113.51478370495346,27.609286174528876,50.747941427853426,82.63527244424327,492.1518041270758,75.47361442119842,299.61775606142857,94.33032191431958,2.562208734073332,3,1
424.3029820636368,3.651676772550762,202.33660348344367,159.5536211850448,889.2279444426792,136.5163894868588,27.261736195576397,39.91984890242864,100.69244137401787,456.78478653738233,69.24629215683697,272.80103507713864,98.21375684967978,1.4262181605612265,5,1
470.3080856124812,3.946733932498487,174.28817998487943,142.87312082333096,791.7287973909054,118.79728060674233,26.523639535205863,39.771885545271985,94.25702857260188,421.5431836346785,68.33218761398082,268.14928727075903,98.41546501523723,1.1364712335801905,3,1
448.28190232121074,4.181434923626838,217.60131925914683,142.0050942086107,733.6246254731285,110.77975674822818,22.88850022579161,60.8504749593813,84.49417390688856,452.2107306496923,62.21619566941388,282.96267970460366,93.24067219469565,2.4955765659735354,1,1
468.5672446796019,3.3786807730448114,171.3238835214317,159.59854435728127,774.9411431523482,112.8417408612525,27.656411748820286,53.088446941316704,90.644766592238,500.6895014001228,75.50480474181315,271.386603605939,103.62906294549263,1.781539337970266,5,1
426.0835851180845,3.64742883581606,206.60227580941887,160.7285487583685,837.8528000909708,121.26770601142113,20.409607213770006,50.60504621599406,83.16970895977568,470.98611483174216,74.4641155827848,281.76561113940465,97.85637959459709,2.0352297953295513,4,0
441.0093746556934,3.670928107159594,183.7197866141689,144.09973312765692,834.4970138448043,127.53331171778211,19.794067889221687,51.81836323919491,102.03290270160636,535.8645435930059,70.14369220703401,296.94313121641267,88.10110889162434,2.3273155085047508,5,0
450.07865549577275,3.5586445194659873,192.6864583493896,126.19217895482319,789.9891666754172,106.64173154849479,21.17238700029423,50.7317046187459,102.98300787576967,491.4461660823468,63.35384472734814,299.24095234311125,103.47564285772667,1.6402815260527237,5,1
450.7047089064711,3.470346439628208,210.08541496076768,146.89025855987634,834.1707336780015,138.4766000294245,24.899575569019284,54.98675328275763,95.56978946050279,487.0104658111623,63.92736484455929,281.3885617384658,96.81915609323572,2.068572876176706,1,1
443.24901792781134,3.6307926168500138,210.42898798119057,159.35288698238787,686.3413898726584,123.08675294055617,27.02549320296488,46.83777903968011,102.45325254123662,487.1887619797563,67.26447035617855,314.85628663920613,99.47549288540117,2.3241074907942685,2,1
459.3427489852125,2.7403261744340943,226.7393814711192,177.0812526962967,805.1914617516348,124.66455972969412,16.07190257797143,50.93307413036785,91.21436759098,496.0602237548184,74.82612854433332,294.3298088355485,103.38411289927929,2.821617442937488,5,0
433.9856935592611,3.7046208470187896,198.35492600657093,132.03063056489006,843.0342710684315,119.02810456176563,28.96822849563936,51.13710633968858,96.10810053739837,483.2608586022899,71.4516881762082,306.4409589353454,98.17646707488943,1.7444705537506038,3,1
447.8643077246806,3.53785337109859,206.12901725926682,143.6014312075414,758.3568362422733,120.19258967351125,25.393336588535302,44.76571020770831,99.79779617527805,465.94985209743345,62.533214055591124,277.66228845199277,98.13551680296706,1.7685263998205831,6,1
451.8044344756785,3.4332575309665203,191.2452535519135,144.15894657711937,758.1830731751857,118.51716862072597,20.296682957230676,56.38491529531526,89.95405123587267,539.5673953590415,72.02105957300111,320.78617663530025,112.32350992161082,2.281663309662664,5,1
457.7165825108812,4.114058658715868,203.63979765245594,170.33708009147253,706.6775923618262,130.17795969035961,25.302840910868742,47.77161630049295,90.56883085853876,475.03619798444214,65.80426710414571,283.9546169924525,89.23127125932538,2.104296482029419,6,0
460.6742231713333,3.2975197943628345,208.78972096017023,149.47587749312052,879.4947797405347,119.92071412546629,28.27757624403526,55.087108349044506,97.46925281143118,484.6589353461526,67.38893886743928,348.2566271021597,93.57017256685278,1.931482120252585,7,1
433.13036862243194,3.3790772032804908,198.03380305091247,136.390101609416,763.9923011489217,127.6705021849271,26.798323045918778,50.5745636318574,95.17198372476794,517.1762032036124,74.85869006260853,293.25025937726497,94.53969532537278,2.7963449912542933,9,1
426.98828743896564,4.09746599066142,163.92499031815007,158.38042924382728,812.0521638931056,115.66152476647427,28.2972191876619,58.16792416204529,83.95631423839157,512.7496498462901,73.82752041890416,297.15947815516427,108.94511370454505,1.1587813653442112,4,0
469.16515232847763,3.250381608545043,206.62941792661792,143.93042219938582,830.1958520741687,121.95640528312316,20.901260111808668,44.79310455739238,72.50536502982825,464.262477506158,75.46549941412712,317.8076545902668,96.77693346978975,1.2891272747710691,6,1
454.9847101796939,3.334965415119038,207.29122954710914,131.63419089963068,875.6033974570727,111.96079655760579,23.757984294584787,44.576205992447754,88.59577549922362,530.1992777644299,69.88433240457894,324.3555058036496,101.20104437422835,1.164559030122307,9,1
438.7727019516517,3.455892372970745,186.39653047304097,136.60840039085775,792.3051113007182,132.16528232549538,22.225923308429405,45.47152204497846,73.22468656619857,521.5068135935362,74.41512278933094,327.5878104057399,97.62960898538839,2.600839980499987,7,1
473.26727963283787,3.752220344638865,174.3122592785497,176.01062931633928,773.0285103110791,111.66252759280884,30.152740615132956,50.66647775257187,82.07186131115562,507.1189933674902,67.06931868118471,353.2676409904191,103.01600171165444,2.257361660610226,1,1
451.73511951439286,3.562340752205994,229.5175830100793,155.76313832474193,808.6533824285277,116.75020555738674,26.91808853045989,57.70734197889102,83.00570434239692,482.74732597674034,68.71217032697353,319.85656570212103,99.93643226144253,1.3146274580665942,2,1
467.6894577609574,3.1122123958543213,209.82891021788805,151.61640083178816,864.2040138271143,116.85039587545255,33.54102876687293,57.96546809082625,85.450861512479,483.7307723791437,68.36853387797605,297.99040533465853,101.26549598099785,1.9384833043253866,5,0
451.0127772211516,3.3403494310618433,195.4183793815658,146.2515939628193,791.4913734299608,116.46048612326231,23.59717139974832,38.4501569978078,96.56350515330833,491.9281158799356,70.11932509112248,284.11062253794546,106.4362318565159,1.9861622033305155,4,1
480.9112188732298,3.3177936700363366,177.25934233705024,154.382232631782,752.2565459207962,127.22495769442938,22.825977364953086,51.24853580611269,98.30143632584208,450.7267223548894,63.56754456843961,295.98515150400965,102.20134823424482,0.8953901903982098,7,1
476.3301126366481,3.4768336864330864,183.5637034315731,154.20353919003742,722.9621095842319,116.83342235263356,24.571520084214548,33.93523194742488,94.06992575845766,498.42926205612173,68.87497548438319,344.5204947128665,96.3246631127187,2.0941385639728574,5,1
446.2655377728139,3.6277530975889487,226.05180793572464,154.3825324231099,738.9351307697387,133.93924530541074,29.13507166426765,53.97515896892517,95.06005580849444,535.68408161788,77.2582865075937,258.39101090932894,101.56033524544287,1.411226968933346,5,1
464.57356426431534,3.6254617267663916,202.7532388173609,151.72267635416628,843.2195748703332,111.81524913869832,23.901640931873956,55.59084707447604,95.24896365094916,535.0548475933609,64.53735919094282,275.4297565062272,112.09326374173943,2.3533342734455016,7,1
459.6806392437772,2.9671964737854792,188.98825865998586,163.03197507458324,783.9687761846594,121.69377469942707,25.37331279372083,49.798778626539075,70.02536007023261,484.7659291489419,63.35339359042484,293.43039769399314,102.82485234501878,1.4265293771101002,3,1
470.52947336298524,3.8191822962682567,210.19378462449313,150.34656519001098,769.6239545039645,112.242140106874,25.290072108660457,50.41990788747378,90.08158145605694,542.5633309090215,63.75655836168886,275.0305359135978,100.75954827489501,2.1095799102605146,6,0
435.5261480912984,3.575770653798987,183.71203625107353,135.33091746671042,764.2016388408028,124.20972782531467,25.11849028360657,50.3681944647012,75.62833023063996,576.2361821811778,83.30929722037321,287.73684045473556,93.1472352361965,2.647285116394926,6,1
460.29077189997656,3.915359614278172,230.01686060560758,140.81365663648697,804.2522930100091,119.8405027302323,23.042804618612568,46.077790406293765,94.07311580537232,487.3516985894869,72.32425990435189,354.18703615039533,103.62209265332477,2.4872800405066133,11,1
465.8763673027438,3.6332594981872015,227.0560106979345,120.31471959765432,788.0272453117208,118.44937955301522,24.5881267962689,52.1585289266074,73.25513482144243,527.6605882572867,68.64867307829309,291.0572088111012,104.3611344009086,2.253582441858575,5,1
423.6189077036533,3.830396887320729,190.66851857594446,180.4022567406359,786.3433928140374,131.88474966503523,24.459692195945927,48.842959991733714,88.5564917171944,409.4876014923683,70.34160206504069,312.34945695488835,101.5636157339365,1.9593322117791268,9,0
432.2511223100134,3.6399635934350383,187.4265950593828,162.9413188792903,867.466196390537,113.45658128944896,24.97730602097605,54.65145854644809,94.3821582081567,449.67413087272035,71.13819699623409,250.25409450012793,100.57047059546899,1.2499478814565768,9,0
419.4115173335985,3.9038677268608244,147.6373360261544,137.54894257306145,876.9008140930816,125.86515157618,27.830550454458127,49.43186532740385,81.0579364134695,503.6448411733408,66.7977501213531,266.9268819204461,114.16269840586968,1.7804520798502623,10,0
445.9588974833316,3.6566751908053337,170.36838456897263,145.7723272590435,719.4989163545501,112.31040087325208,30.281884103873477,45.69488446755871,97.69372768410577,459.73067749926446,67.41391625645448,327.98050828866,104.27713874562204,1.8869969153635464,7,1
460.76313383693946,3.4706254260671288,173.21060450084488,140.4468528869035,816.3796365571479,121.12685200160374,22.47869571199088,42.32067664567245,94.05297735961398,581.5680817888979,69.21158433898985,350.04085315634666,106.20014130921481,1.8510888282583724,7,1
472.53535578144044,4.181730416134064,202.7038068197477,173.13820817061176,761.1568950689303,108.04424671776555,23.824019125636855,40.67967587472144,93.04659756670328,523.9151874918622,66.37622455882547,306.64231791865575,100.33441077210911,1.2332388788401818,4,1
451.11142170629665,3.7667111366839676,193.4753259111728,128.70184253593607,787.5874443069454,113.3748285369326,22.52496430478144,56.56254671977218,95.58401270008426,538.6332658743252,68.01532696489406,290.81951221831,99.34202790980972,2.217217372411935,4,1
474.42923318356935,3.6721233263013238,173.09329025169518,151.71714088228168,815.4639192563347,119.17856954427135,25.561304611666817,47.7110532357049,87.12639929786675,498.83894375357653,71.76545788665173,314.8848489266643,103.16049538851071,1.4095421638373569,3,1
429.2984781267766,3.1171086750384993,194.37671915070885,148.37208236152728,789.3640041534541,138.14649167323077,23.384951627467068,51.69287095040824,91.21535091005447,459.8716792054539,65.0142341018995,222.07696451343747,99.33728568898535,2.773054471802827,4,1
424.44926340967265,3.1135077147609387,210.10674295294697,162.40257946063673,811.5229940313817,121.00803870459774,25.719390501225966,58.91614945872259,90.08041257787359,479.2475887130048,83.04974710473927,306.8736403055413,99.74783007660952,2.0740105926593473,5,1
449.1667845165507,3.587814644642556,210.55678699831174,148.43986158412957,833.6485103015959,136.54668315866707,28.31088073133436,47.18597834351054,89.89960844307085,510.1752191850544,73.765783054431,268.61668199677496,102.31602840937181,2.489631314007226,7,1
455.7609817340896,3.5436563593304724,162.00659438282239,123.62686685016847,814.728840027016,122.20323291690919,17.422504942586173,46.86261257809423,84.62375138682339,474.48338646363953,63.64957630743674,323.82278946672125,97.43595077191334,2.479296570172671,5,1
449.5095787785886,3.315763230497505,197.43473039032338,146.2332324803634,767.6581847916189,116.12915755525061,26.47533966880207,49.33919123822338,80.05974308221835,526.8476796690879,57.61048245449694,234.2310327545717,101.10204607529809,3.0389658208024155,3,1
418.9883684994019,3.542294809883618,172.3331844605678,135.41756673085013,768.5400196514838,135.39356522600693,23.619438853306363,50.147163502099964,87.3051332056842,528.4565987681856,66.5624835743111,281.1487207227216,100.40042073263025,2.0909405026195262,4,1
448.6631994073082,3.9765880784130787,218.03457394280548,151.1936931983484,728.0147351690982,124.3701762207342,26.381266803953167,59.43775675127923,86.86441674244587,500.19925215758354,73.42180324803624,298.7707248567601,104.83512818727017,1.804969375095029,7,1
430.4329574924272,3.7086207423650897,215.68292832706996,171.5126555478049,757.3039851239641,113.57278406117287,22.310591686749397,57.829102970470565,84.10615209986489,426.97459651932,72.45234947225052,277.14626451132136,96.94342830923964,1.8146074042775417,7,1
460.04508823245055,3.1576974470741783,182.03945547351083,123.90862133651584,898.1034180949264,124.70571459400297,28.588782964920625,53.104377079533734,96.8164302544802,568.5913973466384,69.44575744825694,288.73546799435576,90.0003404736127,2.748051320669901,6,1
455.4989736914527,3.466547351857117,184.679095951992,137.99665896900143,760.3998212952378,117.0740525009239,27.739841854120854,57.24706884498434,80.6223470571551,491.4930857324193,66.99278769428457,327.1330305202952,98.44682539928662,1.339882292038683,2,1
435.90180320508966,3.2585100557442317,190.77465899003386,141.70960569324754,740.331059377809,100.10965803828704,26.70505644562793,49.10890493716072,88.62792672887007,608.3710659388414,65.47934313004035,299.26511956448223,101.98643011362374,1.560937710903409,7,1
442.2919962399496,3.3836900250774318,154.94413210537323,144.27553356880182,815.9963930922387,129.35973159265617,27.379677153430293,51.49582283594239,99.33071769249001,526.1014278540878,67.98708464445247,272.08257585106276,104.82053728580118,2.1184958803657317,6,1
434.1117971716657,3.375915300311107,206.71936346881154,161.10188496157866,794.481762035407,130.9493405564193,22.76313859848348,48.49243177730653,97.27303482079641,491.60179693071774,64.93810013086198,328.21200198023377,96.53578498614092,1.9236012729887522,4,1
449.05981354090244,3.3567063252187985,194.5431090731974,147.3968337365792,790.2203381575388,138.37942029992274,23.14112873593213,43.548158087101804,99.73035108077826,517.9128750599201,68.00561121895775,307.52942607213487,102.71049929821444,2.4838222288525036,4,1
464.3271348075186,3.1234593884079818,219.40350165135717,156.23704088580666,870.4522983206045,124.22143692195263,27.257308602452436,56.019373708967976,85.27375538100618,419.22857931685553,76.6547546791141,308.7746243875499,105.67577182809016,1.3306533812602892,5,1
435.2141093049668,3.461703595544543,178.03181564074896,140.61340434402337,827.4563337779183,117.51276575917467,22.696812571694164,52.6584936699493,96.27430500582166,541.0456961294386,66.143801003753,273.2246692431569,103.75625331552745,1.9665269961834007,6,1
457.56069773276766,3.331817708945807,187.61754103500135,153.44886518126907,773.5003534148262,128.34989427378585,29.336905139974263,50.09036736711832,81.49623682417494,602.6776495011791,73.05440641525995,223.57179982013844,96.04682448277126,1.9064941287406705,4,1
442.0461357244134,2.6211653929993197,169.86949483921768,161.66696446316573,778.776204120411,128.49820365318905,24.029226786156904,49.98766075343912,87.79300835346768,416.43066104626485,73.81711906492102,272.8160629993088,96.58386812581315,1.46387801466709,7,1
438.10690751606484,4.115891607350499,179.91418873011494,139.01550675394367,774.8706743047157,136.38281183136422,26.505683169581864,42.46892564546746,88.54595351375846,488.5036396069717,64.60199340732042,269.7639426589355,102.17501724837322,2.4393300603164563,7,0
448.3945446006816,3.8266308962650015,176.3603600786356,161.72037179709773,843.7369810790128,119.55372376933558,31.29774855776527,45.112623334236424,85.39327830241592,495.78647508833893,65.78314062720249,281.60109128457833,108.12670156062549,1.9541078551859572,3,1
434.4713651637094,3.387109782522501,219.9194735769289,150.78559153091354,784.5926185273431,118.34421027432406,22.88132993779577,51.680765850570126,87.10548809532379,535.0091451665226,75.34471718493396,274.74433002023085,100.0708257969121,1.9329626945763605,6,1
441.69526041979225,3.5056457149221796,186.03476302497216,165.68190360723378,710.3423248772924,112.84455580241473,25.206285252534347,47.35443666362747,86.05299258002118,584.2390269666215,65.37117980174651,303.380955271409,99.17336140335213,1.587648271365782,4,1
432.03183161116726,3.1485036958047314,202.48351369489228,146.9787014988454,797.5840160632828,125.37462086725202,28.16254949391192,48.91143479391255,82.14084951118643,515.3152849038225,69.71257125394598,326.4263241313711,93.15191267443542,1.815067208607306,7,1
479.47087699374583,4.00871686334326,192.3847319227639,155.71866982743148,723.1486999436036,104.51738331769165,27.853832166629594,49.476719676104494,96.85130804804633,585.6716729686211,80.19991911084263,332.2848428205864,98.178565600879,1.489186205539717,3,1
450.52895327957594,4.0691866084319335,174.61069467974374,149.39090652482204,909.2115300877451,127.76087372862564,24.016554069281927,46.58765615491445,88.54039997700585,506.8172990753865,74.89916128530682,325.11635575090884,96.42380923041107,2.4318831926822133,2,1
439.5041173801112,3.5470081184739572,196.63399153656715,148.55681606939132,751.7166043076385,125.8783512186579,23.449808687434437,45.16040839987975,91.61149235133828,518.0569527518492,70.42615225867783,273.07125072564884,100.13599687091454,2.516407998377653,4,1
453.2096986610133,3.8070591932556033,211.98206663727188,153.88395642338534,791.9067617321134,125.85070202458373,24.300592202364843,41.93821184537313,91.31021496954284,513.1294226464101,74.20365287265628,301.76702379959517,92.43588003532416,2.840030762401126,8,1
448.31507925463757,3.552586033680177,175.84481214913296,158.05211203837356,812.9101367350569,121.3822523650184,29.343573298454093,49.2674086049423,90.43781140088016,548.8119913202034,69.72038957342991,346.9549754451016,98.35704772803145,2.217026688460726,6,1
446.6854560070017,3.0989823683372206,216.18225581462758,131.25652632113992,785.5670919660384,135.32978247531085,24.16268243092016,53.093042738051416,90.74243636845142,483.10715767559185,75.09115916601738,252.45797001081272,94.95532827119406,1.8303907033434406,4,1
459.2125005006514,3.376452989310903,183.00558157044608,171.50450413226815,785.4984799266904,128.71993465426863,25.234347077450394,41.78182928890025,87.55666223975183,532.7314703504603,59.768672843267645,340.44690133275395,104.70114652919425,1.7655183884521564,6,1
461.3626156507096,3.539578390031587,190.3403214785432,122.10505439175301,821.0913643080438,113.929228086243,23.719640587229726,49.87976087450087,101.3471749481189,450.7681357497429,69.30367001812527,270.1168999083096,95.70413821061759,2.2453240218701596,3,1
442.0424827858421,3.3636356843769666,210.61366246020094,139.72781835391658,876.3107979398139,114.10820950302353,27.11664569438796,51.405716263457805,96.08595809308287,488.6198358139436,59.56830046703589,308.8129586275225,97.13825381175128,2.100431777280457,4,1
441.3627263903298,3.434404016769489,186.73127685561025,148.5859639385265,838.3754540908649,111.20326186585363,25.46657511275097,45.05209798135428,90.14705626216816,474.5302550824477,70.80677594115915,312.38355350907085,101.41063262977305,1.9128959268290606,5,1
445.87422454272536,3.472580132747266,200.7514971867173,156.18533953628923,873.9256939286771,125.51283332775587,21.989698567725313,57.11070905774044,86.4235645122715,503.5184623447177,68.81911050863651,305.6973910970841,97.73142211248037,1.8689607115620965,4,1
415.4711825289662,3.4757364506403614,193.70618342423816,173.64258791612068,747.6690445953249,109.99861078760043,22.093527657895017,48.07142315480796,89.04943325816735,487.3568100238487,76.80364923321164,366.85418682607735,111.79726311243162,2.585595210386246,4,1
427.27213406702174,3.515677547149245,202.58736013407636,122.1256276766234,815.8681316627681,130.83392143583353,19.00418330033348,49.49370155771744,93.34097213097397,545.285347698279,73.55913684298834,290.97504298586125,104.65257578639711,1.784076328091479,12,0
470.5031140116679,3.1818184800810196,152.38521788953005,142.38458807415435,807.762302602914,133.22973308345544,22.50603577262315,49.193652497010106,101.99952074029049,464.8532761931343,67.36956156229967,250.81536375229075,100.0860328915711,2.673337963418021,5,0
474.6745157025193,3.2848951552616192,163.40636369583834,118.09749768301103,817.5545645838367,111.20983731049549,27.381837410896516,41.14612788704472,79.01561964267964,430.7473625675595,67.96891871709568,310.69341202580534,101.84050692723503,2.0910680970001025,4,1
446.26445940665434,3.114624720290009,212.31934012093677,150.4743296086537,868.8115985317786,118.14451465407146,28.971281614036805,55.04376035842022,95.27819806913422,445.7086472115377,71.9034826511489,294.89880045826624,88.22288406182207,1.8160595917086904,3,0
458.6483544458365,3.79334466490586,220.743628112981,154.07525376750047,788.9605425103973,120.16620981362414,27.056675089651552,45.22240615790381,99.01378909422908,539.7667218520528,67.13719703723363,316.6440362465752,106.15862586855248,1.6073653773454541,10,0
454.66875231815305,2.868305917447903,181.79026592936958,173.8619361325688,779.7248316722956,128.83983160469668,26.663896601922044,48.81739742297132,78.10625224075815,461.2177062673511,69.83813606807728,326.462857256212,102.55948334883585,1.9227376350336252,4,1
496.18321212682855,3.8460771029950775,195.11943295657733,151.80952141340182,826.6990398709332,136.09343375609876,24.62042185141405,52.98830500638998,88.5507929861498,515.9137766208283,76.58349032257435,298.9893098488661,99.63421088536289,2.2516828352757803,6,1
466.7936236715187,3.915904819178853,205.89438505804603,165.6603769416357,711.0898636217077,103.14507607131422,27.32474366474196,57.30451713072267,81.48385621533569,488.2084998700768,65.85434908234811,313.08931291926893,102.8292484137721,1.8114935208030025,6,1
448.0812361277885,3.4093458239052135,213.86435203317407,158.75755622308588,788.1573975438911,116.81819282473317,25.858834669245653,44.600338590515804,93.44423689341627,532.9697621901302,67.76162817021802,304.3271379671109,103.43924621921403,2.42516777649022,1,1
435.6668933909936,2.7190588736518104,159.44645456658304,143.4712770449225,793.2901155357273,117.33983304439653,30.413346915961373,47.767582072027864,87.13319254115558,490.7693717953356,68.46283827275342,353.75662332224135,97.91813741331876,1.786520581785816,5,1
425.9033051961364,3.391606831409813,182.27919506043247,128.8655887981194,753.9820691846537,105.99330145113453,24.704664057469756,56.912093150035766,88.95888746495899,610.5739406446854,85.79036713092812,288.88314741397005,101.90081020580875,1.937607708804434,5,1
453.0519545380084,3.4807447516133543,193.3484124030025,154.12503447437717,852.8529505678289,115.14889980695938,29.029024251208394,52.318569396377235,86.7115535417722,575.9246806327402,73.04121331253583,279.38789405970414,105.2436227074335,1.3566527987542516,8,1
438.6547388207355,3.196820534021326,214.062803944721,127.61846974281954,746.8879841328358,124.2776894435061,27.62234224545358,53.35585679525804,95.76130746214615,487.3915927837723,75.66034169523921,326.4219270933368,102.27448871601108,2.2797384184021805,5,1
428.6661943560349,3.3454344818575272,249.9686096744299,169.42810609004465,793.2063475818102,117.21321097160443,27.206329858612477,44.74434132111916,91.8322636847851,481.91461643620056,73.84062855939192,272.1246055397185,98.7369700638133,1.8664121532152176,7,0
440.3014067363621,3.9590585596590055,195.43988546380564,147.56906846944764,814.6578612661484,104.55378831392586,18.96552602361454,48.10395235036721,91.84741411231724,625.2930460323385,74.1769693299265,311.7647341674764,101.48325380828933,2.7894352536679454,3,1
433.7767799457841,3.699478148690522,171.86045075792023,167.92766117267124,867.6725780738059,148.74082698009914,27.787568684643134,49.16082283809784,91.28497460065162,456.8459615468564,72.36786768666144,294.9123253899254,106.91119531811317,2.352405008634142,4,1
475.3071245260885,3.22263076568657,208.04536154402595,142.796783488014,799.4721782559574,122.6617786520418,24.61747606327254,45.71052621328513,94.57992704361709,497.79905808326606,71.82634600029546,296.960379463742,103.91987970507725,2.042249886863823,5,1
463.2245963542418,3.0207202491213705,226.4199157908142,154.03276179601488,846.8076797064106,121.11694130106675,23.668220516695325,41.62715187163047,87.90422516114941,500.8979567882171,62.74627672765732,373.1191387203051,94.18466422863979,2.612588010513454,5,1
449.88041038025074,3.4018948047170685,202.16028241959003,153.14023286002032,835.0297698638564,109.02073636932954,20.55126087646626,47.447507206182024,103.6061983003274,499.906484087417,71.7893227817147,337.02260234766703,102.9334190710621,2.2025544247110536,8,1
472.1991620833504,3.4359629661948685,181.86702909691414,149.32433822983614,806.1728778084571,122.60706161971275,24.98323859809545,56.77144099792215,80.12164199025185,430.45153117877896,69.45828203803521,330.647385999583,102.27078952595929,2.5041300604273857,8,0
451.1605246147143,3.648859756208995,219.1598788296004,143.51010729905113,745.5243295863272,118.35786215958505,25.100654790454726,50.29586732780248,76.19265241464281,519.8640963870376,72.72728451424747,315.9171192143092,105.82056761855785,1.5688142501713618,3,1
437.08073698007604,3.3394049862297024,213.2709123699687,155.88684027705781,728.2709569547826,101.11476587284594,21.090994234555588,56.871454567866884,75.53055545113142,461.18599634430734,69.64570416679777,279.25457635679476,100.164097564649,2.2305944291205586,3,1
472.84686115904486,3.6534498726085585,179.4783831160875,136.10755104775188,805.3252700709593,109.29744559985583,20.580159481318923,50.8951045711476,73.36329504566052,557.4395649667629,73.81582146363996,307.84445060213164,98.15329854300657,2.2513609303015047,6,1
458.0836506552699,4.080546212018069,207.62851235068683,131.8584700656141,772.8651563048693,127.94926017673944,26.459858440384334,46.17646135206019,95.38535851856201,441.76139830261513,74.6996628557459,317.49972902486013,93.1591759277153,1.2276294673893848,6,0
434.44130768510314,3.744650306733279,219.94531135317746,168.6424033999024,845.9630545840646,139.4401765000044,27.61511539318413,56.38809506615861,94.41094159426113,502.37863709501903,55.43919987677118,305.9695629041811,96.52702796504356,2.753312732044847,4,1
447.14491982874586,3.485573447800768,223.63780085117787,160.9075198333815,837.2928259049289,123.67165405043045,25.570848729767267,51.061630703339496,99.66221193420476,411.3551741219245,67.83053590917021,302.8425098203188,106.03972784876147,1.4198338711476426,2,1
436.8657261992286,3.4450548586840117,198.6710204938109,150.9883741290336,790.7694502781475,131.03083278293366,28.45250394905309,54.80919416213699,81.54689428235582,413.82465174637105,60.713065470559364,288.07652103631784,100.9897824334959,1.3505188177004488,8,1
429.25800403553495,3.3929980597460387,192.83841107641362,174.97713573815673,742.1143538029365,118.4424469141679,24.740845046945505,44.658359144397146,95.963691637964,466.4259216682947,71.19472277320997,308.2037594904385,99.50106093286512,0.5756572345931223,6,1
463.89266321297464,3.8541922737356433,224.54547644162525,145.98351721912732,825.5367774803636,119.13453839319398,24.836946176799394,55.193781448072514,90.45459249719445,472.07159670651885,68.49645811073,284.2328594563942,106.47811891296277,2.236927969913399,3,1
478.641249607052,3.3118059662146093,175.7967899403823,169.8405482998347,749.1025276932425,130.90979027619466,22.24891591377763,55.34444637772099,91.33269199324687,558.6290565195774,76.77914235293302,321.10269538701783,105.44801233672993,1.17846728654266,3,1
429.02148639271286,3.513566812699995,208.7715858184201,152.63361127388734,762.0768038534568,136.62777289179468,20.31927406733885,51.44883572178268,95.00498316279686,498.3763265495241,71.03622330900438,239.5268639652709,96.32127223185995,1.741540256821512,6,1
458.4445385503586,3.5153593705643256,172.59946745271142,134.62873874885415,751.0292130892423,133.0109669346562,30.563986401578752,45.96538957095109,83.94974599150045,551.6962760364621,67.57235011768144,340.76230699349827,106.00498166813168,2.4189341937366073,2,1
440.2403614631726,3.3494647421565404,221.30752544519206,177.72060287656274,793.0749489030023,109.3363692461518,28.39389715074924,49.769955856436944,110.6979930832359,484.80853621293295,74.69285769922793,260.65002294396334,91.70709484660432,2.096026454846448,11,0
442.69311924352957,3.0882603356347698,194.83908968777678,164.86066269936128,858.5096167035281,119.33041109684754,20.822462298584565,53.05645573619122,100.65504243420283,524.2434073152133,68.40898771086279,267.9823492779133,102.29772470950212,1.6881513696938697,5,1
441.11409113641696,3.5968923510853004,225.37166471294938,148.18468453485653,799.7479564888235,122.77524684476295,25.467255723493842,51.17285009968267,85.74635236803712,470.980987323244,67.51001222053166,312.26562556865036,101.70654198696934,1.2046602445877674,7,1
437.0401384548028,3.481698808443385,209.82825512711054,160.90756889300923,777.8390653786153,117.4032203649247,24.699861066689,53.00541369053882,81.27409553821322,468.26107723605594,71.96812707320927,316.1982549106399,105.74890956319227,1.946193557294249,7,1
450.7278244191724,3.650072140830971,175.53559539876142,143.9444484900314,723.7192534977378,123.87857543415596,24.17802258051087,55.06122953826453,89.29676670556246,427.1659944432842,78.06485694969736,362.3483392921311,101.90505838122753,2.4276376318265274,4,1
437.5357482538344,3.33991990806825,228.49255464154487,162.43723552589313,827.6062292364921,128.20576811668948,23.772946456555182,46.75776673314039,91.45806754865635,513.430159754051,74.26775954119911,308.8885358792738,98.77719900598495,2.350418223376346,2,1
454.0568523866976,3.8662463896439143,231.02490532855458,114.13382152074061,760.9797697035686,130.0280975195514,26.143807440903938,44.224621895199306,98.52492207766649,510.483336588006,72.83465482640739,298.786357020215,99.1721862947496,2.8933904179537597,5,1
449.24642835826296,3.2369678656364465,217.6457298519843,134.70297999458109,805.8758809579049,136.85870152221523,27.454526576414423,49.81230599313879,80.6502327074534,531.0925154914341,83.75474266760831,305.73898135628474,113.46624493371642,1.6732707133348468,3,1
446.41577929700384,4.013612085205367,184.7682426992756,164.68889616430445,782.289069204168,116.70558895275165,26.207173507084615,48.351284205650664,92.28389554559332,508.5967314856558,66.33794981820253,347.71463283863335,100.41320223990799,1.3414831531428875,3,1
436.38654506937604,2.9757090470515215,193.87972091285184,146.2551669267162,841.9088609799719,106.35966835160686,24.63844487686242,53.92923206578075,77.76787980468168,581.0478390877587,66.22641081528947,372.7319997199314,102.98537845973777,2.154975489422211,7,1
441.348430041475,3.6304310193670672,202.90854434811519,153.11313442333113,792.1381803985724,123.58234594014453,24.52831984932664,44.62750805170596,93.49086074728895,507.0411054671004,70.72784740219872,294.4559910327304,89.8941912001724,2.105710614270021,9,0
461.3308683873863,3.642629204757987,185.92579201337134,129.7982150682685,797.0536822738475,138.83811031184803,27.810442950768,55.1019093708884,89.1399662363356,539.6730685735248,77.57513192052357,316.2831724851634,95.86321550922659,1.9975701936080414,2,1
457.5137578143657,3.2613328796177354,233.8469314492641,177.71800493553155,824.2873573727729,115.2302414004594,26.390334814348186,56.76806054773383,105.4934380982861,487.0356366800359,65.29157011852699,297.7683244651342,102.59384022315562,1.6268009951179279,4,1
435.33667132802174,3.6273181813583038,202.88652943452072,167.85794465576515,905.3470091131593,126.86846977063719,25.2180683891063,50.00152482131145,77.63197964624258,463.66119862794443,78.7728629878153,297.17200976238405,91.92738738239305,0.6733104499087745,5,1
451.48998458143836,3.883855600928048,145.93303905785285,146.98972172437004,844.4223465179277,126.95745792472643,24.892296107199677,50.30368062790652,100.96486705192083,528.7078068074654,62.80438755295806,356.371518715943,102.74699416833626,1.4966933689241597,3,1
461.27080685057683,2.8349543481937807,206.7871162551244,143.9295621470501,795.5696946825695,121.91442047344609,26.035811528836867,46.162267493849235,76.36934931867026,496.43408048718635,69.3939097463941,272.22804828409534,96.37437322791132,2.2785342331475382,7,1
424.95892078317945,3.6508234422472445,193.03685206365373,165.4440654212954,800.1598995307644,120.06924721043714,23.59495393432165,47.28669550512967,79.38231780474797,533.2817218371848,70.86732832834325,229.97156373350015,94.83074345022263,2.1419817992006287,8,1
458.150402885699,2.752018753900977,198.50146887763105,179.7370567525339,773.7570269837782,110.76570794278608,27.46461645192463,47.95831659677158,76.58324353222268,514.1174616737873,65.58684041841049,309.5233307713966,96.35581873185886,2.4826320002930298,4,1
440.0606436158123,3.210300558943038,192.62761268428602,164.3064038371703,752.5002148240152,97.18337927579422,21.7724243144864,57.214700339189655,92.00282086760843,468.27946692839373,66.893828175339,336.03019586286223,107.63769429072181,2.172590954516231,2,1
458.5589800288974,3.9887499094702834,216.14092833213374,182.57704001094902,772.3624606466839,108.88149293335971,23.765630470700554,49.64064607094613,80.61040951397013,542.9735151070811,73.98315239667832,306.5968987875309,101.66708960745139,2.3680086212916507,9,1
438.55111265186224,3.3254653899823836,222.39375557106763,136.16473006407122,761.3925518144029,116.096958508883,26.833318286338073,43.38913521679996,79.2133479577557,465.1524018486133,77.20777871255616,315.06610653624034,95.44781811124537,2.3823660105053763,2,1
422.9267684900322,3.1478360106773082,205.66106324517307,137.70919754251815,832.6684191897942,130.97422687422707,21.60135155993718,51.27677171056002,91.62214081298704,525.0130505318202,59.42694818751989,322.5718014338068,103.87669926154054,2.0102375851642496,5,0
425.5868634317526,3.4406186813045956,193.21377625723682,132.16588322919978,746.4402571065507,118.96871937648625,20.2809743720515,54.13145062311138,93.61420308699752,551.2644444610341,70.90118192729658,303.3273322022882,104.14869172045935,2.0137493768664174,2,1
450.72127419992074,4.120371901449065,199.1732559038166,156.6264097447422,866.6605280690022,114.80974281081852,25.18923302628772,49.87294315339202,90.31879443320261,484.61620646339367,69.43345548192099,316.68922870344977,98.09345949598679,0.5455687838640866,9,1
453.89583752582223,2.950495325838192,200.39199233155256,152.63405324706557,837.6023191809414,111.0901455804657,19.91062553666059,57.34606719863495,88.70224680782758,546.2397781468926,70.53698177811975,316.1883569596098,104.79586812547662,1.671707958318931,3,1
436.4352506234339,3.1846070265081967,183.95139920270327,147.7207331479202,801.0250864683834,126.5680582850948,21.103589337844415,53.887543336329486,104.63127705949742,515.9046733621277,68.41616762191899,241.24186208281537,105.03374817799119,1.6932986369645033,4,1
459.5788868816606,3.949229504953888,211.5785729714247,162.13887942184948,800.0159305732534,133.58357166430605,27.269782355519297,44.754356350560734,91.16669012993576,534.0777511358506,63.54756515221836,303.41600681189374,104.25665983673366,1.9455981359295043,5,1
425.0771990659656,4.05731070306132,209.20084647720932,168.48492907821995,772.1359345192723,130.6343572186746,24.385644227182794,47.24283593801799,96.44553179137799,466.52977235589657,77.7114848902231,252.81651501121507,96.63123983380471,1.5348305826784465,4,1
449.00880302029026,3.4689706327129146,230.80882479553347,127.11506386069738,813.5042205673882,126.0614969975847,28.856460849126957,51.13113140712304,91.14337700551967,508.5720092821499,75.7966479916535,298.85485484677736,94.10474053612089,2.4687820068791138,9,0
431.83475700356314,3.1282841892420072,225.1069956057695,141.04541958148326,854.4046231604294,105.2438725361706,21.385556977187633,41.669053809866966,81.21698969396253,443.67674759901985,69.48005405551558,285.141571534817,91.5356633789952,1.5592450176627404,4,1
440.2224583829676,4.128753050542747,186.2865016481974,162.3021539118459,764.8421768872093,116.48325757156229,24.718142903103146,51.681783687353075,94.39910145521614,568.4520206124186,67.55843393763328,331.02033763103486,96.72242680426226,2.5512163208086096,7,1
450.7109800697462,3.978332717524759,216.4059674901793,142.98391974212126,723.3303955540634,139.47304228889675,26.19875365962328,41.192087863726755,84.75362150824166,419.44006713661975,66.9527968549706,307.33238277629994,98.16094520815183,1.5194224823686906,4,1
437.09379952074073,3.70368409632867,180.98093233811056,138.0269088546277,835.1609127428372,131.21950491915226,21.488455209613274,55.117167277822546,89.27211089568611,485.809927214846,57.0717338759276,314.1957853826469,98.56781956941164,1.6981101020134244,1,1
444.2316668365526,3.256279295318774,213.918642018817,165.2780614147559,816.2182987121901,104.62496781765275,28.095285713498875,54.53636842395854,92.44322145514741,462.7316562320151,71.76910037301205,294.2564784611325,99.7639823962423,1.6600938234617275,4,1
465.0943921382166,3.485291197748589,189.66771602479784,130.6574989541403,743.990059927941,119.44409476800729,26.532036649498117,52.523906804575354,74.46865546490686,526.9880166080895,73.90161795151423,331.5654378781909,108.66494274605049,1.7518829953320951,5,0
441.34662195715276,3.451891975686551,179.5349355324883,145.47630288313343,763.3304314542941,123.63098432661039,20.172138739937697,46.62060817823844,77.12398300886616,576.9578378371967,70.68951058054884,252.080239784318,98.30211413384212,2.589318973020797,4,1
462.53538168097714,3.5992553913846734,205.6009068539481,154.92966038707212,757.0447862974929,112.3784153697378,24.8867746113742,50.85101412306769,97.2756733799805,526.196603947501,69.56831782700124,273.1349264363598,99.75612941705162,1.8364576860364952,6,1
433.0543971801357,3.935300431439401,146.5086574369172,141.39270129134823,763.7733865482876,96.90795978591152,26.157870208775897,47.43311256242676,84.69002842720845,618.4513478780541,70.66691754243293,338.5892136482641,90.91204080525213,1.8491721021960312,5,1
457.94706266872925,3.763825112341221,164.98048851189543,161.74733484019762,783.8158622979406,120.98824045016431,23.22982997941583,44.84592361274967,85.06942408712911,444.8823929376464,65.73387009621212,286.93054502603445,111.1398573226902,1.6291016859197767,4,0
471.6235293098685,3.1767871769045724,196.45016232451434,141.46684537203947,786.6726347859626,112.12241742379561,20.560405283473557,48.30628494114295,91.33150717896656,447.95263469885737,67.50222386314834,235.62503984487344,93.42046299652445,1.870103262959037,9,0
412.92533249809065,3.9129489350058613,201.64883533269685,171.1292924016888,767.460317246577,112.16158260915316,25.83537636834223,53.49132768246048,86.91461922302504,464.275430735384,69.16833485883922,343.57923829841656,96.46572647755322,2.1082242547467205,2,1
438.04657116794283,3.5939396420039467,192.61362459683622,148.11380553756342,762.0918090250036,116.45319640069242,31.633728850847685,50.2190709641588,93.34070705314231,504.8497878118362,73.48338287382448,332.30808214079394,103.47861023435082,1.8924195634024872,5,1
458.6560819077081,3.7061197387576748,168.41127402564803,160.0690520505803,788.560782804031,118.66324085345188,23.83904770252693,57.25354962067212,89.59102569013565,458.92310498867,76.89429186647556,321.329082198322,101.23096219109087,1.9248541607396565,7,1
446.9543192093551,3.9399622577835807,183.6421631572299,161.19035929474225,808.3845767429781,119.90917205904313,29.707723543854126,53.828902697401375,91.5888236014436,469.93348982779895,68.85426078513522,302.83218020855105,108.21593135149536,2.5080151968022557,4,0
455.56718810056964,3.1665259251459346,207.82418654474787,140.5868999588389,784.1851731817578,111.16010101077998,22.743133534715597,53.293454069528096,84.38513287806198,524.8193409570915,64.77607231217291,349.8224105447609,103.60006827863754,2.136824726270507,6,1
440.9402221992627,3.489252326388061,211.63563541256724,119.19770177016167,857.9333511670651,117.79790470365923,25.646636905029855,41.95536725277198,91.54875858624742,450.4331246754473,70.17823395381716,337.75855287187505,99.5935797438107,1.4245575896307274,9,1
451.2988468120935,3.3405636345922356,199.6755376480812,155.4113363199575,825.4043857210394,102.42576629597245,27.314567592628357,48.574207349223606,98.84071269468355,454.67215948119593,80.05745556294461,346.4356820637603,105.2204193442218,1.9573673796837037,8,1
447.6648414691188,3.0296421723903633,223.13667562073977,151.08432520687305,720.4577071570652,123.11039065368078,24.974759002085904,44.678137947829,85.45801427108641,484.0584498803971,65.21096782433133,320.86501441341693,105.80653972934186,1.730824909274976,1,1
467.5167309248971,3.604012993281476,207.9479404691847,158.3373904136269,826.1863882706926,91.43724586658843,24.106793053356306,49.08498560188048,97.32254640217721,487.82227716642717,74.42920373566406,303.68387553753246,96.69920619308931,2.2605129787706755,4,1
453.8163126495182,4.253466965475327,185.05088692083575,146.60208791425742,830.2771991292791,117.1050991956638,27.17838256405112,46.533619380384216,89.58751745341881,540.4006286888526,76.67980278060303,288.025053869556,104.8151469308212,2.0514699036919666,7,1
455.06403993112804,2.947976676648274,194.38995893176767,143.54358451798927,778.2632515937904,129.19186153676952,30.67436534580766,48.11197523471031,95.8758532478235,463.9744100808752,68.19992570087257,261.93228472602385,98.88869418650795,2.5651554051684937,8,0
443.821845508163,3.490315816685159,171.9426768558429,180.1270951647255,725.2401206348422,109.40659312725174,25.901760773917395,55.30581366186925,91.03017054682489,471.1888006351641,66.4963771114048,315.06136846399033,99.48261046207249,1.6299793586375133,5,1
442.68590663891257,3.692162880522432,197.83722019217166,127.91468907733834,800.4033379705568,127.164302036574,23.451819470408957,52.37624964502917,89.73271263921659,523.2668046511602,72.87478341416626,317.5607200438681,100.71466641514453,1.903789918860095,8,1
443.5116271827057,3.5369234604968542,222.24201238442677,161.00925717546357,799.6145674258878,131.5573271212089,24.43074532822095,55.03557214490817,92.79783745661094,532.0557729513353,71.76608386402083,289.5065600427803,98.09609563829623,1.4679429229281737,4,1
455.91678213567445,3.4660615842452778,213.70580169421936,141.38097212724912,743.9176881733403,86.92100047502612,32.55912293693612,41.99658445492007,99.708780498418,557.1489786850635,73.47387085660444,318.410430843499,97.82704426086994,1.979098533373406,8,1
443.68523278769607,3.1102350909662526,228.04018651838243,144.96332073389368,727.4390391870032,118.48637096424258,25.404721349014384,50.28987348307832,91.88877835372061,518.7648141945901,80.36854715744903,290.0346650520257,104.92360424124345,1.2317094916566034,3,1
454.3466228534462,3.569836022882049,193.94229512402015,145.24345751139052,795.622322677328,91.24226572371725,23.216758904266083,54.833524906983,93.82824664726718,505.21456239847305,70.83523276688283,326.02283074040884,92.35530547324959,2.16074228292503,3,1
481.1310119796816,3.272970806895222,226.92199589028516,137.94848588743113,788.346140397459,118.81791554429054,21.56479625055238,57.53147957443578,87.05212069138639,523.0015362698462,64.0388757552195,273.53678120571846,94.69186527270406,1.9722702073345733,2,1
463.0668705514754,2.843023488506434,196.1339154710406,158.5683631535436,779.1367317338803,119.92828789018674,19.522296717662183,42.25955805153753,102.56709179196021,489.3034877644581,70.33320001084212,268.34665394973894,103.37366991555245,2.0775923690239653,6,0
445.10964701748236,3.8583776661541194,229.43170165139787,170.85965393924937,795.8294632626719,95.17456014089161,26.09075282153857,48.24258181919415,95.12269688743737,489.00929622498086,71.2077839710269,292.78263818344055,99.63550270420423,2.394067321847082,4,1
468.01820883245915,3.7875157459526125,199.56286505115753,157.05020491869993,744.861181308984,139.24838362079865,26.96392597847351,55.17113337002381,90.62166768020005,429.03558750884986,76.33584318544125,324.8635618650686,104.95756326011391,2.1124012446478124,14,1
443.8788694046767,3.515498293055324,214.14462747608553,151.55072994318144,778.2589693566943,122.86015807634625,23.80991146010438,49.03860843594277,89.0187706219626,535.7366382675733,69.01617802286148,265.23643606022927,101.78966139061728,1.3616112318080424,4,1
419.4281319723322,3.5687224064617107,229.5022472861971,135.2033925135113,826.6662515307174,111.50976567917965,24.955088745907137,45.44791162915138,97.82326615418488,508.4583578020699,67.95466083152307,331.49061057027586,93.33147670478174,1.7220636122298525,7,1
434.87870533623897,3.8222954038146684,196.13144742837588,157.75237898736677,782.5014959824356,134.6537942749852,21.48861487213413,42.25000410751996,85.15036738363793,531.0815706547322,63.14403001916705,250.72235596844362,100.31417209638794,1.9599092142848782,8,1
421.93812118461216,3.567301897033425,204.36777975088347,182.34524447593947,716.4013764103724,102.04386779357684,25.398785394482502,45.25649232668417,75.73699986982933,387.3675802209082,72.73706396032065,292.59762373217126,102.67273900544609,1.8359502649961874,4,1
444.7272977393804,3.771205266428394,225.77726850412606,144.2895806430736,776.3653861138214,107.70828966481683,26.444485961701375,41.555491657181356,90.57919679539565,498.11593168425816,86.74103592769488,257.60771618692075,101.1701982926666,1.8970209803225662,7,1
450.2762756878433,3.410755339737845,197.33993672139871,144.36024630972202,746.492076824657,97.00544476330101,23.394507198497088,50.29230228417013,99.52003658491475,465.7647397448947,68.88704507998031,221.70301907450306,97.65862913186275,2.8107262540760174,4,1
475.1465596841292,3.893595121572184,173.5821543498768,141.58366303528504,813.3568148230866,138.01045196539334,30.071358008757517,54.4815509288933,102.7304704894774,560.0545001928093,72.25977477260975,310.9935541432576,98.630298399399,2.05017772304338,3,0
454.90391060646243,3.596235717779805,242.8601410916982,142.6587864825837,815.9418701690213,123.32346371472003,22.488681019759266,43.69512620545698,89.14164845252895,524.5686766193531,67.26083573342518,294.66566674106656,97.19957422119623,2.191129808274159,2,1
446.71349206786704,3.558215583081762,190.60471071325728,108.82050669491423,717.0612687456985,126.59401789848495,25.850429812056948,51.28864870605526,90.34870131153427,509.3694164324224,63.5935754000208,258.08703201508536,93.3740145919941,0.9955992522146595,5,1
462.44108371775235,3.1189816733863904,203.17512101875084,156.0755307878357,837.9506485291095,123.01001233918475,27.544951659113817,54.226355147229334,94.15624346012764,482.72268122635904,72.17117969600265,284.50158426045664,92.68630217576133,2.373002326116434,8,1
416.8329703648817,3.5860867562905128,223.12013338902256,137.3167173546808,744.390684936072,125.73767761144585,24.768131499551853,49.98645836575825,87.88520464908989,515.8883324052658,70.14094141718596,313.2547568078794,101.95010478047185,3.425980939779201,3,0
453.53421837162847,3.250413524751665,187.83012192537598,125.84605321812299,877.9591145241176,120.78077713895989,24.434569543316528,41.946528525413775,94.1312475871292,462.8725748248758,58.07222928467088,288.9555099903249,95.64270817235548,2.672827068142561,2,1
461.5629779083045,3.3085151820414516,179.8426417355574,161.29784924598823,797.5611867749692,122.70921342707442,20.713401548651014,51.93105777331252,89.31678599145386,496.0109860925694,78.0501435787006,294.039566532948,102.87799213726029,1.7799049080439013,9,1
427.82120631330235,3.2553873115051637,205.07474593549665,133.76973322437095,737.6803250730419,121.0760343622295,29.072024487148852,49.72676527617765,98.09094605752144,476.8654645205032,72.07982188168558,288.0463028903085,97.02466256274235,3.1405287118196075,2,0
467.15631064810395,3.1801295204302327,164.1384720417522,144.91996419174365,742.900696465366,113.91408194430721,24.490320394997212,49.21747675699572,95.78384410478259,590.6595861992677,70.36947775051802,282.5309360571012,93.43425706642526,2.0137481832977695,4,1
455.0774461124162,4.137431420905088,194.2418784626416,171.9966358678287,817.4047645893672,119.53375234785331,26.612096274804475,47.26581377119768,96.48182265841946,558.7979102476336,67.89011567953845,282.13988175770766,97.96028182387727,2.1532731382606998,7,0
443.77068129148796,3.899401718596521,204.90077328630812,128.8617630296323,780.4350055050811,122.73594573261677,27.018161463580423,50.43393713137021,88.3574588415833,542.5218993593132,72.02647055246545,281.25907901112794,110.47187486209026,1.866281892106092,6,1
459.49172799159425,4.0761102506432785,194.60096206349672,127.01102648103357,795.1673045190929,121.10549119552131,23.11510452394674,52.549089542234796,105.40741856401809,440.3875591138337,72.25697976208018,277.40571371780777,99.52194610408485,1.853340565897361,5,1
484.06039286706596,3.133131494133331,169.13098113628507,154.03959284343506,880.639011634852,105.22227892246683,24.407414187126356,61.95324067167924,93.87129553903577,534.5662844913621,72.00660686863355,269.4811620692759,103.22933334166116,0.875952403614465,4,1
452.72799382587743,3.521376124973268,231.88355912408025,167.24231046015552,765.0377967885462,106.55013331391591,29.003447052230513,50.561660341936026,91.97835242789465,507.5066670056775,75.33996522251745,288.60863046846515,100.84401904962039,2.3937470159432284,5,1
453.72330879450504,3.1119477124387713,202.0707630789835,126.38487423402056,802.9981428847854,130.8284143391639,21.648407002778665,57.555705800063365,83.91245615546423,548.9384055806458,76.47635616916672,280.8021644301595,92.97400981916769,1.851500896263724,5,1
443.10958650689633,3.291291536840881,228.62304235523482,156.11534605255767,870.9922243686526,116.93005954116599,31.38375422427177,51.78877541713438,89.22342543881157,512.8958038050775,80.02796531809199,267.8490410845292,107.24481623011584,1.9059696560631436,8,1
437.25233445802814,3.2245619049750274,194.7992749963911,158.71499309942539,813.52567377332,125.8472534703594,22.76538164417118,49.50235836176123,90.91503808562109,499.73129335846784,65.81578908775639,322.9804396607086,98.76089095088032,2.1366688220692347,3,1
462.4550372481637,3.8718752019324683,182.39976036618472,119.1125927446152,719.6698632320997,109.07880090277604,21.461447630078464,50.74273763855646,83.6985816286056,509.35137185346235,67.13289243116391,336.9790791575015,93.44743717640652,1.7927108828495444,3,1
437.158742611367,3.381131096569472,205.3836184051032,161.9775200686083,825.2694505866068,105.2685412335347,25.396927062065604,43.891318151537455,87.6614628338473,427.7746683350982,71.8059108352082,299.996916761898,97.43883245778332,2.131913388601499,2,1
451.07349355829086,3.820513800108205,195.6842574734356,163.1490881976327,741.8498571108278,111.56403387468288,31.62504479301961,51.52930135376019,88.67359985517592,469.3038691132881,66.10454570631107,301.99418963792516,98.96877952512901,2.6015302547227916,3,1
442.83513829852325,3.6812362668765553,176.44477084017285,145.32321640115964,870.3403764366483,117.77434929228586,19.267102193223387,40.03967467589314,90.44736528738575,514.9334215481309,66.9099246381389,279.2230810239121,103.74739761750612,2.2024066768475086,9,0
457.18469738619586,4.191091625631437,229.39568517574992,168.78519543447013,758.8566197501011,113.34859700715587,24.576952844530922,45.68666821055734,75.89834407966717,545.5755343362633,72.37614790753315,332.01094070372994,96.5961840969486,1.9232514315776221,6,1
455.00493157930424,3.056166733058083,187.55459554212007,167.04683361487267,948.4754753872833,132.93933523105713,26.42879505176967,50.54921546566905,88.91783567436589,477.98027534751526,74.50421177489925,352.1454334522902,113.10172799991966,1.9382524480586636,2,0
465.5630991638685,3.87776997193604,163.1946723040886,151.54676888575807,873.3687994163839,121.79523301537462,25.100949875606595,55.96991136589422,86.98123053536055,498.36772480544266,76.37963976389432,295.08618512923016,95.31415508745697,2.1002967895388767,5,1
442.3497540171788,3.8439322611202185,226.56332107914665,143.228319145126,760.1693715186011,138.48938618561857,26.14576501000903,57.15312198499197,89.8329268030008,435.9603022129844,69.03692793121199,284.35660414822433,103.05997481115514,1.583924851169884,5,1
445.9518759705994,3.2079863485918896,189.91403968374755,135.40758161125564,801.0006902500805,124.04408154071417,22.84590075348318,48.81726710179532,98.28221252944205,558.3724325341504,72.31576481768985,310.24425797864535,90.13013629294194,2.103929850637959,6,1
435.3185442632654,3.802140000941948,187.8435221476875,149.43654735950713,837.6822140816731,95.8744918208019,23.200834462205858,50.77858659765221,106.41916393696965,544.5496692893248,71.21378867946885,303.8679313211517,99.38150666870351,2.3422854462369673,6,1
443.3356010988583,3.6008434889078687,164.69224825940051,158.5463837955627,839.1830237113354,130.56041606458555,24.5547320585224,54.92181234791014,95.42701759715702,526.0841047426879,70.08828722589993,284.99533573628133,101.83617139661058,2.0437580480553805,7,1
455.6595073956728,3.4317571220139778,234.81882973193981,145.13734708439037,822.1168129988099,104.90448377530045,21.610335736291745,43.352532139035404,80.1246226234693,516.2722475052357,65.91995417395991,314.13587499097054,94.4020837308869,1.7879335510333125,2,1
461.3548292496803,3.2528193539084,174.21038825580627,117.03748492106955,862.6079518483054,122.30533667211338,24.865940795679432,52.02373752657752,87.23674438533972,562.1019626058719,65.2839445539874,328.14472822169694,107.49522740520835,1.8564482400850377,1,1
436.1675201373356,3.2842671645652444,201.168989614113,169.03070841864854,793.8515526682816,112.25315942336155,23.833764118985496,45.86053566317096,94.76770647064873,467.79956034741133,73.33337389977979,276.42544796025663,102.17238325592085,2.3260844201549347,2,1
463.0440888015849,4.1149436287357775,218.25240645080882,152.85334832767342,781.6641165711983,141.42711034464187,23.589864444535394,49.14087477661641,93.86632397143218,463.47353774693363,65.83590310057899,376.26101939146815,98.41179767576786,1.4499118977081715,4,1
470.3345678820743,3.5002048456872448,208.43433866006194,144.3056325498475,782.6568006037695,134.39597927430134,25.961519237795912,47.70488374752842,97.8986058836246,542.4607914502571,61.115405875864866,254.01173528706516,102.11838750813988,1.5917714280768547,7,1
456.2015235483555,3.734639000459438,198.80691376015616,162.8573758263493,842.9186615986064,112.58179358298241,19.53802152040209,52.176790635240735,89.22119204567524,539.772535268325,69.84119338354905,274.44927820977296,97.03342919031608,1.1965494931096212,6,1
478.151937188371,3.262730185499734,165.96668283425169,172.86957894724134,818.2590520151323,118.72642331878889,24.31272968985054,52.75151837004545,87.09199804507595,452.2601765564339,77.27620151074875,307.0190409090709,106.25689951203788,2.0169993496699017,6,1
438.3931620134464,3.2660441161335085,183.80550328465432,107.97132645768163,814.5641832845129,122.44598069649217,31.952061296844583,54.455393386986984,104.01939203132831,478.7456047369254,56.02574780798879,367.4061935512965,105.07649300911088,2.430943837870611,8,1
431.3301794503287,3.8245954427749824,203.75600676085045,156.51395474883108,839.7617124628591,128.6341407156161,21.741670941023123,51.74099414232224,90.4693648269571,567.5637252430956,68.55834863423244,283.12227924958125,101.86695033553744,2.6657409132287615,5,1
423.3191962664358,3.0951271365345403,184.25651860026008,128.60026183784478,697.4473796073073,120.29151912325013,28.85650148945324,50.858268849844485,81.86660499183108,516.4666931286362,73.37607432663117,268.0276106221324,103.05846023748961,2.774332921597361,7,1
472.44066467233773,3.3754358696284186,204.06718919997536,157.48665760198412,815.5034411937576,109.75105100619133,25.163968362738096,59.27011900219301,101.80106925626336,531.4864607207269,60.882517833925995,316.4772443528624,92.61401894949391,1.6547629289043908,7,1
459.8154848453109,3.5102082233216696,213.63486817630283,151.9189080356187,810.9284444436857,112.82441360799947,23.191126573355746,42.378204649014116,78.03123606884444,453.63813829882577,68.93333541899459,292.5421677684579,107.33472553372232,2.125015482755825,5,1
449.1662299363432,3.5334117805520155,219.25005771600203,159.53589789660825,883.4404040650353,119.95518203623209,21.03807502141058,58.4780493006462,62.039638220091156,526.2657809814872,64.30271377723729,319.957670848633,99.5032108936735,1.798843829407982,5,1
454.1995293947973,3.446272014495153,175.47641284374635,142.51128578258016,723.5706008868167,132.34456978764692,25.419045895855696,48.55089045565801,96.15509406430058,443.2183381691648,64.96410942996557,297.8765835029874,105.12522824713051,2.82382197611256,7,1
433.1176642905244,3.618745934328777,243.9329210995791,121.90139832271272,877.8593316188379,124.27837860536044,29.360191317444027,52.85445793184152,97.28560776819705,420.8071453759726,67.9879089614899,274.2850037361013,103.74921111762349,2.6517231500529026,10,1
486.6862796942524,3.7078567267453435,215.34958689108262,143.24447713114998,803.7704564462333,112.26585073384985,23.83236656440971,48.37170159703199,93.31210353555753,529.0729584072348,64.38426054933915,370.4662791124269,105.04857383771936,2.0840357194886305,6,1
451.9383177296284,3.720391263637799,199.9657169266187,156.10271452709674,824.4494765330022,126.4837277770979,24.757115725789678,46.48729185224187,79.5803513280636,557.3778067853796,63.96849648424094,211.3682820275784,94.76118524870523,1.6903221268943711,1,1
451.6409219190734,3.204258857399652,221.79073166153282,165.23088493012835,883.7959393804688,116.1301516112184,28.031112550570995,52.42288596397114,89.52904115806143,489.8485569700333,69.70384124228998,354.60716251049314,95.39750328842044,0.27597854288095447,5,1
460.88649935848036,3.4147534706213607,247.30815543999947,132.42253049291213,828.0380634002787,128.90408005186842,26.022612374038843,55.210641543072214,87.77465141156902,478.13797272582167,81.13569530267843,327.9978571270178,111.24137384410285,1.2832000912416954,6,1
457.2151384760507,3.8584288585630815,171.2255979788626,165.40590640309526,820.018414473128,145.27010418328604,20.283172660826263,52.36503977483702,85.70168791286089,568.4339462498548,73.78871658723928,277.6323212541836,92.40328963253822,1.073853620746195,5,1
453.35826036418695,3.7683941562721617,195.49474715017294,140.28191565530219,812.114559290116,116.4117362905645,25.29666164756555,47.28942106658559,101.29655544647423,492.2086652354157,75.05266383519178,356.17260314501294,94.51194823245646,1.2768837150478998,2,1
438.14288316832034,3.088142164555681,152.43136680253343,155.4367482239179,775.8260932502811,128.0160515972637,29.536704731996796,68.05675031407834,81.62667153094648,497.3692510577096,73.98631219209422,258.8574240226722,100.2162199829908,2.9394238089559646,5,1
457.07202535703993,3.6054439701056604,203.85303065296048,142.3515907070155,798.5755437744804,112.5460666796227,24.889176440597506,55.992868354331264,92.5288356248512,567.7582890576134,66.51243193660392,330.24332886022574,100.22489863664305,1.3524792932941376,6,1
478.2303674471255,2.906532425187557,207.30788483850282,152.73255941568152,764.2243616938625,118.87736232808703,16.77553171156787,54.66671152103626,99.5523758693006,485.8566074788716,71.5541611455808,237.5206466085867,97.29990961433762,1.4695285025808238,7,0
470.18130069232467,3.514080470618111,199.2167576911448,163.37816451855412,797.771655028726,120.29562286872101,26.164644974773218,48.23517884628898,93.05153220255231,473.8388956262054,75.48847130471167,265.62365421088873,103.08039435959635,1.5397379338419728,3,1
473.89779939959095,4.069330105023793,186.90932858003382,131.59478884067195,683.2034651472452,118.06316339955619,24.40463068136789,46.8741710585548,99.92894697996299,532.6203289654835,74.14168733890895,265.5491452305637,104.5104171880025,3.299272364488167,5,0
442.3317648535322,3.215632184819304,159.0097096762335,139.80141154879752,821.4519783783775,144.63013688775024,19.51271675823635,48.600804620785304,94.50971777943144,471.52575382483536,70.97275503684193,277.48030018713604,99.909161835456,1.9687738861044277,5,1
435.1559276961213,3.2497030863525254,207.47067366823538,152.7744388101313,793.9131373108187,116.93406925321618,19.962375729838648,55.407032721962416,93.43479736393623,494.2159384751127,72.60023247096947,300.34743346135974,98.65755070155802,2.4971021330521306,3,1
448.11319619850525,3.729208934471858,229.1086896783065,186.0237549154553,783.1898131666618,125.86851538784867,27.925321429866425,45.04697831462086,92.93467895065717,447.23365593151203,82.31436982584576,275.22070907675527,99.88868905192427,2.0876977057612627,3,1
450.8358736843304,3.037159545437106,188.17963088533136,137.05215431749758,810.9879041970072,100.69913130676568,22.80285176321476,44.65898084272841,94.90754613320121,507.4158835350605,74.19721608578173,238.90767144906636,97.51319604012791,1.0077954911999962,1,1
466.41287277706425,3.3101734910344884,208.8011985804629,180.60200828995377,728.321803851728,124.3199656336961,22.277510857792024,52.69773766680509,86.91568722070191,502.7238994881237,68.42420321401175,313.90352306102034,91.50881528905575,2.766319733824769,4,0
424.6130305542777,3.6789323412745256,168.637113731599,180.06634955512757,896.4634998310642,131.42054592352247,24.893084317204995,51.595982223210605,79.58500918501771,538.7208109889258,69.62981496867701,301.46852768782435,101.50462218503773,2.200548375670322,5,1
472.9432547919092,3.309714245693179,209.14426127385028,148.54033273947613,794.86162692562,114.72402657420949,23.067391005040182,46.14843231054552,97.63234729170648,534.2902614664692,64.72924301704276,312.2678202269454,103.8291785687402,1.939143510492383,8,1
447.62988152131516,3.4292090038367085,192.13235404510687,145.5277121070015,792.7077783513905,94.89777858959587,25.300145883333236,44.543982107923874,99.29393840404613,522.0607203387833,81.73517973973148,305.1575372779793,99.23036360838047,2.8800637321724634,4,1
443.5967839507887,3.7232557130945105,184.7516409879417,139.61902202002963,751.7301894933539,119.61348231172676,24.39183991168999,57.18948496684216,92.01583048724835,515.7702277112405,78.01934862721772,328.627058459555,88.67460909047216,1.8267255311451143,7,1
434.8184343710975,3.626463825060968,184.79272717567738,148.97696204500997,801.1973191224631,120.17183850385528,21.40001325971907,51.78502212649781,85.61299504292504,497.06983544990635,70.41606518136057,297.7355294051669,97.14142477339124,1.9277924176216077,3,1
425.1771499220135,3.5800455188886207,192.1277683593398,128.89920851160662,869.347994513664,127.24075050744304,23.466406604315846,43.18232068135984,77.5382630677629,524.3822387598321,80.90410059383389,330.3756190443093,104.52861035933965,1.827448639702373,6,1
462.3475587594287,3.3982633162189884,207.6486663138507,148.85641474019104,851.7958104716017,140.10903035413435,26.328259963927312,43.53187231958853,90.6864567993871,455.5067130532405,73.16200022477489,276.72910055696315,92.80875743731596,2.5381456426565028,4,1
451.09976950782607,3.6110183345806868,173.75673597608966,172.45320410776284,842.7218875570278,116.19946349399693,25.125754120715875,48.19244013774765,79.20839724225623,406.04135712582763,67.84576791192092,278.4398886198344,103.4794201105186,2.4069114660117674,7,1
430.6505865038842,3.4628801959700732,192.05769336864293,140.83372406284923,827.3199475833636,111.4371187633972,24.754172552824507,53.66420903498817,78.0880999788966,546.4767068485157,74.53226270259898,341.2811818619458,97.77291935815114,2.1393094309309504,2,1
430.5738184190458,3.6373416829777354,199.17056444001705,146.38913544016424,782.0728736218695,108.33082198628557,30.812152723538155,52.975044010541396,89.83414777587446,526.9664184899166,71.99321735898326,340.67005974681865,99.9061242466253,1.4741162262437602,6,0
444.9632295106481,3.3509203924646065,178.01921550936282,124.48289288599138,727.491841648165,121.980786170316,27.193112576156608,55.65839268500609,83.88984399049589,494.9205426288034,74.18928389138199,317.212264283425,96.57050244608064,1.8148832027620698,6,1
475.0353228793409,3.4452293076861378,235.93330403350035,155.61093132196567,789.9480614066682,124.79354258818502,27.55732379446403,42.54825096269602,92.76247644931816,542.9823443378394,63.154540701718915,273.3267626142058,94.32208745191026,1.473957866382633,4,1
446.10612972954596,3.203012662234396,182.93009039877316,153.96722527427062,788.2064267733161,114.54344605637415,24.502094776615227,51.119233448898285,88.725635179505,470.7401033221389,65.94842921401366,270.9110269411273,107.17123234135185,2.5801839108585702,7,1
427.4528557032284,3.4894977169981294,186.6112617273302,150.95553539648657,852.4397219835621,127.7868274572579,25.660435571053824,57.129551661606804,85.14692347021912,471.780298716674,77.44235415061587,339.84191887083813,104.07919516285745,1.212636320813698,8,1
446.3138540387108,3.2566997409113467,180.43384100355004,146.74759424666786,815.4695221229911,124.65384076819176,23.706700031422923,56.664008652380495,76.36067935416827,466.2344910522333,78.46568745782028,338.1799478273448,103.2236051475102,2.797185594082227,4,1
445.90914645378496,3.1657860649514022,235.96960174276234,145.60863121841317,880.6155763951774,120.43231689644891,27.332649296572384,51.79454990706343,83.17689499335714,522.7048790046354,77.07556363484028,298.09261926989626,104.54277741100957,2.6438264386995973,9,1
409.5467003558764,3.5775983443566166,211.05810457198965,157.5285035055101,859.8744270019088,110.97585279255874,24.66880028770287,61.740092543269384,83.47090807959128,436.6816769114099,81.09323451793429,370.2565478090956,102.51357436151248,1.5407355546824872,3,1
449.18557700223283,3.563821932757298,181.26815987512717,149.56775097617066,777.1752195247952,115.18135684515276,25.66713324679167,53.0464255820793,80.1975386118803,469.32153572871835,72.88684149106932,313.7670021583842,104.72065627890117,1.79175786818007,6,1
446.53598204686983,3.734862120484572,222.12463117719938,154.72457807332998,710.2435401690066,95.70244702317456,25.481833906465504,55.213733164206715,87.36764563806092,511.5886009294454,72.53541681415216,266.7840187790664,96.68049627009792,1.6437847977828735,4,1
460.44309547220126,3.3706623291274704,204.01397388577757,153.22474226181822,869.2787616970741,122.35787064198034,24.945499355783635,50.22223959387753,80.82198407060278,451.83395696309555,65.43396549388093,291.7310670099632,106.88843443639523,2.21511689884921,1,1
477.7343414241802,3.6224158540510265,205.14506842223003,166.85140930643644,867.9692611615372,120.26341288747435,33.814564201467306,46.09512353577856,88.69005802167028,473.5875837735526,67.09734279576847,300.1641173401612,106.44215529768665,2.706224113343662,6,0
466.89847544321634,3.6652392716820987,193.11045582495095,160.1549114606258,731.6894204548887,121.88478991089487,23.000142167515833,45.623953996106266,91.92328970934925,411.5372969154174,60.05869538845224,302.5919591024734,101.9024098375897,2.5928096581695788,6,1
445.9666696416775,3.6334321423494784,185.01168026086054,152.89292764725286,875.462000991375,125.0431901556456,22.972865409523923,50.9080760739721,83.39064036488658,524.2322659760615,68.39256993816147,337.5000965355512,98.56002726057476,1.7835347632922545,4,1
433.40211136887496,3.2523038951593572,206.75532198109204,172.77633045978268,819.105858529626,123.85821486432224,27.08229024043527,48.94248996574896,93.40326903534867,472.48659226630883,59.707369555833765,271.3113326200692,93.8823539067513,2.6274035338722306,8,1
488.60039704874794,3.5448090446813567,189.0982554000882,156.3040279358484,808.0342749062827,118.89616819353965,23.21449300277446,41.15707165043259,79.10913703001837,456.0287499943538,75.40483085431848,260.0546310266335,101.14328887102097,2.5859110172306354,4,1
450.88827651021734,3.6092420888163983,236.33511259150208,169.5744403318563,880.7391627123664,120.48668043162752,24.12578091595332,44.871032075371296,81.10258081282967,448.199090961657,71.94199434275227,318.06971049015283,108.42457589834032,1.9055830456230534,7,0
450.2089393786942,3.5021535400723827,174.6141778951379,159.10413912579958,867.2342586615307,105.9568358330383,21.740767139933148,48.40798212972953,89.09426161900184,483.271459511796,59.86915376801955,284.7904647322244,94.19581413324501,1.9952707610385412,7,1
449.63812369334994,2.8740567024886747,230.72313545709892,122.37121381602685,832.5665475997602,114.16279354310574,26.47467375820776,53.6363968796858,95.4963287351091,436.79377652434243,69.05068153918259,372.70518370400475,105.09037574262803,2.770857042323386,4,0
452.9712714115178,3.548146887192044,197.77362302404399,169.57252144978995,823.6608532905991,120.50471053683461,26.512771733452453,49.91963056918963,96.93919633191413,577.6951870859467,79.8382781117425,328.296611444269,97.64280563046722,2.5291809401231777,7,1
447.83459382114086,4.163759311819173,205.98171468042213,152.02764362014003,830.8197145265179,112.64146424087639,24.054423820229665,49.63967894749743,102.89912497726047,404.6102153132406,69.37166924582128,284.2381064297928,98.06951107592361,2.6123919922546177,2,1
441.39506989679643,3.391988219372905,216.6631553325887,149.22067843648833,779.9971283058737,128.60150795872545,27.144450065440218,45.06543686498342,86.98728900145991,481.9752340085404,65.00814528181004,336.38561216352616,94.12270504368566,3.292692056025051,9,0
441.7971158813941,3.281576870643404,187.39501409991126,154.22022521234365,797.2449275133839,113.4136791904497,19.425624958799226,50.11583040031049,88.97998945057357,504.2762771716502,61.0724886534738,321.91232385249015,96.23753536716514,2.273633508156186,5,1
449.50870094676003,3.6120045679134196,217.28496769397273,144.82525257064398,754.8841422702728,122.16305411248317,22.879439795456967,56.595505137229935,81.73859576785611,468.9848398345378,61.22176693778056,319.0109144238983,103.23391042780574,2.1628323604553947,9,0
441.8486284329935,3.5937134631399714,145.84912289237644,153.40543290583418,783.3480112130541,121.16565656815335,24.490062441367208,50.77787556379278,79.96986934407181,508.48526949172464,72.67789983928,296.3326820523452,103.85563784378384,2.67896873066283,10,1
439.30731325984254,3.8578205496249245,185.6002093355612,141.1218590048536,781.6683060665533,127.4627759361041,21.48315250929114,42.46343209259069,91.8285766906202,468.0159370021535,67.83063688837628,312.61352554915396,101.17929040538303,2.993910455733503,4,1
451.59645341537845,3.1226395532273337,181.5187438531787,169.11408388101555,768.2347315189168,129.00791174028302,19.753860887743834,43.74238602847734,83.79302800443006,561.203778546926,68.24502929200281,236.91126298222008,97.49593567620074,1.6943030347420693,9,0
446.17534173868717,3.7194140757724976,174.92987975256477,148.29617829568426,806.8373251324232,126.94032610967939,24.076312104884657,52.94394438611577,99.85903360013832,455.24491943560895,67.85126668278015,339.5126821266615,94.48221398883881,1.8990707394066861,5,1
472.5598948287403,3.677126618375439,195.70090323842098,144.2612423591635,783.8009574649711,98.93993798616867,27.082060261182225,48.878422623886905,78.30091414506087,405.9510423460672,69.29880025267629,196.91812830995934,100.30879233405113,1.4907146897264556,3,1
410.2354528741048,3.4573560389178364,207.7149993636339,136.1261127642109,825.1117360175987,131.94148148013127,28.846325174279535,49.62709884948243,93.89082564659758,448.0600059818671,63.86418500648476,286.73630717922254,98.1752284789169,2.1713749872055836,3,1
466.37260277883695,3.601606195376507,214.0531999699861,154.03163683722963,718.8839693353117,135.27308224194599,23.35813635038388,46.93632912492622,81.95408608946377,515.4597909925485,71.5805249684469,252.128683404179,101.05590711218716,2.444629301912036,6,1
468.6912778874644,3.8088372444795073,204.81753514400816,152.8066065018764,794.332260294635,115.17875715678531,27.19964751286478,52.517061060999566,83.43641226582334,495.2830248180454,62.88646878121653,284.9744657630543,98.39381150089834,1.525561357682715,3,1
418.8991465138778,3.761694614008535,186.68613070212905,155.8263692051626,806.5775820088747,122.3664691267285,26.909626114227002,48.495411433773256,94.31289652201625,530.0853163192846,66.22078770979373,297.7764818276368,98.52167606657268,2.566897760110835,7,1
444.8596860887948,3.1570942063778813,207.38032875650333,134.59122168742306,784.468538008156,111.09168319869218,28.65582452300349,49.066933891356975,84.59295651113673,520.0697846684386,75.05413848832562,264.0961939825137,100.79480343056231,1.773336543714581,3,1
444.42838701006315,3.7460474560266452,202.485713897017,125.9822820178264,791.3803650095384,100.51621493267848,23.949426908937994,45.74388304168437,85.8737274598408,474.5487860109919,71.88102499862595,216.76568272082278,101.7609623232186,1.7326046230844703,6,1
428.88732457923265,3.4805934184902445,218.72112335872032,159.3838695375984,720.7376994635072,112.61284734457614,19.60449851444598,54.60845649071385,83.50273309158744,480.4366602481781,73.42840923100691,306.2119717242317,106.11960645048867,2.564969126611884,2,0
438.3327496861369,3.5218622294046544,215.53873405863033,172.2696279281476,817.8238552334747,114.59860960536389,25.210557557268235,48.894336041917896,104.28023833290753,484.586848973871,80.75194196408943,362.59319346083686,98.31505832962654,1.6874297208815632,5,1
433.34136231801256,3.5219590973005084,200.60952827841257,134.60469566415156,832.3802991283535,116.45149268648184,21.95861877709083,53.0394016655988,85.06010951135993,575.3738433398661,69.7017299484775,289.4615949944998,102.72747258526138,1.2982507613884455,5,1
476.2840566513543,3.454927103360522,182.05493987677485,173.84161925342548,824.6768647101884,110.41085909994013,22.829484672813976,44.032042179829915,90.4124177394621,527.6328925874948,70.10730130012489,328.779928686774,109.01811029516037,2.3718285549545253,4,0
464.0351758972119,3.8575122491321197,186.9409968833584,154.25866588104572,851.9363529721091,112.66574833182761,24.096342567840452,58.66941569189304,88.38469119775141,575.6674759671403,68.6783952207483,345.13154512670656,102.86038162113782,1.934148851553426,8,1
469.07332642491235,3.4748846120452366,189.00421280723933,149.89405643173757,810.0764802891251,119.88993678371592,23.983217105952573,56.386870192566114,91.7713364937941,533.6311748936726,67.78292926303926,242.99886226362605,105.8212549678249,2.599029416588512,7,1
460.8250809606485,3.1641361614850494,193.69467332167488,144.03676955181334,823.9340590325469,112.29773016889858,25.424677800687384,40.451011651705365,85.08210442427252,497.45666420313796,64.94704586303106,286.28174545565037,96.89686330365637,2.416495335381735,4,1
433.06422343174154,3.3819410432090815,205.36100855179507,129.23222970862506,807.8045369228427,125.43524332550028,27.109468949258854,45.99031262468142,88.3934621236668,459.2255405205734,70.42032405597926,261.708431649336,96.39822179825828,1.125850819609183,4,1
442.1321960058034,3.5536084150431426,214.30348780256116,164.815927738869,834.3775359796247,126.81660651397439,23.896793250172102,52.38817195504942,93.15161607195148,508.06078684594974,71.77524303298078,275.81168886065507,99.20312935807532,2.65776721169446,3,1
457.3406184184188,3.868764435289115,198.97762613969246,138.36590457843596,721.1385181933939,143.8038774616449,26.187092519824013,43.40135671925498,83.09594289597607,497.5652331113508,72.05385169596448,351.0603510343989,99.73530057393131,2.9498749764234775,4,1
431.6680828666208,3.68092840548465,200.32249575800944,138.302899863936,755.3209516010994,131.2567993212346,25.044448029791518,49.34202958918337,98.71457085302524,496.25410858647143,70.32181913433539,306.71038459272575,105.35412258557972,2.516801754632116,3,1
460.6949764525858,3.244839416375887,202.8661261000001,164.8788946483043,879.3449828516545,122.43103058328414,27.806483187635337,52.13315892988398,99.48384415233306,491.63603692403,74.6308540240999,323.66470803135525,96.35158025409322,2.536930211773518,2,1
446.39511902762797,4.245556975003668,189.6818937373532,121.7552482999241,676.9782088951897,113.79735703332321,24.43422444668105,49.07637044010258,94.85194100926992,417.9014916969511,70.14718345371193,298.68302682108646,99.55686044901206,1.8761639595461226,5,0
444.37768788675606,3.5794325932933937,181.49215484714088,127.1460328399775,792.9911035087327,122.93747351673998,24.763219972676332,52.694193517685484,90.55901106877187,550.4335926613862,67.9534905588302,263.6834206279337,105.37412623506606,1.7616523231827004,8,1
460.6643995230524,3.8826172213997046,164.8912420537858,149.72798634737876,858.6137479804034,123.26595959916357,23.87679865600328,46.53335047699059,66.07518841436371,497.9818604313073,65.36505909012742,320.34347091656116,101.07771791699338,2.1062223475130946,7,1
456.6639496722906,3.4544856699268314,186.09701283846255,154.39926643507278,795.3369667229118,114.8668691099434,24.513254380124515,38.779092289159394,93.39432906123571,443.42987535885436,62.25512394211036,337.57726114328466,99.94591514847708,2.459952679010263,7,1
444.5855075127138,3.660007773411635,209.46290906535575,157.27101971953385,779.7494464274652,127.83731396752877,22.649535614962378,54.910576560825305,86.86935675816909,519.2705083629457,77.30207588968243,309.5212264850597,101.19248810733465,2.447366804059824,4,1
467.3899470504637,3.7518405513555213,185.94177123920866,145.4730225990562,806.471083840765,106.01901985318125,22.35220814156946,54.879073268012654,88.02980470865968,465.76655325573887,66.50472687256335,314.67373085279803,94.36223749244569,1.7811086761974146,3,1
433.7840500860015,3.8654584135262766,195.2438592514812,187.95554502962534,782.3439909998776,117.5560016446249,27.327296155848174,62.51818321144167,74.82098135581747,522.4856249188313,65.37166428356353,262.9559584089965,94.2812344287902,1.7304204507521954,4,1
459.239034104164,3.8172104916134675,209.32862574824634,146.58161161851248,801.5424746378469,125.55858459317406,21.750394950446196,38.964067410328425,93.94870788699355,535.2662584204984,67.91230885836514,321.2059089944768,92.05893124183196,1.2549232768081464,5,1
458.8965188695258,3.7616591000218933,210.41378992845338,146.53820771845918,765.8309481739935,117.12415852407904,24.04264573090629,53.75416054673408,78.41135162538437,540.7854596267728,68.60805606733102,340.38041468779045,101.03340893684802,2.323459962677746,2,1
445.3568034102901,3.4054739806417675,178.4093429566792,138.04519996779183,855.4337209977862,117.93245596570729,28.04602835881299,40.15658930958307,90.94739636793115,493.5633309338072,78.19256217951387,312.1375642281436,104.59427374921508,1.8051093629789965,7,1
454.89199533363177,3.3284761874131816,219.94118712907283,151.85860224781607,871.163246053283,118.6221413880772,23.94189761498918,58.78246640837659,97.23725985527872,483.4488908792593,68.35926448454414,246.09650262369323,103.82793242301935,1.8494776014432543,2,1
431.23329635422044,3.5997822530972594,222.5470017871097,159.22441848070162,793.3304838944189,111.64398759312255,27.486221361056725,52.439334168480045,86.24537454945958,474.9784655894132,83.16691782700822,349.0688850232584,105.71813996282407,2.863937589888753,6,1
463.8604052881035,3.7799384217023206,177.4030028556288,168.0536708180019,730.6755289654378,131.73900931574207,23.226862837819475,45.24035576161874,99.72841380182753,471.0977564615801,70.31848602326592,271.6552831906871,107.27111109526938,2.2991944533921944,9,1
447.22646795335515,3.433183789767018,183.52326260717692,127.66073603339673,773.8078414843302,109.81962328077185,21.84650918094942,53.90111237300718,84.02407697434256,499.3107974315633,80.28514124485629,311.63360480669735,100.72323692244082,2.1614493430845707,6,1
442.15915469221443,3.819551589714316,223.82181366292383,146.31006992466448,790.8005669948518,123.18159327409884,20.215522435297537,47.23477496141532,94.803464613848,491.6262775043304,74.4696464071536,328.58928805682757,99.67696141113225,2.4150986452378422,9,0
465.7351383875533,3.935785023645854,197.06292957489399,156.70055416213717,825.2769438451604,124.13647898282373,28.938172207817985,51.502080497756346,79.56171398833177,466.9878473671134,71.80518709922382,332.38854966152985,107.3798234742123,2.7103070037212404,2,1
439.4348446418586,3.2251037242779743,155.60444105096298,158.80586301891805,749.5993388414661,110.51378098791034,21.589386455096754,51.02980358104542,98.24904347744419,454.2486098478838,77.88924066618743,245.99829564660462,96.49492401661456,1.1912596199174672,4,1
428.8730805545466,3.248923788861116,172.00636990534628,150.09822986706808,761.5418840678925,120.73104254380743,27.24155977037528,58.72084068073647,97.00792306063431,495.6497563096567,75.6111489697015,303.5165176821881,94.10733689808376,1.717185781525778,4,1
426.65056239714147,3.457887482328399,195.01260749655037,158.13635954298152,825.5338068929403,110.90367827255298,22.000158919619853,59.07462955043256,93.74686338370984,482.6320952822468,73.17339542093045,301.5306483264783,98.30560273715449,1.883932600711655,5,1
459.0901492701846,3.5922838004567588,176.73914699430796,137.865541606113,846.9454416019779,133.91042475055946,28.952151753819464,47.01367313363247,86.85372690708951,454.34532106872535,81.58797004885847,343.1708456317954,97.72128345332892,1.5108290338482302,4,1
430.79355971255575,3.3426298958698846,191.73152458727117,173.36858148477535,768.9202977414658,108.61217063023787,31.6203481738453,55.29052808998018,78.7839950125751,533.2228405368563,67.50803644023189,313.76170627231886,100.2416337291051,1.8673892135030077,6,1
476.3219127297655,3.9056608036601435,200.64792427367158,164.88942154469143,733.3391473024502,113.46102905768035,19.94040982092899,51.77420077785149,86.87487747824434,570.88371003301,65.02543162019134,343.44352983134877,95.7499015442844,1.2244325493131805,5,1
418.7710588817442,3.6272200584555354,229.24509208069458,129.82608319402243,964.2059100643942,107.7577499164442,21.74573069752356,42.93658966496544,98.88245740598498,538.503528559369,66.61884629094023,316.1975279965546,101.84866572381667,2.461089630149522,3,1
475.4468455243506,3.511834114472222,194.19092167544423,133.87345427824866,839.1652118544357,106.42301273132448,27.319395591409673,46.5188580981391,91.03969497255292,471.19247953295826,78.76136595041777,297.7750138631635,97.15443979804758,1.7412477046327843,6,1
453.1652620080393,3.0692271428394418,221.45083599145516,134.2961737483964,786.6498119116484,135.91215290882295,26.539128770097445,61.68073049799812,77.5757045639004,497.99081261640254,77.25380010543049,305.8157826461448,106.14101913177936,2.1004781989430867,5,1
448.54930332194414,3.105255255071748,228.57520324073542,160.16954956344793,843.451563776542,125.42774673912562,27.330765564280576,51.78927200552327,81.00217888464047,561.6171580674984,67.37369050259808,345.7079075130739,94.02717248280146,2.0256543098285964,5,1
441.82621369786574,3.584302775084542,228.68619338704153,130.729083503738,793.7771685142789,121.40293425700544,23.278733348786872,54.99889789758761,100.02521120681824,453.0520142889003,58.22674356203067,261.09204493496253,99.30263591973949,2.2787097005620143,5,1
455.98704171528107,2.8602213121535494,205.69509186771137,145.03463498687879,843.3578444550093,113.43423036653078,30.962602483070103,48.93977843816504,93.90330201702308,531.303805067409,68.97077481810639,327.178635303616,98.32542854211245,0.7695552124140608,3,0
449.4354794636273,3.8037912228932216,160.73421704322053,156.8205659462516,807.9696598888111,129.0761181104677,25.354148400069324,47.30029042640329,80.12799903408057,442.0766716742404,64.93367845704364,281.1715202633764,101.15444961335234,2.225131860528984,8,1
466.5495282302478,3.452553846688304,209.2164973080773,149.00751098180348,804.5635949083787,111.75777560632547,21.34911226946944,50.13632253817237,75.87334803060325,567.3615050972531,67.53032014255272,274.7256274725389,104.63352241413354,1.8624541399103438,8,1
451.7134147299306,4.47292789087842,220.96799775627082,153.8833127356906,794.3209065884606,127.93639294330103,24.240554499871166,48.669479723768916,84.99966292319947,482.7874190099604,64.72795476127041,330.70279099848517,101.33105453194472,2.203431963607347,4,1
452.2545264219282,4.192374875184833,198.37865789129165,134.01295932976862,727.6309333268455,111.27488723394364,21.3892993113135,42.53373534484201,75.18913033608064,589.1617489809526,61.95230961510488,273.5073823496702,99.35704400824393,1.4102733961308282,2,0
444.5458168167922,3.445565279225745,234.89167740150498,158.92281560095867,896.904744969657,113.55492298124328,29.772824075662314,44.98337271272984,88.753324079944,569.1225519456732,79.41602184165451,311.3122415077597,103.45627518882647,2.206837035169903,6,1
449.145815644184,3.4680988992406054,217.19667122934916,140.80182161286007,752.9233039866128,127.58282386117921,23.019006211599653,53.539422572061156,109.61300297469043,495.7427796167445,66.58165898028291,285.33175733520704,104.21512384708076,2.6492559298621066,7,1
454.6170265333809,3.798674454200609,211.36546754305567,145.13070488403088,731.9988211844702,128.63827344155766,26.477450454233868,48.096546554487944,77.22435139440663,471.2237850755836,77.06333901629583,229.2918991231058,101.34599898352171,2.0948831298995847,9,1
424.34747411015064,4.010951782975411,221.72761422411676,153.5659759185898,789.3570058621816,125.9747293389676,23.58798056505346,50.12852441013953,88.51179469435029,507.79101887563655,68.89314545076572,314.33147940313046,101.93795913653248,1.641379586684025,7,1
429.7772186684143,3.0085912827691947,206.66739702521755,151.54617332296272,751.9264093244747,109.50325884243205,23.15383807071246,51.174615252486056,100.49541260265,492.7936413341375,64.34597897723778,303.7896381887037,103.23317773147807,1.6632343035333434,5,1
461.14896141034075,2.964087360393594,150.14379001209292,150.35970028523388,797.4143604719865,115.53273134277171,19.269237456156848,51.5652502440936,95.99270286640076,483.9373214565763,72.54534194964502,242.69758456755545,91.78036637075374,2.28812065044762,7,0
452.5629815719191,3.3133895583336854,190.0172209705927,138.74059767034868,834.3881924280885,121.56898741198513,26.7945238089717,55.73289530657685,88.81007428160689,433.67546981686814,68.04471571533536,279.04231375383415,98.24597394271771,2.2848221560965403,4,1
447.24024995470984,3.6748212749521594,223.94336054495707,145.5067588320121,849.7651450264611,111.50719038089909,28.89754375788755,44.50652092465734,88.82921063865442,479.4178566538165,68.96449447168376,245.79023649863086,101.88116965604331,2.178270991363376,8,1
450.2765089959809,3.649062077152279,183.8481731980341,150.03275386255555,840.7365360810841,133.70962760129294,22.252097255904545,52.851263617718125,80.75272174060336,455.5808351297504,70.72452967169885,321.9506966188924,98.54196258112813,1.981237485002872,6,1
455.2137255804251,3.820931436495155,195.53054989526123,129.37372150249374,784.718397260716,95.98053056049454,20.364312655003985,53.77513896759824,87.85875383995557,522.0659082570095,65.93893582125655,341.6397960813029,98.55926555180905,2.1014799876755457,2,1
441.90360479535957,3.1400907414904076,179.1032737219386,143.0620055052993,802.4795913830793,112.21260484630847,27.409948128213486,54.92925889500753,91.94752571392104,539.642852663897,61.8943182293982,325.48471815138555,101.87450771399966,1.9675454583981438,5,1
438.3254291189653,2.805156841109337,235.67845190403537,155.8151981854927,820.3939525448745,114.90433497130168,20.061275952681246,42.93541200292564,98.84090834619272,529.6273601569438,69.74365192632831,329.6739047040027,101.98822487007715,1.8095594803667863,4,1
452.93767882646523,3.7574042585906438,233.6298491483603,130.83845094231987,712.1106288028964,91.56056335228232,28.658598807844776,51.27409609173499,85.03859501188195,513.6950035851003,74.81958851316918,284.4650878299956,102.33529677285443,2.3787384550767907,4,1
435.32440833577454,3.2515411181104295,182.32262209718542,167.3487247739136,828.529235005993,106.0377086976381,22.28681463113614,58.580379731992586,88.4813189754923,465.88371731436393,65.49204370544122,316.40784033331124,96.03888269139847,2.155058420570553,5,1
456.1237913357171,2.8944536406834085,202.94596000778168,169.04419893899765,727.1350356208084,126.25289512542068,21.690121771526123,49.50439740421688,82.40629215394654,508.21603090407643,70.76981133132817,299.72794109573516,92.91098319722909,2.6452708309611346,6,1
424.4612459364324,3.5435191237878145,186.39011904471906,131.3227413605987,902.0173299453245,120.30283636552964,25.745387263393873,52.417473509821455,91.80260143632404,531.7106057457751,77.52753574274598,305.5594354826646,104.02193391176255,2.5584326900920162,4,1
465.4373345598847,3.7379527064656033,212.29889278062757,170.3642944957521,779.7742457679152,135.73136022042902,21.88558214496569,53.90197797292593,96.2702356024717,476.5505770240108,69.55117556363076,328.72294381363565,96.2879224625575,2.138740266172022,6,1
457.08896223619564,3.463382860363617,210.19366154484658,147.84627616931797,790.7562411402704,135.4522644588482,22.87866675612037,44.8726507780087,95.03718410743916,504.75945685580024,70.43047185897929,335.2646226194171,95.94237321863862,2.2976903165981564,4,1
453.8404460147081,3.3626454841452533,216.2341114322653,156.27771838735583,761.5146450381072,124.33046378603947,26.06194579801302,59.16912364499987,80.63850339646116,494.18153642920305,70.27606176800192,288.3073083108445,95.49124237293988,1.5214063676320595,4,1
464.7403647591827,3.452191330356228,206.63836895415776,142.5502342180763,768.5014984072155,123.13238249000712,17.712662988500064,52.49750398484452,91.17490567565132,566.4946667844193,66.5882778705347,257.77065565934856,105.7551507066777,1.9612052610193758,8,0
474.9821166669386,3.3888251712797652,258.70812412776934,163.8456724084014,913.704678457162,120.659311085789,29.927257737784966,52.59751407096713,84.58149977399849,534.061925410581,65.03322740783312,294.3778639592143,101.06013406043232,2.171331415042152,4,1
465.215550975272,3.0955858664179496,179.44152469978522,156.09141028273,847.0184844311649,93.44917982120509,25.130920397397215,41.689863109947325,98.08840012522266,524.3663844699356,65.05368815339463,293.42180144058347,101.71261699192267,1.208631972362976,4,1
422.3868865300253,3.2855957969028706,165.7879329112697,137.78770115103595,722.539877742608,106.05440486673925,21.121101962789417,53.972723991066566,88.7094982178117,431.3322506413826,71.84091598503636,308.5379364004247,103.44775591613734,2.2147110301595685,5,1
430.80634549896445,3.656383971504144,192.13819598597078,132.52197000052067,875.2106450342615,121.00675503098934,21.948263892139476,52.532051706895686,77.84389329407132,506.91349307070334,73.78936180966372,324.9898775539237,99.78814734792226,1.520386512708532,4,1
440.6277213345648,3.59650356241295,168.64023468879464,128.09546347186165,859.6621137570716,126.16025708747671,27.974939134782407,58.12095663861032,88.24157835513813,493.7994628430172,74.02541119218925,242.5625410354783,105.06344231332854,1.5752080547357508,4,1
450.3913657531625,3.550417941790046,170.15075459988014,152.81912664649136,785.9393768855856,122.8966981213814,26.80315880522231,48.44367392847823,93.66778055359104,493.45371557720506,68.10728573122269,279.8725934642557,94.01598422010221,1.7352572214173545,5,1
457.7648853070368,3.2014554554439862,179.97370691604067,158.58707117669604,815.3348471014918,111.07535032284342,29.160341971855633,45.06170835200779,91.9520485051424,437.46346109033436,75.46654270465324,271.0833543204768,94.57196497122997,1.9847466668796712,3,1
439.113842802698,3.4455490513592997,181.55622189136744,159.7644851816916,799.2527960289462,129.37406282469496,22.951771465587296,46.588805026128334,85.90563189078415,456.4892551080972,71.53681909755213,337.5268136607537,94.2961526716698,1.3359857214842696,10,1
452.8015014671562,2.8468804860671435,180.90763796099878,148.23028358088933,898.6289952223466,134.82444028754637,25.88975151145241,47.475108824963506,85.31781288103083,497.2793004837687,70.3537111089551,293.7488731994284,102.10834248785167,2.428321737306914,5,1
438.6692560147002,3.553542999165617,210.36437900890823,132.64505316503454,760.1854905503955,129.3798960029134,26.27970373535103,44.40576740934313,82.09996481426947,544.5742311276184,53.303216686982076,284.6134929131464,102.53208848099345,2.088709119681091,7,1
440.8272329551208,3.92865731234407,189.87621877829326,139.76887802964325,807.3005304887863,129.8959932959047,27.08580250075671,56.45080011882997,86.84200303731755,476.3790172064231,65.91295194196809,316.14905077339733,97.63708981643248,2.962489515280256,3,1
428.90008354727667,3.0577603603873684,196.4097085025504,167.2852295844289,778.5927334503598,114.4077420204479,28.38184337029621,56.63848931465833,83.15456826779358,484.0024509158293,62.39451048881362,282.20980947251934,98.83780825605612,2.150040227759958,4,1
436.15150130833644,3.3242216980046733,217.8846554900187,142.7305715309988,728.3479797691073,130.75934122700798,22.84820828246696,49.02104149429972,97.76068788941852,571.2436798114484,73.13536753532054,299.54415669609455,106.34035300397616,2.2854025889514973,2,1
429.724730915755,3.598732033613039,184.67354950437146,152.15126446022214,909.5819127527493,121.45758639327657,24.657489196718558,48.03620038957903,82.79090087414707,488.12710443328655,70.47516665965016,354.4221360033608,96.52781902023453,1.5730678661236843,10,0
435.36190120534,3.875852790328245,194.70908202590556,133.86524274637668,740.9216710448794,125.11555528522005,23.169550763259565,40.92259043340344,90.9782756988976,494.84841904585676,64.64006806807446,353.5887097165993,101.47716395626642,1.4090948544433586,6,1
465.8046269491176,3.3655326151099554,207.3151997218583,155.04874568188552,811.0064593743888,123.6543184282471,24.842164379930875,53.479806276518026,90.43443122661066,495.39020871793036,71.52181279233831,287.7784703081154,96.57142064490066,2.3095780612085837,6,1
435.7590166675209,3.292324901220231,161.16864398759557,143.13473157481383,712.9649696809832,118.78512894559589,27.095298346188926,58.26720054412922,97.5653395830793,446.17979414381955,62.88253816896826,294.5291459352127,105.47987162470085,1.4533550172466232,5,1
489.4857309725609,2.909323057275175,152.30188982098835,165.70069070663646,780.0464730378453,111.39997524877698,20.037893499217894,46.814026413702216,98.71494631166696,522.8719249366046,64.78118450866208,281.42914497807584,103.14213092136333,2.3209247427761572,5,0
457.39976851321336,3.5310314387924318,206.92234657595446,161.6033655931022,821.0984410716728,119.17863336445954,28.328114708377857,49.41607737111801,95.56775954625063,473.8849552566264,66.4488933456753,242.2240417487949,93.00539286997706,2.8532622361057496,9,1
452.7725418554231,4.112622812043123,209.84028561133798,142.5644108013765,758.7633010248819,129.86761617482824,21.58245362720875,52.17145730657865,92.82342674632103,498.7971753184105,72.70068160922432,331.08568035290153,98.69599485176028,2.4728843431218652,6,0
437.1246332972818,3.5832075385894027,241.28440269704822,148.10003958978504,829.3400925367828,115.58524194687091,24.077889040908307,58.62209180304953,81.61083083124754,517.7749185767119,76.99720839601952,372.6402635001529,89.6049660446854,2.285223308117687,2,1
460.5046481911349,3.493316306244886,203.1618975173362,141.73325639939057,786.5479454055959,128.93347262608145,28.731825774898375,50.99888110917547,81.44903929809394,577.7023035614156,67.06995775828032,286.6965168704768,104.50227790505414,2.1347485549047103,2,1
441.3654326064334,3.596624693230096,216.3947943451619,128.70850205182487,858.0041256199306,127.37070670617672,25.984029153950218,50.97714958013259,83.23447344188041,447.28919821815026,76.61229320804138,275.4961881813218,110.23654475460718,1.8080200203941421,5,1
451.83014721968044,3.4966723988154196,196.09054712828052,137.13836355679175,868.0880456670111,117.0106260298017,26.01858984479098,50.89659250579901,96.01536799702332,534.599287402649,70.2370177530573,291.8145961097998,89.09779439999726,1.9427194304934252,6,1
488.4012680740319,3.256095688321961,205.94454443170173,152.9732599158123,770.6627619634994,133.88800103619576,21.458121864114666,42.87483746548163,90.58663942600509,534.7489302469587,71.18069080462611,302.55138143485755,92.86450654531477,1.7172856631359554,7,0
448.55910150413024,3.7469839747033116,233.34513683499068,154.87889247344373,803.8366429696479,116.44453328809294,21.86774219252848,42.766046730850675,96.9492579258845,474.4714090888291,69.68097721136277,265.9340966937936,100.83660041784927,1.3422978911830963,5,1
467.2390998942851,3.5677284569335264,157.52014363748728,152.22821855388958,809.1727113236117,135.09546862612632,27.823769190006757,45.96002415442564,98.02242187456066,523.9801539220792,69.01343123306967,286.24564617047605,99.90770594855273,2.0177136712908,6,1
439.45235362311166,3.505283975580097,208.27232515143362,145.47400419062046,830.967464771735,124.34126981540973,23.23256936354683,55.06445287018686,84.19238479760601,565.7374460516756,72.19650018369462,330.44691761814056,97.9457741409744,2.5539445307776503,10,0
449.4751726425456,3.207390191816525,242.71173460154733,163.9959990858148,800.7190998122132,119.84134081546486,23.51526438010045,48.323214647270035,90.25659462045749,469.40115163150233,73.70160593091022,303.82141903401816,91.31189991374433,1.3556007429644577,6,1
476.56200953453265,3.8910523795804277,205.64068438418684,150.95312856841406,809.5105479671421,111.12198619662347,27.891853753164135,47.35197975598854,89.89605057053127,509.6587918854062,65.57694348182073,338.11158084386943,101.61723414987564,2.6992482164016627,5,1
440.5954941331835,3.699410823599933,233.01145926465696,160.54880742143922,787.829676260244,119.11739769864958,21.850259363891418,47.26412697928116,87.37769848300628,516.1920545575914,69.05349765215247,310.94303558584505,104.4375692597349,2.608592116430789,4,1
477.1867283699539,3.334123748789809,187.41575700941115,123.39337301696222,805.7619933486009,117.9624048650558,25.807705398658776,49.311715607636614,85.7212571638023,521.367154198142,78.34637548611633,267.3324819368124,114.23492724377115,2.198499412005948,3,0
460.6162790318321,3.800547456104581,199.35905011672574,91.16399622572487,864.8970096767566,107.41703614749095,25.128721978503073,58.5105396705082,99.47804402728846,530.7716704286405,70.88594327159262,282.71958069840724,106.5364396106841,2.2025226741371986,4,1
441.562998361586,3.3507287484844377,200.67049404777174,154.2568204175712,832.3041620605927,117.82384577282333,24.991942822410273,49.244013071514395,90.415773813724,506.65219313008697,71.43346927214574,307.45236190663445,93.50642004029382,1.906876800244893,1,1
459.4861160858328,3.265398952246689,155.6481784128246,128.62851519417765,835.0627819721684,111.96196819902914,23.444693104367488,46.068512973125706,90.10515830847814,520.5374474539201,75.83634269483713,266.32232172116676,99.94054294419117,2.021008301667643,7,1
464.58831674440097,3.2720890647559138,176.63644344299598,146.81322445930417,836.1535162067789,125.85991768978782,23.260434455610014,50.12622814540816,83.57777860105124,463.5410539950511,67.4937775035767,262.4304080126818,102.96038860724357,1.768207263184368,5,1
459.32714943325794,2.9686794340735725,178.06249841232028,145.46854438463092,792.3095611059482,133.06280475728204,21.764907508615405,58.775418028807685,95.40169944330803,506.5601397455823,69.83019689049374,264.23398339902826,96.55869276238352,2.0158190387895862,6,0
426.44662920164313,3.6414627141254616,216.44132156065055,173.81100903623306,815.9413521789766,107.7308432370476,26.44799507812392,47.48587640532192,81.95913999329588,480.9463493727794,74.0842244829929,315.47413163441445,103.90006000771444,2.0699130805687536,2,0
439.09294236262696,2.950656536498495,217.4430621136811,155.9999482941541,745.7413160832127,137.12307728366923,22.99555242544979,44.094974957845274,93.63924423075746,450.8068437938365,76.19451115639171,289.0127995373239,103.51688894968467,2.940622000175703,3,0
446.28722046672743,3.131466850620271,206.48072885413066,152.4878854019801,863.4403828158479,118.7144896561487,27.906233863501754,47.49504365134791,93.8578348804413,479.634218022524,58.174283532472934,335.4732489327884,106.18679857867916,2.2828080221893496,4,1
448.8834985634993,2.87732359727644,216.48205793711412,162.5548673195051,660.851978382839,110.24978615061485,24.326334875228042,50.64381868174217,86.69987960541145,510.7782556879223,66.31665604552313,273.1073885116009,104.01121376633759,1.895298465752961,4,0
459.3100814632602,3.474179092162732,196.71701174556452,155.52746380258557,795.6425803832287,127.57754780208184,21.824648531736887,53.4412047541267,92.54121664946544,517.4318910548077,65.00817346825363,226.27799196138454,101.4257182505388,1.9505466566148237,3,1
452.6655150139988,3.4549038619184382,224.03863339079086,143.1348451051735,857.0447988575137,115.53545521744952,24.28655835355474,55.03441789341123,91.4853564723559,449.2616351630892,69.38087448303976,296.07884643590353,96.81034126495557,1.643370865841543,4,1
429.9698346193485,3.401991136044091,200.17576885264143,166.0721389538184,731.8066033185329,119.18263323968506,23.767428402590575,44.771413630188356,89.68511500151881,462.49293133100514,65.38663611703267,349.4266509118146,93.53460702753421,1.7257854379406667,3,1
455.70296776508945,3.187226691598827,201.15728094853512,133.3537480816759,819.9889958808426,115.9572175578792,28.027310235184157,45.245773327704654,90.10355184116186,528.9862511877288,73.32052749754955,301.0370825084582,101.09508069076976,2.4553478458714575,3,1
459.15878617925733,3.1483298739690078,194.68814733475176,154.84870781300344,765.9616776710486,111.832620681351,23.892999432245404,48.383688703062546,90.49425458554818,520.3259237046345,70.86205170524451,258.8372027060139,97.98082954144824,1.753016449584678,3,1
458.3968567189656,3.6393109590639723,213.68900955272855,126.78645308795534,781.5598367405565,127.23997032401904,24.171368856399024,53.42246512348448,91.03929338137638,535.4841064818542,74.44595084677083,251.27170211379763,98.46401381163429,1.691232026642695,7,1
466.2117108833193,3.3348344204874536,191.57602366774174,153.05915786273994,847.2970480319719,117.13698597105812,29.23464011647731,43.69996051173872,90.48193625074965,554.7132170870624,74.76503978686785,335.9370574177047,105.60895245359684,1.703743701984947,8,1
462.50883231823354,3.5949074964608436,219.52862754396136,152.89484462659394,809.9028462942575,105.63348207820754,26.524801964390047,46.963365447911514,81.16908647830286,521.515484383624,73.39543009207924,275.77689685674267,106.8446200690293,1.6354104739116708,7,1
456.88770118842655,3.2344253941627334,177.35701718567987,175.14682442871995,698.2822066057819,125.51060124215932,29.98811804801049,47.03628135294026,88.78231239195516,483.40769491316513,68.32104724444987,346.2538598296959,93.82316691873348,2.5635925376717594,4,1
448.9475143281203,3.5543188228313247,178.02167490543613,126.52539159837332,751.17872301342,107.94417648976244,28.777135012191714,54.708744276821854,92.11958880957498,504.5939783232767,70.52138769378311,319.6228034655385,98.94784697042407,2.0713515379309926,4,1
425.0855859972601,3.890983411194819,213.74853510253007,140.9866923621928,848.7667867444379,108.46739827324741,22.338512234911438,52.64130380332219,90.77830982831433,566.3958840370952,67.695630473401,276.91293856785944,97.83397414851717,1.8588426877492457,6,1
456.4442732869888,3.675849740117835,198.22911570833975,162.34023639861215,822.4471359096499,131.92606204977315,27.969852563200323,54.5185918052496,97.6300020751611,610.5779599114155,63.176323430151044,335.0141053293492,101.57454321001336,2.0146408199283528,7,1
453.1153153074467,3.3762758545350557,190.92217167693744,155.0297588459596,887.4067786262142,108.03660100789789,29.575909876223776,56.69338987116527,94.96069271599563,518.5238546296944,74.76893923543858,272.28308540210196,88.66861155511918,2.1086452548623376,4,0
454.0736825579306,3.577159691106778,217.8011546495092,152.70457577006255,884.1323797006648,96.8355514307251,29.59843939697026,48.471749524554596,83.03672371957491,521.4221655524523,69.57967686365352,256.5798866266501,92.6958100747861,1.626353239461724,3,1
430.84877136269535,3.4278004476409363,187.8547717182783,135.6579644556219,782.8877434926604,126.22861484961496,27.96428795073006,44.06296922573159,88.66698313556483,529.0283346798967,62.48694017937694,273.99763819966665,99.41252533480797,1.3052021963178926,6,1
433.78415189387607,3.5023640554084183,195.9959749139926,141.13772477862855,925.1618902534744,116.9613657051887,27.902568984727527,44.0951819107649,87.50930677242249,500.95171383277454,72.684747855438,323.06209954770657,103.93057602152658,2.669251359069297,1,1
465.79729279999356,3.402316684355449,227.98455900142318,168.67561512334885,801.2239834925955,117.82344878861883,24.09201686897335,40.8094621747058,89.96521210698253,546.5541560937049,68.88025541188627,334.1390096700401,100.37645368726787,2.4940118716282282,6,1
449.40667269215015,3.4506994382343827,230.782846916213,149.22736209369108,751.8665732795487,116.854996066498,22.487853746951277,47.706165851669034,89.9761488012904,540.321811709314,59.70098013689561,288.11918211396267,103.35753536528851,2.1889012969318182,10,1
460.2225104605894,3.5636280059222525,231.44796420540655,155.6303954421671,768.3180067044711,122.31669939018727,23.94334804330763,48.07888692584131,94.89217335391879,514.1750578859527,63.13135363767661,243.95066066582564,100.98654188843493,2.4595969683310512,2,1
450.4247756419569,3.201992390125415,194.35748446132177,148.27217506835282,687.163744735529,112.47280758096932,20.00563299570171,53.93776703402524,91.41862690512914,487.2792037597754,66.49694420669452,253.29700616615833,106.38144786872057,2.957182024215464,7,1
450.44634209243617,3.1952363519030067,224.6140580996894,132.25371727125352,880.350950412464,134.76114874565764,29.028385946265118,50.08457108588302,99.84436004166841,439.1721445049145,71.05256029221943,267.9706328442191,107.42943774416091,1.7322981484219109,9,0
464.07425708963996,3.0834372338506366,181.02094344462643,164.00715639112494,879.7380994521932,105.23769519690602,24.150121121746864,47.54835777828697,91.92802510129889,529.2965419045701,73.94009992525281,261.18009362249626,96.19768556417253,1.439982971265469,8,1
442.2593290767394,3.019918668648887,181.86194250555877,157.54848576798744,749.224628059334,124.44874916677124,28.87399218719488,49.42000636919707,83.35527583730179,508.5143326090442,73.76884465348778,307.962911281937,104.41822669893776,2.330758310638824,4,1
451.44181165411476,3.134815192333856,152.99088294751277,184.58455256050783,788.6057855809047,126.42121003876584,21.305501268335203,44.80513258142618,86.26175503865424,470.48929077383593,73.01431477465151,358.14347534173356,102.54059774233528,1.2665870150307152,6,1
443.0658706694244,3.5478387520412387,233.4573640379706,134.76627930524182,804.7803772056288,112.40348239166622,28.24787476300663,55.12703285375643,94.83031256585407,454.80318940021493,69.82818814154011,323.87329722076765,112.52334072541736,2.0189863269365897,5,1
443.48255658851525,3.232163745352435,182.72040301847844,162.3385938180072,751.9823473928943,109.76265554722181,23.515358025462042,46.07042218595246,77.08665388395451,526.4573139753301,78.61116155299109,266.1530746502778,96.01082490492942,1.8507842918196216,4,1
445.3624181479704,3.6540843392693287,197.4693484050588,130.326840509445,712.2448984364419,130.17174214170157,21.146891775072476,44.30034364032052,79.23295668191963,435.9505471353214,73.49935621999943,279.16872703000337,99.4163223448409,2.3369438922043817,6,1
453.33200657450567,3.5104141246257687,181.79351316143433,152.36019851509616,789.4821198111545,110.09139245983285,29.881354156479272,54.08940983353735,90.08557765700185,511.9856474977522,71.11052684621144,285.0212796210358,94.83863183342066,1.758862601121386,6,1
442.81877067504786,2.909448735968584,213.9033049666028,164.64759883594746,783.9460285270377,113.93336059249432,28.321935008022322,52.870821041819255,97.60737694816933,533.7420163667557,72.8329405286518,311.6764250097926,95.13531883949,2.599884888851741,5,1
468.8363418836028,3.696492675266507,192.4873267856532,118.91797325855269,780.5794379505612,128.87308962459747,25.63537726055735,41.38157310720494,100.45628345563902,521.9957154566649,68.00482498422198,347.1376420755603,101.9278201082255,1.6265582472343851,10,1
436.58089046670744,3.743239593677513,173.90366219134103,146.92601288637587,811.1358031300482,120.34741233539025,25.10181365540489,54.275008173551115,88.26315402382583,484.3704090256624,69.71378199482523,285.97798861647436,101.02771710269556,2.352900330686018,4,1
447.1969253375796,3.2018411975495438,208.8332512837212,141.5518539893607,871.4759829262996,102.02856332370895,26.318530056457355,46.292036804529715,98.48662949588707,450.0250206210034,59.59022980224219,346.16331873204564,102.7072554695409,1.666793144669291,9,0
443.4040341258874,3.6260574628684976,171.32539950379544,139.47064052557317,784.8453640154137,137.47059144553515,25.583885733752233,48.1294773621804,90.57814327815119,523.4807695918076,68.06626168761198,363.1173287526668,102.59876863724533,2.274227247612436,5,1
471.704668265306,3.2430505287772404,183.25188549369017,155.77818978389033,808.5221499360681,114.69989241220034,22.623172137485586,50.93510053846969,77.74868014205416,548.0209236781368,78.79944007883387,289.5027940113382,98.82180623587794,1.4926771066528146,5,1
452.9483216476736,3.5293011130245007,157.86221770747838,166.81028559633893,836.3435261872468,115.97242710093583,23.763843190645233,52.93312441308411,89.93538770817304,477.0906658102784,70.74187638643548,288.7306613681608,98.78730465650919,1.9879430784142909,7,1
465.47766809202955,3.1206504779135105,171.52083775604785,148.00081927156268,827.7071463256375,122.55784252326366,30.88215349611611,52.22739587343763,85.04873500302759,520.2763280117143,70.53369888680805,289.1814189782665,95.14600633764043,2.661045795080414,6,1
427.7165944044454,2.962068064239627,203.57058339440957,153.08229641340031,769.278823777608,126.25076797004073,33.01647022788404,49.75090834546999,97.34584704382193,563.2606047492724,74.9930204757464,301.8746995706366,96.49422847857703,2.0575026000708707,5,0
454.00575398803886,3.3851548431161094,160.7092792379415,151.71463129588872,804.8188561557018,139.61104291291468,29.688005515692048,47.87678335542044,89.79459791716411,513.5538838576645,71.78912707811189,289.2546270965452,99.7159911172103,2.591538590558824,3,1
463.34446193435156,3.4628813161175493,170.37708550756568,150.02705259534622,827.3769910084527,103.39931850594303,26.43467182048787,52.06110346782724,79.77669514754824,484.1247942048885,66.06758097871703,326.52532384167915,100.98514820921041,1.9868627600362914,9,0
451.23425983913137,3.3806960919156186,199.95262167734384,133.6598604343184,743.5824331244611,128.25952208925946,23.986752901894196,49.40806081327886,78.00228151273153,541.6341416025264,70.11828756095161,253.53506158821654,103.55393945794295,1.7474753698449281,6,1
465.98220562598027,3.144790832533232,189.12786207813895,166.6266690258434,863.1769505398254,127.43009694050077,22.605442318309102,59.02677229562962,89.8321603406844,470.49756103368753,64.32390437660743,283.96133714111664,103.04430329896087,2.085991247281225,1,1
442.24067324849443,3.380030281360659,239.84073271918618,154.42793052238255,871.5794452607056,118.62835089125883,22.803152768709392,52.932045049849506,70.63826022832235,448.0723193978791,70.91806085310142,309.87524019216704,107.78538382782867,2.309198327941651,5,1
471.1402116027837,3.5807884257742204,236.6779309204875,155.92322235003866,763.8609872277754,127.87273694816223,23.34019702393972,45.382921875048226,85.8546776813768,532.4928476458392,65.81125023798029,326.10253521481536,95.13655953751216,1.0472300561659214,3,0
484.4834718542887,3.486532090963239,182.64155074497694,137.90235556461627,809.6835009174084,129.34274017636548,31.45349212427731,47.612000243131746,91.84824260594273,483.7535094606575,74.64147306016872,365.8585519104222,98.83707294677966,2.2611425221793393,5,1
444.55742159340514,3.554750309179764,211.14275236806964,143.1116940301614,832.1139128335516,106.18037215012995,30.418846889147794,50.24096088629915,81.54386796755713,487.3391594398526,67.44879689114336,261.32924317107177,95.57347721901114,1.5300824135860003,3,1
443.3174621789884,3.2989654398637303,214.98565113758903,147.35798703433832,772.7192921835624,137.4976650588083,27.23883516980618,56.49715607535227,97.95189725524264,474.92237457795716,65.87648045432728,280.4387275743823,106.38643534681034,1.4057811085196499,3,1
471.8007671567655,3.851515374414848,188.05042283951192,126.98812959826722,824.0806922844047,104.41237746861859,22.118160470761524,57.05552504556068,99.52805239800554,481.08730417783664,69.43584005844261,232.00780280317989,97.48763055901789,2.2692883334142175,3,1
473.6935821859607,3.147147999033566,170.08916927003594,124.67948512203483,808.1627813146083,108.64683718761226,27.67916778013311,48.019326398172176,81.86639237798438,556.1213371010747,71.82695909564856,266.70392977941407,105.77513726222318,2.669251463739736,3,1
442.157099592701,3.6462680891260155,199.75403101383884,140.9887810404215,726.60409111806,117.38212326375904,24.284148914468183,45.33182891705278,87.6156466064281,566.4999506313467,63.96334001580079,246.9322410919787,107.2639306686303,2.1082030924064092,4,1
443.6971977435621,3.8545673278879886,196.54308650371777,157.83781149663585,822.9580657989279,139.24940513187056,18.540971684067635,44.69251179396906,97.95754521057177,571.7991454457843,67.39366701338207,284.36107814807013,102.06718481730391,1.3222963240734509,1,0
445.77323086709237,3.6442724278246685,191.28471006058763,140.20293915105088,744.9928791864482,116.91743370246614,25.86130191220378,51.2621437860789,89.98953972595929,543.6048248471005,70.52581152846702,293.14903222075105,101.46529413862515,1.6647197448554854,0,1
429.8332423344858,3.439242731880551,208.8463373632897,134.7179220361393,846.9601425831023,119.6806610994919,22.474260877497834,61.51892154608747,78.84417137520784,518.6508503909295,76.69184274768264,314.08362719512684,100.1932257274229,1.790866412570442,2,1
436.220220802737,3.3415108860011062,184.98540785988803,137.77971520143495,766.4394462433056,134.32078603904563,22.575839712729888,52.69547052127551,88.85343145148518,442.70857632267547,57.35642117853112,291.04201409040235,98.41446981916789,2.098048470114368,4,1
434.93788849871896,3.810826295313877,176.96004904841715,143.1698636528203,791.9357283169428,116.99681857434527,24.248776019295978,42.03043736657996,83.1765734216333,492.499011883986,73.07581601841619,314.0981124123646,97.81307618085967,1.9640600758318532,6,1
438.48303652343805,3.0731075224214983,202.18165940699663,144.69211555769846,868.6139456723288,108.21563287069324,23.50503108117276,46.369979483769995,98.86558317140708,586.2701795449475,68.08217217796947,303.4222250128183,99.26291638142847,2.247614901721753,4,1
449.4797266891983,3.208962721886107,207.7194018513775,182.48282178309836,824.8190823264423,115.82765164761686,24.897229542687977,46.880428990775435,94.8474567545967,482.57513684989385,67.52694826552165,269.0003038274945,109.1218919523955,2.499986415321467,6,0
453.5132209880478,3.380732670352484,176.46710112199895,165.81930942730978,746.0263040212727,133.70791833805777,24.753008349948384,45.88998739942546,87.48994443787498,560.565778990891,66.5943651993212,249.41178882477368,94.7907239251691,2.1723722890954775,2,1
473.25750739221115,3.8712961272535993,218.56181221982163,165.3716116842259,749.2541714600458,120.70864997055136,19.372572721457104,48.0605308753289,91.13718410024032,502.2014327612218,68.18052208182871,317.510459996882,101.02304611887995,2.4490403462890518,3,0
435.02468938891815,3.613930290812269,164.59037724447845,167.5287054641007,770.0348605688138,139.30658259056258,29.5608339666485,51.84697430509971,79.53502738422011,392.8743045658741,73.10408600455997,349.3950895504352,103.556529820937,1.8651448444876448,5,1
464.7648359771488,3.209586272446926,188.43773082568714,135.01768695998925,819.7322041678333,127.37934926262155,22.04986983115396,53.409905846613235,83.96978033153911,525.6194225467585,67.31606764422362,376.0615503504605,98.57812079328822,3.647952229963775,4,0
446.79016733661734,3.406907688384529,194.83982927604782,131.66453077519142,817.9149907466384,113.55191063606517,22.14280484460858,55.45881745458322,102.42623350153994,550.6501878471324,78.29296007906811,328.0636410370386,102.08041185620789,2.276590296918127,4,1
449.2580443552135,3.315703056771112,187.2755257469614,133.39694562698915,757.8448847668566,120.51076304465079,24.014340244629107,52.62101286523589,90.42811722063733,498.04016125437823,73.11933392146203,343.7254563583219,92.4769909365828,2.3420243157268197,7,1
460.12229238249904,3.2870633023299396,188.69879052897616,170.01759200006757,741.639525719282,111.46781881858121,24.674995457892116,40.2292487983558,97.44068643833091,549.3220401794165,70.98986062576435,313.84379112116807,106.62521573157589,2.8788404051939183,4,1
433.1591696765655,3.7936668675670338,237.42148964616229,141.79212316676262,814.0791702542917,113.3156696935123,29.376939450495517,44.71347706234343,91.85610470726422,433.2868994233165,69.16971941091688,309.06028156770634,105.65574355720545,2.044089401429388,6,1
455.73614619276077,3.0884770612209484,182.98231821922204,131.2296572664107,790.9069967104919,164.79084251025756,25.808270356164705,49.209529815704045,100.5142547442362,444.5774294440252,75.94927101914051,303.3300307137458,99.50787050313176,1.677245844299857,2,1
452.4967831231958,3.982634256720312,248.8244344494383,143.5350569967028,907.8607943723869,130.1862451003381,26.699396452328603,50.736399278837396,74.00929973920624,508.1945723234275,76.68009843379157,296.8257106793741,95.60082067347466,2.6532170229594696,9,0
457.38676896012225,3.7484689070553867,208.74253559462105,146.42091702428058,801.830182828154,128.61097989006674,25.823608562749847,54.30709179938128,88.49425932784794,519.0845891127012,64.19308926372878,318.21229666287405,103.96449073793454,2.6825714833006304,3,1
454.33752965861726,3.8272585011811096,201.84110274623984,154.02619910541844,890.7126413850137,113.76819684691937,25.69438474749632,50.21592088108386,103.15825316973111,554.2631547436912,66.49050947300455,284.3820875590583,94.25940266848968,2.0767531525289575,6,1
486.8295020986634,3.3611181463924225,209.52480706775333,153.76426531068066,741.480820094783,135.69584066281078,25.929188509261024,50.253536269318374,97.64938748448515,525.5569786699424,73.17315103196013,295.57672645238426,94.97687967045199,2.8798137689221015,6,1
440.4339002362303,3.4550177842762673,250.59855498503904,137.57729154189738,721.3393530219147,130.99415601792936,19.201797572293184,51.188986815695294,100.60297807032153,452.25483642539825,74.68340472222012,264.66101151106835,99.73195254465658,1.9583570953774385,4,1
442.0350456749727,3.0700544556425866,180.12813992137103,160.28484588770567,743.9957433737233,138.8162128935777,24.250244545481415,48.724891306093994,89.94588325074807,508.52182488297547,68.49829725845366,314.24780007194727,107.59020783494007,2.466141474561574,6,1
440.6528921036285,3.342601277879959,177.59164162127223,140.41209699374764,859.4564890726733,138.33114148398448,28.48678333171347,50.43442569938906,85.70314867669293,524.029097811526,66.28777570143748,271.2270737656049,103.20290927967659,2.757766198376836,6,1
441.66784321259615,3.6480964542929453,184.9026760685616,147.65585494942437,887.8050794846768,105.20910711902478,36.826993032420056,55.62916089505875,81.78268432249658,425.03064005211485,70.39306312983273,301.01234971440635,96.76502415005358,2.049164507711408,7,1
440.4391930904022,3.888818918534419,200.6428629392912,160.30161105755033,760.8910273023683,108.90160510730092,21.38707320238147,49.58044550607998,81.22457526670792,498.2546612104794,77.38346715372992,315.01473280927144,91.58951029242249,2.228399054918107,8,1
467.8352479666133,3.1678529549592644,165.48457750374854,140.37267894083487,776.9716985120222,109.96212184536364,26.269239880973057,49.84893636607858,96.45648449766816,486.576698242471,70.20517130026072,317.5767429410944,100.20760206815908,2.51300755552688,2,1
471.30756371984785,3.3903482189044203,200.44678478637215,141.45972864628294,741.550954489375,110.56059356667564,23.286860266376976,49.83207297616405,94.10568840336681,473.8122770501702,63.68029615087434,323.145256134463,101.257108929508,1.8169075458938928,5,1
441.4388055937579,3.4546102339302434,233.87094266827344,158.87502074539697,709.4180076440806,123.2345236426039,31.142955711690547,56.48886906895584,89.46741240535712,519.9510820701068,70.5479161378871,293.6012542455583,99.63609959205598,1.5929241422407538,4,1
437.5146664034366,3.0812632393422543,203.02814781249555,137.1340023509247,835.9205848888315,114.33196547904183,20.938651717625554,44.459733365852784,94.06552523881345,454.012738937683,73.91374035614926,314.58191338169064,109.03195840115838,2.666490905088773,5,1
457.0712333457961,3.6774047725275203,194.14629082049447,144.22811964593893,811.1510151481082,140.7259854076252,26.874818470947638,58.879234473955975,91.13961407241649,516.675180480146,69.4931134432512,285.4012421066339,99.34036555195777,2.1533829173310464,7,1
441.71665433578545,3.2828029004772175,187.63679102632744,158.3361326706434,800.5243991336938,139.04679882081638,20.77836670148743,44.118090727422434,97.69774161119587,522.3796451683558,76.29083406241955,240.8737886096933,88.58939812912115,1.7472052300012275,3,0
459.49397726633265,3.441382894646893,217.9702340910313,180.8113866215396,729.997173141831,119.9353840592096,24.044299995817504,46.7288986933612,97.62149403926536,543.350532410439,74.32924517758742,315.9092782122468,97.96430220911806,2.047058385840367,8,1
453.0438453127695,3.364415188426437,183.48334453523904,159.0810675714412,881.997834091433,139.5532621614979,24.89706000775057,53.7236913485766,81.47300719612126,455.0632294882958,69.69120538151823,308.95464320592424,102.27322289273715,2.2542661479832717,7,1
427.2638382750415,3.263198448284098,236.92791841198496,157.08959644485017,774.8321630975263,134.88134627240203,28.209075045218825,55.151583477368355,92.18916789975832,439.7906312658181,70.21572009820231,330.39970508697405,101.93448654375986,1.2153503308855242,3,1
473.2125780199509,3.4978865043558334,238.66719495428714,157.96202375509094,826.6813212408238,115.49293440822741,21.768499521524415,42.98250491500756,76.64906599844734,511.1561442935605,60.79120147408388,299.24133861385195,99.11660856882484,2.3579964487920475,2,0
476.93816509643284,3.4353171264295934,205.13501597323574,133.90214588899426,727.2719297377638,99.90784655974439,26.990149146542155,44.53649068376457,91.06416590472477,488.54915064529195,76.05113362456082,251.90509902847765,98.28890906963589,2.204223101920954,9,0
440.8081696427342,3.3884426353164003,199.7696982384671,151.7339510801986,790.4737405189982,117.8203161503927,25.056333170163843,51.38921404735924,94.83443423761268,616.1060104997489,68.35241325664845,297.2510764690733,90.00188557600883,2.827549540554789,6,0
444.18447660096024,3.281461513495897,220.61319616483118,149.55350267495396,814.5687228119292,113.55377868921526,25.818380158857938,61.72209693881898,79.49024524165472,518.3399390497173,68.00021630361826,326.59741694219184,100.42885378110768,1.8905043414206928,2,1
454.2879808608736,3.5958574012348867,221.89597004454652,154.82376810559134,816.3537609026654,122.0650562514583,27.874998144055425,56.2313139049934,86.66829811631334,502.32646846816726,67.25073196736291,314.2810442638928,98.30688611960518,2.688558716754129,6,1
455.0168518498054,3.9960851805476856,183.88016537881168,151.74762078713806,807.7324271618313,120.89228286874749,21.152329920984137,48.759514751840946,90.07621101775842,493.0868817729434,72.28348781245047,295.5976628131549,101.2462494102173,1.9776772293340936,7,1
459.87816409009247,3.5419661698517384,189.46889733726596,155.6954951612567,824.7261246024386,120.63017658899228,27.431784919445775,37.90435430962122,91.87131933098712,451.27752618242204,64.35653499618671,250.09322316260452,102.45644637010145,2.0695870443296944,5,1
480.15306808149523,3.798835464473339,173.55305130633408,145.32799207651198,743.4739771983519,125.23684741379165,23.293285440731726,50.408213672105795,87.77117037420132,522.5552621181839,65.07913609143728,269.2194913528823,106.2053418602232,2.1404756244289977,8,1
447.34579158758925,3.0829334224539613,208.18129876668115,150.87913376057688,809.868630271983,107.87478052916322,28.287620364930476,51.81148401823277,80.62169478076262,496.83419894916807,69.73737449150323,314.317165855541,95.22217449343066,3.046626662714061,4,0
438.0255413319232,3.547328431788131,213.33255766913783,131.5825715091451,805.6878841740139,124.11360277569707,26.00367290361364,48.086524294585985,89.56794238464593,496.8674526628226,66.86743334207566,250.0452854377716,93.53008922742143,1.3802547011862045,7,1
429.3102115797821,3.1707895043086802,173.00148724277454,145.2013908299563,811.5836342097531,115.60383846982994,24.371414855448833,45.746380047267024,76.78205146447218,503.7777330199462,71.67616786686541,290.4526525572949,97.130166344378,2.247537589415434,2,1
439.0360494008712,3.0569225217404297,190.89602190367683,170.86250322264965,803.6172608659591,121.99982199863688,23.229922092727534,50.795826301606944,88.13886850654283,508.8485011966898,67.05055360316909,301.15266536929266,96.32203377471846,2.021115718628614,5,1
449.50309540689307,3.2781885777622892,173.054921648373,154.78212509442383,736.3393613043302,129.5740984523219,27.46988498306599,45.288694030530195,86.46901109042456,430.42977416329916,77.97518132187794,334.49811467520186,95.87295212641861,1.9857324194125139,2,1
476.9183679527668,3.8575698003240717,182.02400379512324,149.68618443925385,734.1100123945513,107.75600226778971,28.782855056442784,59.362243304043616,88.92587461248463,533.4809202548373,73.46728753392202,318.43471653391623,107.22453220434126,2.2915053796351446,4,1
442.2358305144574,3.7850047486008935,211.02034120452598,178.4418491438152,689.2865907057724,117.1870634733043,23.401445377419446,57.58372398766909,85.52542418019453,466.1422250073631,73.40443106189474,328.8843369847189,100.74207935769147,2.5530005356511274,11,1
453.3568192745835,3.57290141661632,185.33035866643442,129.5874753254838,840.8767254922649,118.81465765971136,21.60098030265581,53.289563157963805,77.93855329475039,494.4787121012549,66.97519123089346,309.0555997209783,109.86196731314041,2.265816043290944,4,1
449.75365655890874,3.040189832033021,193.98348087935403,133.3581666683067,841.38287548676,114.85731028429359,27.082633128835678,50.44855284559658,87.0692534352839,551.4361968266115,82.02839837219724,274.63767053365524,99.98464788487618,2.6176023504980175,6,1
467.82589910172123,3.4411158045836188,167.4537654410537,175.69067116914408,842.177514561106,128.99829496132958,20.6544071738989,46.6991795669322,97.44656100029856,571.1779436908046,67.80494492862836,281.5901859627436,94.14061775467019,1.8745194036853963,7,1
487.90398638810433,3.590510002670521,203.73980419449327,150.689414040734,815.3394981230726,112.79611641199529,21.083462687251085,49.89606408054549,100.09168643191043,431.98022245494434,66.43094861354942,272.0202108227616,95.95912707901115,1.9757238906544858,5,0
442.0369684061952,3.5526608688735792,199.11453360310702,146.3612544556531,693.3440391140945,114.44599600557662,21.811899173416304,58.19648567603638,109.51467422975414,501.20979310698596,73.53371298477674,317.7234252577862,105.12227673521978,1.4995644237956094,4,1
442.6584083622267,2.946861924955776,185.42081499933676,132.01193512356537,748.6644754107367,112.90080867047935,23.753648550883753,54.34327029218314,103.5332032671813,510.9165274066414,70.97614066470166,279.1823334323233,94.33074131519739,2.9914528450457687,7,1
465.6624131560361,3.2329046455940382,196.2197140463505,156.71544399592517,808.5207708796556,130.920554114388,20.991004332353665,51.0184613923823,80.42449658665517,439.69879895234214,65.9080784537941,288.1799906091455,102.7893832213194,1.906643765461721,6,1
460.22837234439464,3.480776670755385,203.6058976100689,158.16689804291192,806.7759001395898,115.07555887587783,19.183600271855266,54.61987167083798,86.73249918981872,532.1036545767266,80.9792358104429,300.67473714560543,98.2162373542367,1.851392561732402,8,1
477.7006098860405,3.660887272855157,183.70263702181313,133.58258458747656,788.8625893423989,124.60045390883556,21.59366741698863,52.72805331690414,89.81771492129778,504.6505070965669,74.87799749096419,349.2393733974384,95.3508721366762,2.303331361813432,5,1
458.7589227798895,2.841161653670016,170.47474911996443,147.89586621674357,818.4458601454123,139.75705101230074,26.927423339717855,51.98138769943436,89.31552132613041,507.76638382779987,70.02002650633969,319.71401723829695,106.93259866074112,2.553539730361522,4,1
444.6106186381941,3.4513628073560425,236.1114886537363,144.967262519504,800.5825853842623,119.25181579649414,21.185367783619697,54.902816294957674,90.5562666391698,463.29788326632263,82.0055506554163,276.81439726196675,97.0571698183999,1.6539593844410105,4,1
458.85982246038463,3.542914630963686,187.33454590579456,153.83965719628156,806.0385232775681,131.1206068003316,23.97919096613749,52.58513822412379,109.26073137238046,516.5154657352539,74.05390072144127,304.5554297169868,95.86214487699816,2.5933437386139833,6,1
466.6305537087436,3.7548835965548637,198.0647979362622,133.21124636669035,768.0467333583991,136.71354084093127,30.840095387096685,54.292757350516894,81.34358763366082,533.5289582555974,69.94049515103553,349.53935281487514,99.60553460223588,1.8483490889003134,6,1
462.30723271796046,3.707857275271231,220.21679470040627,168.77921181769736,849.1005493060795,130.27191560040413,24.85247760991873,50.80693524817254,84.29175091028561,505.0919153490373,81.40718822588464,318.45537985286825,97.45881153579067,2.715309777113719,11,0
457.6091104666095,3.6747713956426415,270.58110375140967,163.73735672396407,778.4614195659808,119.8319868402226,26.02759296918878,48.72937088404948,103.15060744071275,479.44256396147784,73.29492366737104,252.05242921502818,111.07492950299934,1.729545498158222,5,1
466.0001203438373,3.26001784798942,175.11027100222267,144.55236661900776,733.4675458489687,126.42107758998614,22.16187994524534,47.25918560529926,85.07214925532118,482.55722727814543,73.07622631160184,272.54281714086704,105.3017864668779,2.3677236623641966,3,1
467.5394338566851,2.9275993588630076,208.9965442745302,146.75371932542444,761.4500493590635,107.12621406864655,31.490424561100426,46.663451972645206,93.14864520268573,508.8158282850386,68.0682618641975,270.2419349249064,97.04653788772418,2.0213549099572314,6,0
470.7323848655629,3.3820841728815796,185.84895429411787,147.95366774583576,782.5766904319009,112.19956841850048,23.376116532584714,41.97414778779233,98.27725895894567,501.9518951352252,70.24706742849824,343.22189476079905,97.62331444370784,1.4368110781525285,9,0
459.73064831384465,3.800489547562568,189.2241939084658,138.32537170490244,849.7001394184423,113.95324818368081,24.31568594664545,45.44030026594168,93.89199213385623,536.1928847647758,67.94653502067892,337.6884370759097,89.9027586246613,1.292017773683423,2,1
447.4932287952472,3.9180363582573294,185.5957595798642,143.34855872647447,797.8866000782604,142.40612120174282,28.951176033902094,45.2957323520891,91.53412506481993,480.7896684990334,77.19867873020726,281.2488906664316,100.68701825545722,1.6285235696886964,4,1
452.20070529649985,3.7131647306893356,177.4869006439883,145.94594448488087,790.6925890517175,111.87415485744734,24.454797265439144,47.46327402007982,97.50888615755187,451.264775890367,61.952929282912685,280.6025934057801,96.26470328530597,2.496278445956916,2,1
468.09763449762534,3.6288022468405203,199.17417276430677,174.1930255606069,737.5668287618687,111.7252324873817,25.143666348025643,57.81122105319146,82.85545154796024,514.3754430928201,76.82935216532424,301.3407534798685,100.44005691079967,1.0284224021169037,3,1
437.74596493519147,3.6138918945157896,170.5099462590353,164.19927462495656,839.2741294914788,109.56079019751016,24.15493503763261,49.212190222231115,86.02909496403198,480.89880588005184,65.61328735651028,302.2400713828038,90.16862952547885,2.166972986612957,5,1
455.5300996330935,3.3331643759717657,218.9361513302374,164.01982061004935,767.4023922988307,125.59811761930762,24.175502865828317,51.20883444942155,94.28510070772131,531.3472779614547,69.71039398418245,271.13022212031007,99.8662183200553,2.123445261256992,2,1
444.0999178150896,3.460981911933914,201.1000587206675,155.54888419506585,794.9986070529332,121.42621392668883,26.111506032484275,51.36659822255964,73.44448592628599,500.301545218304,68.52391806087886,292.5260797530437,108.49335653116748,1.158852184235379,6,1
450.4311723440223,4.0007208577479,208.44869945802878,133.24009486603148,874.0091538440932,130.86758977026565,26.658829567594317,57.937904564211834,101.33267058675754,526.1925281745929,67.39923756752397,256.3919019044037,100.27070580616163,1.6015524279892837,5,0
469.17677793910946,3.217232598262437,190.67622776107555,149.37763343133932,825.4381665524652,126.71259666077354,23.0702547063623,47.122072730773546,92.42713900158225,459.42731813076847,73.44892074067747,338.1696211473311,96.1265890647473,1.6006075721568163,5,1
452.86648602029857,3.9844336372129554,192.65592131576503,164.55732689420068,718.5872976142413,106.19610153275933,22.701758631559212,48.88738959870969,91.2242540222492,505.73545052919286,69.97405393335596,247.1900846150496,99.89766637545087,2.0263457355528707,2,1
450.69654822234224,3.4033915536523827,205.75127810334655,131.1260305594907,711.5244881823764,111.9272222998963,23.17259173342731,49.469003141129086,76.95589697887154,472.02947170464336,66.66150619925557,246.85681734321759,99.67875631906956,2.733167891368854,5,1
429.6021578853012,3.8976296327285236,176.7189873518835,159.54829810309897,796.7844774940377,133.6532874827582,20.796237957400695,55.68267427887384,79.70712699680209,451.1850538769512,70.76997765088898,313.0511836353579,110.95916570378145,2.5374809636489126,5,1
461.1938034904083,3.0779554971507386,192.8401913117333,184.8391383789415,739.3629692562597,117.96701755423194,20.228709224442106,56.72052846877227,86.8113306855931,465.55568487715936,66.51956636666745,262.8937128649784,98.33579035389657,1.8198457757839785,7,1
459.68226271711615,3.6757712603493946,182.8077297224309,165.92724968984598,832.4273373816499,131.87591818018012,25.891501441674723,52.37291909846972,96.45943880236479,478.22091632896564,67.3111225049929,284.9710512559638,93.98353348388571,1.5852912553430505,5,1
482.4488208495819,3.2789689592157134,182.1886237881797,171.2104370334298,802.113153248249,118.50319052084683,27.815787409525335,56.1645468703094,73.38707190241132,549.7877810809541,62.51368455480598,301.8951858330785,100.1072908711372,1.2208130838603124,4,1
445.38332647570496,3.0754198424227437,157.80323518748716,153.2750812566324,808.2692384511931,110.32343571711479,27.613135879435653,50.88830498234495,96.30691840621886,477.16238402029364,67.74845503257619,320.2590248960051,100.9776661891965,1.8106957582258834,3,1
453.2872549149591,3.5655602127232835,226.7865317896,164.51897923147484,764.6628409178824,116.96739222333294,17.854026180590026,49.136983761915886,87.11974940713307,449.1383899888711,72.47102263197267,293.36753646153375,102.81147983177078,1.5506063902702836,5,1
453.7407552556613,3.8028415365787906,186.26922493692462,139.23220178468947,887.0691827643353,110.31950204450304,24.264804738870218,55.89362043292811,88.21261221806678,505.25909689986673,70.18562458979018,353.37515391839383,103.77880925115693,1.981926009147243,5,1
473.66179919645214,3.246517568421951,223.267521103271,161.9379571851184,942.1296864005229,114.34447237597576,21.69372413322232,52.43808837616899,92.02874353352645,501.167226427107,79.0753183448657,299.98683034020274,109.77763042754898,2.0008719315387347,7,1
448.5705670141957,3.0502952118624798,221.37584642788585,159.81582201091146,786.0707638121643,122.00925706565246,25.43121231346257,46.32234667046209,92.1545379027713,480.31787951959205,83.06408736860652,335.72384124776227,97.02168149163731,1.7622070337680478,4,1
454.18532288655507,3.4724465706995136,174.28000586967013,154.34866761056495,817.65196242075,125.11605090369021,23.746529443571855,54.987104690621756,84.30057128050723,493.55106136615495,67.67890801839638,308.3566734109948,96.56725127910907,1.772677909754872,5,1
459.11844764574806,3.473769401366846,178.2317752865431,169.74011129577747,804.8708671532156,104.09808676745702,26.775735718733763,48.9575368448986,94.99928070775074,539.0490834398628,65.83341121147856,363.9362927402199,90.72931761422676,1.6531025894823859,4,1
452.7991368473454,3.6644958882663494,251.21005918711367,141.91822743228917,787.0156568279466,119.82631992490901,24.942540728795976,48.345882386378975,71.44481488082849,526.8282306159671,75.64908273179472,331.75090511772567,103.30826883357862,1.7437602517282,7,1
443.3034957817421,3.7848783714093464,235.01851883854286,147.19413725289508,758.3964766133602,114.13384264440248,19.31199431524633,54.46502184099856,86.39664890745877,523.3692082749492,71.67604121016272,301.3040932641784,95.56342817280428,2.717957675352707,4,1
452.9113498934746,3.482175445618252,199.3696297334379,151.43193062037446,745.7516006259762,113.51585191041187,22.09874238160138,49.555839295775435,91.22945410541523,452.65284861919076,75.67937138507486,318.86492150722444,104.4588213995731,2.2589040209181435,7,1
466.10447624789657,4.056650994438279,205.147462128347,134.55583543365898,743.2201367237238,121.32684619133077,25.01735534447996,51.944792680201445,87.2404054782842,615.4619224686129,71.99415365602255,292.17552433407207,97.54182543207077,2.265675137722358,5,1
434.60227050883407,3.5672704233605876,187.38307194105622,153.40397915700373,820.2620012774573,114.49548127310788,25.27033128769326,53.309697920354,75.38471756827215,542.0500884109689,69.02821076662113,291.87300484934644,108.62978985880184,2.505971453996664,4,1
451.9945451122031,3.3960720481979303,208.6470542840068,124.2160438056923,774.0162760898182,133.82137994846676,20.782969576887993,46.08528460363808,96.06421903008376,520.6811425276348,69.05657475890611,260.89767515893243,92.83246555509966,2.4617612996009757,7,1
439.4981877759124,3.016529792269152,185.65636198555057,165.70431801642314,671.0853574929735,131.8806187625106,20.390620889361635,51.92425282341101,80.01289750298358,453.4275290241116,72.16388389183025,275.75215192598614,105.11462751676348,2.712382195986452,3,1
467.92569943387264,3.4212021439051497,159.3529247140323,150.6995604984895,822.2429110299162,131.81828293942038,25.16873601271954,56.747365526308116,89.45988793977368,537.9092045093643,68.9444305214257,361.82914155467165,104.51921281406393,2.294209054758271,0,1
427.15219642824337,3.399083916376659,173.56888426977898,142.18660644144356,798.0869358767922,115.05089804509699,20.78899808184842,45.21766428130195,91.22427677654099,479.95485958802686,76.09750621598934,263.8790588616426,102.63288219232109,2.1025722203568207,8,0
441.61617229092616,3.7880914388844413,200.42185495701173,137.48439581557318,867.3336500700573,110.37501165080678,19.994111720497642,52.249544444156136,90.15861723012294,492.2291678145614,63.48831380249402,280.33521861649086,94.4136815050623,1.7046143510598482,5,1
455.6581781259678,3.638745087220056,177.37865528994826,146.48131455571217,818.6561198545504,120.82029929388115,23.664578462105975,45.85266132709856,99.35208740691053,432.76882895762867,76.07071818030548,297.1884396912269,102.65575410154277,1.5879240041090243,4,1
473.4828604385151,3.1461892635102147,198.6544507017293,160.3238956615862,726.0663201844851,118.49651633713732,23.534661725984048,55.10698841920199,89.5738995200505,450.3406765623796,60.632996260419816,298.1877211574229,100.63437370398353,2.4411286308648896,4,1
449.0137460839052,3.551676315923311,178.50677921134275,158.21608468106342,688.516167963501,113.91176837576636,22.364798567982096,55.059527918748856,93.41964323757553,517.5418599530853,70.72551143180611,311.5117745919288,90.84871894793667,1.944472511197716,5,1
441.672007099602,3.701459351518716,184.35292154996012,139.41693079082307,764.0263807831031,108.24265553333038,22.888789129825113,48.22838829875451,89.55276773479007,540.2493870108196,68.34478634688226,285.9263787565781,107.7913649486733,1.3200601244670906,4,1
478.21735604160887,3.9584094078163496,217.06330612826383,137.30940491058547,768.7446289653174,119.58482030731929,25.041507169667184,61.04814326095431,94.9036486733302,527.3961767918014,62.4182214817441,313.3612910098901,98.27194292041504,0.953483951196598,6,1
428.27979149375636,3.7662511902242177,204.9496109528021,159.85348059479472,847.1579600500083,115.95930549747527,22.83951128896054,55.53312654568642,101.14796237638018,526.0327598697179,59.69990291660631,334.27156323440175,107.40608848012192,3.0738139093907404,10,0
417.01791065069875,3.7282539962934433,199.80671157373305,139.16478893077456,799.5564533855213,126.8834703703802,25.212091064994517,53.534644925680844,91.10033463577756,497.4093417216117,64.51242664947415,337.998970319445,99.66169274949009,1.5070318881645997,6,1
456.6002167508,3.518025798384549,217.57927946141302,150.89864661119256,856.6844249049254,126.6510605152148,23.858594391647998,53.25305448053068,96.254802860664,483.73171938535154,70.2284216328017,291.9746459808948,104.9116303164937,1.6568806413402823,5,1
442.4691866347108,3.616493601627035,209.61217186694694,151.85631963786415,733.7583472148683,131.00799805422716,25.502950466159966,54.91963454603112,101.64263147905758,511.55580574261575,66.98907935610141,318.34030286708895,95.70237444129859,2.614038961481161,2,1
434.6815077430393,3.8748514702118477,228.93126582502734,154.68093197590107,848.2632192190224,107.40704448119962,27.634616696309934,45.0217879637792,100.85747397579416,532.856332924011,64.79525549414412,265.61599133576436,101.07217477164242,1.3957126833349078,5,1
460.6253467094903,3.100166780756105,190.8028147536972,162.87405645272807,836.049457671546,124.01058307693633,27.517743536171785,50.97303799230512,86.91768477111032,500.19449019734367,76.76140541461193,278.3485186418301,100.71970996563839,2.2657050011977398,8,1
453.657010706568,3.395168201834913,191.40730042944983,131.05555594699015,699.0882944284401,112.72534293766329,28.86463141319825,51.915951926886635,98.29145884596134,548.4100807965362,63.83907661035719,264.7879980392837,98.38199486303684,2.9109884160243804,6,1
441.5388205389491,3.268229375373128,173.9778146721731,121.33261012109269,866.1308920630386,107.79585789188916,27.51444069069148,47.9993196834872,91.99016928037754,491.3972294473597,73.39558665774723,298.6276593372105,95.65388593042667,3.0569151438705866,4,1
430.7954340199366,3.613745935617837,191.4203856525516,141.48829078157473,804.6729245883176,115.7139776305129,25.715672594625413,52.323976347219826,98.9378399818713,460.78884258815793,65.55501495808898,274.22342170920166,84.66599634580284,1.7762758577416238,6,1
463.08685992420214,3.869066652695236,219.2953978860489,177.0229261174828,819.6022251934253,130.68704980134618,23.699705087079565,56.15847150217003,94.5490766685036,499.58551031836,64.38597033420719,254.37919323585618,95.77120295753207,1.9939815535870395,7,1
459.7530176693799,3.320907713983678,225.9997474452427,180.33261150131068,756.7551943785788,116.27681646429515,23.836717231551326,47.89115456117047,92.20534460828951,504.23889113038274,66.98080686538555,288.4198433225655,103.50254556787867,1.8018080634892066,6,1
448.5123620433093,2.782908689759169,219.20610336173337,177.4676570334883,863.7623506460986,135.65454659959113,22.36666808069257,49.72787849814347,93.47177664277083,496.71879730894364,73.09958023602056,248.14248672657143,93.02385225554919,1.9910248526569356,5,1
477.69955494071496,3.376333776492659,164.11616266901126,147.10527948358967,740.7073835380565,125.48878515520333,25.013587873154673,45.897073520730274,92.04190364831145,551.2262224352904,63.1426712170096,339.8157931093843,94.05933180085691,2.64913578345493,9,1
433.94872850510774,3.774042119605222,221.6629042532147,123.26827377022757,841.6046009186973,116.05909521019423,27.092162436135805,41.065054950946035,92.35466436109208,532.2120792289616,71.4372763025335,283.2743081627018,92.82568595817646,1.300343762865062,4,1
427.1171224361289,3.661288970884964,163.22962753455857,114.85441347522239,841.0303737954335,131.6004842890641,22.82299719135094,53.89466090260255,88.72934111534472,442.7623604551316,65.19620001164307,329.5594822091439,101.04444058155278,2.3239783980126205,6,1
439.6213789517813,3.6284558743431727,217.96234648244695,140.78942757675884,751.2916285913889,124.45396772114286,24.888346424008677,49.87133102580376,87.98620527513987,561.3746805679315,66.09616564876974,285.23797529895086,95.53296707453372,1.9022511834553837,5,1
449.3162097546675,3.416002009437656,192.6443094685789,147.0288955477596,899.1686799711288,110.67440611553295,22.967913313834693,50.23789708576394,104.10539943498135,390.3433175668331,72.00320794520532,264.15186522148196,106.10171488600068,2.6842505400140957,5,1
453.6500917398404,3.116290779134064,214.0506662786771,169.50938101583938,811.5764240108759,138.58802635580514,25.628062990562846,45.066131909132366,93.82022328888947,586.0409749140999,80.86741414972239,335.26571914067756,103.67309853559637,2.6577099507045157,3,1
446.38145913215504,3.6545882964873404,173.35103304210867,163.0170818931367,832.6946305135513,122.59478823086476,23.35184984815015,49.072482354819044,85.41356062214881,488.50777945772495,65.44491505006201,302.6611074932322,101.00062031975482,1.7964342504394724,6,1
455.28083094771443,3.2497154569896125,223.42335265412294,153.4110761848743,723.6439602332122,120.18796191985491,22.781468286117843,55.48296894591061,87.78066054856285,492.41729053394,73.59940291828501,356.6072785773689,101.51974833287926,1.9446094741323139,10,0
431.2269086371433,4.155229020014136,170.70050507790222,136.65232843588288,905.8865001504282,111.44467330094383,22.960099915203923,50.0041066838973,98.4500676275836,497.5993504410544,68.4364381138352,286.0043122130035,96.1852596367515,2.4463813717165688,6,1
471.6564690610989,3.671152162506355,186.63090178293646,135.58830662632664,738.7721529887455,131.7953826760774,26.5099863215367,50.145918790277065,84.11050631929105,515.4082173136072,67.62628272601602,286.652091013007,96.18653687002629,2.4916604969735916,5,1
448.7677323241115,3.3258055092338146,180.0381074446193,153.81191530607154,851.2443216382965,125.17275427361307,24.709751784008937,51.037641389317116,78.1437785455119,499.9894719493263,75.35688004875077,330.14372526657326,103.55513273291007,0.76375534513682,5,1
466.7594374738219,3.3165844257834114,164.91430294355,160.45576468259588,750.2614141034153,126.2923818029524,23.714734809999893,43.81808935796772,78.73240687518364,494.66419244650933,65.78238594570055,330.35257951497135,104.56696011818521,2.444775248076331,9,1
455.14088019566555,3.4721167380159237,201.89055135176937,155.87821893368377,769.0505598576159,114.92468656474232,25.78421350764163,53.124602320511784,76.1681951983617,552.3567323742474,64.22943386602623,304.60291159543954,103.51131185956773,2.8232409461037937,7,1
456.85129828730675,3.4281494233934753,236.12178235673923,134.48103060590017,839.4377021942723,128.34100571910068,23.75645134759705,43.724009425420846,79.60948113388433,522.623843190034,72.30087897609543,400.0580456942443,97.64708671788301,2.1278046830569126,5,1
458.5465092034831,3.8350501326589863,253.33810444640017,159.7600144318813,851.3776356837578,129.118135935708,28.37955368105711,45.301922093604865,80.55307248159352,461.64784582516955,77.97391898243373,291.5831762303895,98.04338961239858,2.475088211327784,7,1
456.71562840025973,3.5559248509232138,201.94311574172497,156.38866450652117,736.435787544295,113.31221761218877,22.07840153892023,44.75392615496418,101.08189903686511,529.626956573429,73.74997352645576,261.9161028909295,95.34121609097485,2.6393780634341075,6,1
459.64084139801315,3.2805104783274417,222.33362550135044,133.94000390714731,854.5236084528497,105.8300986031901,24.439085461548157,49.12387516684727,89.63056629872585,520.9642801273336,62.96491309631733,269.92334878257856,103.84126918628942,2.110796854687391,5,1
469.9372879519865,4.067132205546735,204.64189275857075,138.23518544549617,852.2490247566597,125.81373059338924,20.785704334998997,48.23773648231071,87.09389168690626,478.1890509767512,66.92333478015541,291.7578153192232,90.1927221897985,2.407115404937689,6,0
452.94781754552207,3.5147924994560666,209.97766389536426,160.3274396184235,753.1023295577554,104.2665305039426,23.95937682432972,49.99387480845873,78.45269549585142,531.6855370544864,74.89799120788405,345.56325016474955,88.97881847571482,2.006343248681621,5,0
460.6350563638277,3.730651902790669,193.15702697745522,146.48238697281164,879.9323796795555,121.5201577783778,19.96109350688011,45.47371920111778,88.85498882022928,493.6970959510784,77.905551089543,294.4096841355996,89.97570313774578,1.9739159241982982,6,0
448.6539645856916,3.3175320477665724,203.90153850845203,173.83720952454686,727.1571185875981,115.52754895212693,27.23894956767738,55.027476601531895,76.10137549948647,491.133061114996,71.1435566263721,346.98156295098414,89.28655358652836,1.6692292862355929,3,1
471.6017582317421,3.608934688323357,210.74957409212857,157.51693914096865,768.7613708611192,132.18665210788922,27.299511301016736,54.17013784363165,87.04466262970908,490.0434753026826,67.10413732946104,313.03275346134376,106.78570450749072,2.0865112234671046,8,1
439.854115469111,3.5933329973429586,188.43080542247338,142.70053217716097,823.9501312045994,116.07156109232793,27.35251052117343,49.130932435541396,106.5159551187494,402.875277721904,78.2300941968431,332.5010788908155,103.93402681785138,2.9434284175547516,3,1
477.0141064936622,2.9331052123711543,198.45011400214025,149.846915994136,757.3216857648697,131.07272972003804,25.086617440523405,47.60816641706031,95.31042862965091,478.93202668261597,69.62703207422416,311.6150587988041,94.00701699158473,1.5487525459710543,3,0
449.3976307403349,4.104582533138192,198.83139762005024,150.95075088956577,813.190954283967,114.85790555636974,22.360388785869723,47.103212533274004,88.32161471716375,528.526929685024,66.9709571292282,311.3774401986581,99.47033546656277,2.3084364622923497,4,1
428.5383734682293,3.8871933382767643,216.5280663466105,139.07414530137436,812.0538039401648,129.9999100505961,22.59897810389215,48.4492750249466,95.58498884325085,499.1035502838495,66.12533730912483,322.58131803318224,107.32895186924182,2.160477538724555,6,1
451.92156622366184,3.380841405156204,178.67935656744638,136.3111770273356,790.646286503864,140.6034154383683,29.590516165661562,42.998773856244114,85.82765457497945,448.59254280577,64.02490826505573,282.9987455374276,102.50099310456211,2.737413884497784,4,1
439.7842251378768,3.169319077863243,198.96915582784698,160.5208484071425,841.620026929528,109.31952861633759,29.307031311399392,45.201963438940794,83.5945780569665,538.5852502076815,84.167902147283,283.32859366357536,110.57188133985403,2.8314466551080915,5,0
462.6096532348309,3.6042684841410657,238.24010938105394,162.67909945563144,788.5819603671181,122.92035721730907,25.367665470852316,54.30060195992483,103.63303703626273,488.05599361826415,77.10478932730295,310.48640958493786,99.42866932953591,1.5378612482232181,6,1
440.21064031046416,3.526009309824319,223.28120305171876,159.05672204329437,811.5770534406903,147.48782415910065,23.45309789775902,51.509062430379345,80.86180276863782,451.1369803735391,66.71853341974861,358.2333442651807,96.72420526813717,1.7128922740468484,3,1
443.3072485017783,3.6067006845689686,226.9835809777741,172.72977141485703,857.3235938743951,120.66588826902921,29.105870268095533,58.17137242988265,87.1670301145812,588.2404984668406,78.65912963360958,253.7774032419906,94.59445416656443,1.7402068687516832,5,1
421.656889035817,3.557473218858227,200.4886368035607,141.87340145982597,839.534310501292,120.61788270229648,22.91649051584557,48.504024249153396,92.44826625890808,457.87309622048974,72.66651086701576,239.12443141679918,100.11822327899722,1.7579003061613367,6,0
443.2154052112638,3.651872296791778,206.41995127372047,175.11406149106696,839.3008645407104,127.8849894735102,25.686547624287723,48.19243386446566,82.51012635394042,535.1796604514284,72.37054000659575,292.08768491314163,104.68032195793484,1.8007757566412292,6,1
413.64181010056564,3.934191709817542,220.04472333405852,136.4861832216877,742.541019889161,120.41080864094754,29.055871916195375,47.96050537728176,95.20483962905128,469.2274359658158,66.41041484941985,330.92541241481234,100.49562516634646,2.1735322595851807,8,0
426.2414576477141,3.6704309615385937,231.20511059061863,134.8097165494726,826.2396287750661,102.92774005429447,22.490984501006118,48.40417758390916,87.54724380286198,505.4330733829529,67.42936410927027,301.54128257040543,98.20902500178492,1.5743065125779163,8,0
461.40621984216443,3.185103350327018,160.96794174234228,123.60061676776124,756.0750604515248,131.32287374838938,27.487670756911335,46.70022993426701,95.31128262053485,463.912761465273,69.7878798270838,264.92010459554865,106.28260217658607,1.6446042528479126,4,1
461.7870023797625,3.9087688558137357,173.69117385900307,143.31307029259776,735.9292510110987,99.97051586134808,26.561682387531608,51.354941073436,94.68787343800415,450.42783274905366,60.17225502779939,302.37280490599164,102.64446048066502,1.6047048447433065,5,1
456.3818634267745,3.992184369046486,226.18888202805294,142.4441649475582,796.4146826857516,115.83208348861658,24.881450373305317,50.145520335742056,88.05590295499336,520.8881017868564,67.56589928300465,248.01080361350523,99.43281751690046,2.2463122463497642,4,1
435.4953578530618,4.445617020353625,194.46221288462394,157.88905920381976,754.7852406674206,132.07425749156647,22.019699202600652,47.450427490808636,103.68526938072787,516.211621805376,70.02244815616713,318.86751182622527,96.16704363277456,1.9681158291643337,6,1
449.28432965787033,3.1629517900281208,186.56558421483845,153.65836412430676,839.5308859419988,116.43457571357214,22.826680719690174,56.25574456509451,84.67731357253247,545.7859777687626,76.54759453233619,290.72675950640723,98.72778604234102,1.879349272411418,4,1
449.9459619136415,3.5728646039450824,174.91678026008793,132.10539943471295,840.7267729847662,113.06303507535596,25.868353218551977,59.482914612431536,100.7909637643899,498.62472278816546,66.91726226965714,297.5390250136371,102.36373611378453,1.5790601510817803,6,1
432.62452966211185,2.875370389043304,188.89966596911782,144.10910642361273,704.8686881784279,128.79263905166562,20.72998961535584,55.832886027867005,99.39946594102433,588.8140717650597,74.06069055557236,312.81556411533427,96.09825561942455,1.1979729641631258,4,1
472.5509745265073,3.665944746913763,171.9526143315235,144.42806968368473,758.5848730211555,111.48885213165613,25.392231577054748,52.790620065416974,104.16705766128352,510.7338666974814,59.69753089964416,306.1706675212833,93.83173530616254,2.8157668636715414,5,0
463.1604343586351,3.335539910549968,241.82188545464953,123.3602662955716,727.0106664041001,107.77774280408046,26.623152952184988,53.80884863131887,91.39244831474417,522.6709872494885,75.83515087736367,283.7622127880667,97.5992437169916,1.8556361560926087,4,1
446.68553739255503,4.077033738447486,199.55127896038854,135.28579909479947,776.8685361703555,122.74513987493283,27.9556605184273,59.282077589131674,83.69131430457608,445.66283019571085,65.49826516444118,331.0083851293941,99.75395153961131,3.355246222141517,5,1
450.40328758491796,3.2676155089944254,198.84098916474565,138.43779554078867,822.7587834934412,118.17076701587409,20.804928776619334,53.80159657879712,106.61437268263637,475.43662739509875,70.6513648453738,323.9079769391716,106.81645082582888,2.386395695450492,3,1
453.12574211921327,2.9932450886098216,211.76153350335665,171.5043752973142,787.8855950910806,107.56326885811158,28.94874189148382,47.074070737003574,87.32238825618909,520.7871880206391,72.03171559589609,246.77147423327204,94.1998131506874,2.9146264165087867,6,1
419.37397697363565,3.358620877789244,219.2469033853314,152.8717607393603,770.5120379666432,126.3695253999487,30.086090482539806,51.96136263325274,83.49165941835571,496.6308895034567,71.0508977867793,293.09271985582205,101.13374048466424,2.4967436397570553,8,0
446.29233926219104,2.9073536686348587,218.91776313109278,159.9325313092125,865.0088263406569,124.64487605577234,26.230454703140783,53.13122133031659,88.4817060327615,507.50732540138546,69.46610120673017,267.59139618911166,98.61214263346385,2.079258078843484,3,0
439.77023628003303,3.725329836352193,221.47243887815142,127.52046754276182,684.7571413701855,116.40244983394368,21.885854255726017,45.026413629820404,82.14647427074338,467.34024977143224,63.79241857313355,261.9582570241373,98.86029607038637,1.70117122097001,4,1
434.9756998515763,2.880475086123104,187.38308898418288,167.91321724520986,861.8435946759113,117.08667993875054,24.015672134919278,48.57534590678411,94.20919060098677,504.87787893886485,65.55229540855254,316.05400870534856,107.69683151442128,1.5115800423017598,8,1
445.7834956067107,3.5085372743549477,194.04266390086278,169.51653094536138,772.7855853422257,124.70392742009156,24.85720826464448,55.50195912027733,85.1546529459319,504.74183566366946,74.98215971610801,287.42216158004277,100.40606068662684,2.5598255084929677,3,1
476.96529790274286,2.876656454043141,215.3806331088455,120.02482549283062,796.0945494943605,131.90361419752065,25.81139052619167,40.88253632475207,87.70012664076103,452.78259920459044,67.01311270603293,295.7168505316077,95.43222544142111,2.132517024520331,5,0
459.61264291900517,3.4039106586390075,189.4522187672076,139.42024914126227,773.6318331139946,117.17206789890675,25.065944657930807,43.74785727479703,97.7422308933197,525.7019937872236,69.48352203318254,279.90945198668817,104.44373360772802,2.308250520391736,2,1
441.43231515325806,3.9930134467413603,199.8978673594555,157.43648359523266,877.1444052769559,126.54688493008145,25.843495428683852,49.117964731858365,94.98954568140954,431.99740212328123,62.53956871454709,311.1052635845948,104.07620341653431,2.407311752474368,4,1
458.5887417203424,3.6081943674307384,207.97527528849628,159.66582680307272,738.451075159737,125.65200217084599,24.727759727982633,51.76839797752852,90.12467658055726,507.3695232239073,74.29286680762463,320.35040655957096,94.99414444039193,2.177987193862899,3,1
470.99033154879004,3.24095191851052,215.70370164620752,139.82257904269167,800.5868184860968,128.79307292708975,25.79532128353673,43.21183777525547,91.36698822997586,570.62370775302,63.40258479929955,365.10764588928976,94.03531635156477,1.7640712258492994,6,1
463.86950524369155,3.4906389533182747,164.44638075259599,145.4175080541952,826.3719325929999,120.39309198743466,23.61842973651606,49.36605374167029,90.09804344505233,527.2220215127633,74.57981404301053,294.57077206505545,102.05259862353535,2.5063512355078,2,1
450.8944555488026,3.505405061613334,214.2949129977789,141.03928408432284,719.4498616057416,110.87674485933643,23.985439849052593,55.768842695442835,86.55075946866108,526.9719698414841,64.68644119678282,256.5474757567346,99.83515540629189,1.900906576348841,3,1
440.2959483344164,3.6417891037530215,195.3255188429655,151.6562707041918,754.0050914776923,115.3750084680003,23.271924488569997,50.343257285371415,89.9797867132177,464.1029330020526,75.07254015163888,284.88318928705445,97.64708647645536,2.0452846323588196,1,1
460.4733497042038,3.0899424910157522,214.14915421728762,167.9576779719287,792.5910733250886,123.42853465781648,30.751778603512214,54.695444718155656,93.92673300394355,570.7624821261145,70.05096457653163,325.4117976414497,105.28149253994185,2.358695303318859,12,1
455.9022807813262,3.677770182154199,215.53863384709658,138.43436764288194,755.6667482657813,138.18464378381594,29.39170235852297,47.03942939332498,88.99070296816929,555.0687237840915,67.20621301776455,276.82064429609073,97.03859651982121,1.9705182965755297,6,1
463.42789830041596,2.6886825105191674,232.15830122238316,165.0123074665262,759.2204114390426,115.15980376803722,26.665882570040846,45.950415716054096,93.35814104184219,466.2563990841773,78.00200877724062,255.53617201635058,102.10781451251694,1.0910760708350704,6,1
459.52757702522956,3.311034634290857,227.06907295242405,138.27491891479667,782.5068668461781,128.047874435274,28.975926991803217,54.24436915142524,83.30664977261563,481.0094703274049,69.65572503590883,277.4454694113579,105.87322183975394,2.520293752276774,5,1
465.74329072979003,3.353517847264537,226.93143325220592,137.28559181254673,832.4790665823086,116.7194354932324,27.395384016933647,51.846327673280946,85.16885079083436,550.1862417970675,68.1909385337201,283.99902246752055,98.30434569925907,2.627464414957526,3,1
441.9714718265915,3.6899980478213714,228.87340638332478,162.2789192751482,782.8641111560928,121.10468755886136,25.543813478542166,44.07201996112771,84.1254359738082,571.8458951326703,74.54558963799005,267.5199135610603,90.85450632635389,1.0844419541997783,6,0
469.7609109845149,3.506789255803061,205.8275796963189,163.82904567011425,853.9213097236474,135.15396749263593,20.483285976940948,45.99579541918605,85.47894902566075,449.41255859638846,62.59771444240002,306.52429542349313,97.98466108302576,1.478354397169231,3,1
452.963994070386,3.078331083843114,200.6437017407368,162.7711490514398,750.1121108670322,127.64292581420433,24.21350823962458,57.82290620528707,100.29744837364873,459.8515692110169,57.36417197991703,297.6293315637984,100.94641870787719,3.0119398087427554,3,1
481.128913089379,3.2045020622548956,217.4563416635667,130.26303887672788,737.4038869763274,107.58700727259043,23.994886323944943,45.37722390265342,95.80831034488288,494.24852974311324,75.78989986818438,323.6911572245639,105.01502971381404,2.116017339251956,8,1
439.6621827286565,3.559604002864222,214.64161902866044,143.01073532891922,896.3172702860567,114.2752497618841,21.60077448072353,54.671643733629985,81.38461505052524,413.15623882229943,65.81848960673985,286.62420495223233,97.3941965488205,2.0017756366351827,5,1
476.0394570474787,3.476279797440633,193.8186752652348,162.34482888004982,767.1020936167245,132.5622134444136,20.541513176180153,47.6090665138315,93.49998637126764,500.7618064083769,74.3231121269325,316.74194305705504,108.61546723231606,1.7868082964752148,6,1
452.9686617519397,3.326262767109276,208.09646817616536,150.62312760845842,734.454399646392,121.41878042628495,26.478158039701075,49.98412071616434,86.87534149881144,547.4297405611994,70.2308118588901,285.23187617929,93.5058881063313,1.484648674571683,7,1
440.2287299457833,3.355749863146406,199.2980706643081,133.89460730703803,712.8973029114085,108.51159880384137,25.973512967112438,51.47296310471686,84.54092331622748,442.45451935057,64.1800526793626,266.11162914573794,100.82071832273661,1.9027911788468082,4,1
442.7417124891852,3.708850399147787,182.9213418307989,156.87476908688163,853.7551726904469,111.8104755502628,21.497809059797163,39.495093947502006,78.11408427421995,505.0842785990035,73.03641209837099,283.70942594262203,98.80418483145398,2.4872113695828557,7,1
445.1947903770852,3.3446922281392357,225.809214827527,139.27789111512794,782.934774266997,127.03493522711172,22.76236448069143,42.6864133228635,97.77534955056196,476.7291718001875,67.94914904884462,251.45198432849108,106.7354544656999,1.9921610203095004,4,1
456.3624891960287,3.473572626791278,201.1039848506018,176.91787272588317,787.3145132466801,129.9441028121763,28.483666819462492,50.43166509393581,79.08909480266288,565.5978379501566,64.61329831846744,353.6464691994894,92.6317640960903,2.305142042946524,4,1
457.8425323205325,4.1509809764241625,240.97416515397703,173.17262193627388,792.039914420668,120.17855301482174,22.366910459450317,46.3784621810806,89.584294575921,477.20832551467794,64.74351813901623,304.27499243358005,102.12817379067961,2.8828535742532813,4,0
441.3944999409213,3.072895208934823,167.49015459600335,159.0614613953335,850.647144233489,144.753138009361,25.512396711801408,54.98290647637311,82.42951003420104,560.7597235099433,61.335806229141355,276.1377932900861,98.77884184052644,1.7097609097769035,3,1
449.63468111608523,2.9444471805276025,188.86442454313269,170.4151005715466,791.023508301204,128.2415236345564,24.430665101296057,41.96939559565938,96.2067515765594,476.1017971675509,72.01512441091369,288.6706751315382,107.64570474842995,2.151437450329221,5,1
482.13405537917794,3.7350768994395818,200.65277673381743,150.9718702518507,917.2026889416313,117.56518930367099,26.519090413186188,52.82627528128994,87.3251853894884,530.8470322133652,65.32299627777404,226.4860805027979,95.85720659388708,2.502196780467839,5,1
475.9131475515107,3.296407081611769,222.74762195257827,161.48156241562523,806.6880287027114,111.84293951900656,22.43167704203071,43.11889389797837,88.92429875583724,510.07782473450794,69.82638936147572,343.0305967521545,102.07659131247219,1.5335481832667017,9,0
456.54485504511047,3.404528741677214,207.9893874520437,172.16580442953114,853.0892383479161,110.25115695360958,25.270250432620323,48.239475029277855,89.19412589655974,494.46909333942796,69.09138752743813,340.096441326427,95.80904229781076,2.0890264140329022,6,1
450.570052172523,3.2656530865606657,206.20945508361504,153.6824802269147,840.2619928952204,123.3542132048037,25.506167732037632,44.678111178810184,92.42056267948627,468.378857237841,65.29221659410165,303.2262571248029,100.94031088711425,2.9361622623131804,4,1
451.8004699007739,3.422059957769746,177.45472414891705,146.17219242728575,798.1776339870981,115.11222955086593,25.69054241868766,59.51214940235599,90.10403811186647,512.9238168527157,62.3855014293059,309.5838688819022,98.15317563634613,1.829874809770092,7,1
459.2027695909562,3.9795614336289025,176.86117205541058,124.43067062734326,770.6514506989769,136.73743753983425,25.23722157388784,43.30253918514982,89.65381448831107,482.37858950060354,82.66855414565065,261.9696966922302,98.07385122371288,2.5341732690018945,5,1
434.65811152202394,3.740638537585436,206.45009320579808,148.7529971141776,816.5981964283277,134.6631180291786,26.03382796178233,49.38970152315488,85.85278419796178,472.4093510076745,69.75733737010876,264.15090314218446,90.06282347614676,1.929431561395114,6,0
446.13935193864984,3.758667053566093,172.71788012363282,162.35134776843466,825.5049365603636,126.33066547497228,31.57531099615243,41.36581925989924,77.40216501326326,558.9089096550288,79.11691476380149,249.08111552436804,102.07292032179049,2.8997935086584947,2,1
424.97123889183615,3.0751318832622063,189.36244499421343,164.18450141351445,771.3706975936736,108.21003827043104,32.68389333031332,57.99785061035295,81.05159232366516,521.901209099729,75.82468391863395,295.16795742679227,94.58880431524075,1.1772660555814474,4,0
455.9883468390792,3.1546538790341394,210.01834658171714,157.56547598577615,808.3169432975328,113.27781127447595,23.082351577639834,52.00641208088602,95.74783790944517,525.7455580762881,68.39417349254796,331.83106214597797,94.41660192474055,2.0324780955051422,7,1
459.7079390955411,2.648276402154372,180.35351455446448,141.8805135755664,861.8102489129798,132.556775257411,18.045271058942504,50.68486544799334,87.55344429338962,484.3360592555095,70.90482318669905,288.5035611389296,92.22358297220613,1.260572652427055,6,0
442.7522030655094,3.2571857536751736,232.10711924723614,120.34767646578615,903.4973869534839,114.36933800204898,26.78648590216592,57.37156469645863,84.68792177822016,492.5608661166678,70.75957890983574,310.4308749053285,94.71975320800506,1.649561591859553,2,1
473.60980144935047,3.7870109559156977,224.4787268847578,142.57177352992898,842.7184660174711,131.22141733919526,25.5587573797038,50.737112207113064,78.75417484465564,490.0569333059555,79.2210034446622,329.365016846807,102.50239883164593,1.6465906073524026,2,0
431.61351505496486,3.6550839547245113,168.571600033234,145.43482693419074,893.1379843190141,124.7460392303476,28.18312557755074,51.097856780705385,76.24282287927718,513.489556500039,74.14916845821706,251.27697966065887,102.25586644243205,1.8665218464330728,5,1
428.0343767968527,3.433546021114363,181.35257513636026,145.3060654921498,768.5312894396773,120.51717884813188,25.854657699145953,50.658626440325754,84.37434495897442,525.6721380737002,65.96363626986864,355.36696276137826,103.31855480270615,1.40585432465234,3,0
453.3667772783996,3.493309914884584,154.284455110101,159.27834535466886,835.0941126029647,112.9716718706456,25.175811818577156,52.8181716272156,97.10442283236206,498.7899451875371,71.75809418277362,334.71961162293803,94.86509553577595,1.9641302212202438,9,0
465.7064745391823,3.2933343372273782,184.34817274903733,179.78514616522259,866.9259754290636,119.05756156475249,28.38671978763167,47.53779308039369,85.54343845102146,468.29420023277436,74.02157170710126,315.41678153281276,101.07390812786362,2.230233252240589,1,1
475.25891537186806,3.561427664720535,215.32776953144798,151.8529380276164,755.1833333514002,121.89647954874899,28.806341765241527,48.92856346318334,93.20388420193159,530.422818281062,64.12340475547462,327.7228359160822,96.9230823349794,1.234048433689217,3,1
443.1167360569659,3.7297634838441844,191.72210115450287,146.7490231626531,775.7204943977496,130.3253889830112,20.840319823657005,54.05167314228723,85.17552136481633,501.33615472833344,72.47074672402675,329.1322890982521,104.77364844169158,1.6825337549852641,8,1
466.18021250146944,3.015233963776858,209.21594487231934,146.11167280493862,886.8952380917625,111.14264399366246,22.550181438581248,51.38686475778941,95.11093356823079,442.3665448491608,76.7274447810256,308.77919659769435,102.13006977422151,3.2704960663815115,0,1
449.4223729574894,3.5898943063512045,169.5533136343651,151.86577150361572,751.245057210653,117.37183157473885,24.683221122133965,49.42878042948937,87.18599358553065,414.58820999681245,65.71263674187426,342.84833858677706,96.71740836643194,2.1646185694329243,6,1
447.4105905008877,3.7797304612864,215.9595050916381,137.575593594774,732.9434983672145,120.44823131932284,25.295312871773753,42.99738804484644,80.14492603559603,511.9158870184189,66.40340716207746,286.42018954147636,105.20287767659119,1.0911293979091163,3,1
463.25489906230007,3.3754699133109893,188.897815441433,151.80297838119083,876.3990786819755,126.62678357686164,24.322050389943254,57.490251422682974,87.84837545680445,466.8210480448918,75.8023625267367,313.854336155862,102.53672170320662,1.299767067620106,9,1
459.7848431762013,3.710210183636175,200.2433936456581,156.762185044977,859.8381612490219,110.91535662477223,26.302621533585658,46.69272945024615,104.67200334624326,517.2424851758581,68.22881843546753,339.6492840375018,93.06498586543087,2.1129521226864307,5,1
426.3541176452363,4.344396333341766,198.14250997213895,153.14529095361732,821.6060121991885,106.83430207112785,27.9883143679513,54.93618619209629,104.31907452440683,468.9752676454426,65.08995793290451,219.26400731822366,91.64238909334212,2.0503330192871188,9,0
472.1481052458884,3.4686971621039326,174.56902958215431,156.86312901007173,797.7144622677087,126.7396515171005,30.168129132162186,50.878768258440424,93.89226642223491,505.3274308998003,74.41136521517038,313.1389003792247,93.26157089736691,1.70627859914956,3,0
470.7013703122118,3.6179921150015972,176.93831336520435,156.50621414022802,778.0737747197509,104.82050885053297,26.7367390713187,43.53274738635065,88.90352947669038,484.86393888151633,72.8842711836292,321.7381493533006,108.24590858263319,3.096657478443988,4,0
440.61655947735704,3.2785828749015824,219.35588938006853,123.42154976630334,814.0974436904526,132.84979714762167,22.442998964640672,56.26137738765308,92.43121441676067,570.0768324109322,70.47196953748039,248.74675902346672,94.92268686981785,3.309364410434327,2,1
455.93705300156114,3.5543753487806153,207.9798431500339,159.55305237593106,878.9903478700775,118.44073902517093,24.557871324406545,51.272703231997696,92.53481870986631,538.0126263127457,75.62291314224352,308.4546025804975,109.3807010384091,1.8678083200751383,3,0
457.4104527942411,3.638081487494691,221.00098083106855,139.9347773150632,811.9283063071038,104.52468917725554,24.773943276221328,56.67672678368521,89.68090598106319,553.8918760075132,75.97817621597278,276.1888205892108,94.66340708472804,2.4364784329633693,3,1
453.91010648735863,3.5584527020810413,206.49316471005037,133.56241255494064,908.3479633623483,115.19579780596506,26.54392071994348,49.08795649632041,93.52755215938093,500.96191076476265,69.5858854558861,311.9041884477371,94.13067472361328,2.461583085660501,2,1
441.7454226923187,3.194091404087343,202.85981269618432,133.43322258217506,755.1029007179885,123.79123633069237,26.164504100301826,53.52025614983527,91.6658148972285,532.8944375645953,79.87163193776351,297.15002110767745,104.39976240531631,2.5279365697387886,6,1
439.9256494809292,3.561908531397635,165.47978762666466,156.50312415708794,799.0159622835865,114.67298912445023,31.15118995333453,41.18736444327493,87.4722209170855,503.66600310404567,77.916949767135,271.6101549248912,104.62761655451219,1.679957339113048,2,1
449.6166889351283,3.938658781615291,194.5926660647766,146.6613760916272,781.3470666168042,120.20029748824348,23.615460594235273,47.49892068203121,80.43794560493086,558.783654697349,60.078507750546954,333.2899099080435,102.7791258681681,2.9697246086102687,2,1
467.5909352888905,3.634590729354358,199.45231359192513,124.77046824021883,745.7429228418833,127.40078365705287,26.15425160130041,43.63503333884364,86.31952606223868,497.09751738974904,64.84941288283409,287.44904928031485,103.38055146895822,1.9657014018827954,6,1
458.15400231891647,3.7885961567215523,239.06214396545147,157.17056722788425,792.3458133495172,117.9780966461238,32.06413419323228,48.12608074980804,96.39615079258877,444.10042638556826,58.72354090178881,308.0989138206475,95.99189112320833,2.2109960405125557,2,1
444.4407850187084,3.4288964089962115,213.73913264197355,128.4058780380176,820.866465083022,110.62942323533866,23.244379309289197,52.35905869753073,89.74830220403709,420.0551389898425,68.37642502637622,339.42142870452295,104.16501597740324,2.001021755114155,8,1
461.57548065972514,3.724970071827113,230.72122363419058,152.09732037777317,826.2115089976015,117.0101600262816,25.435446088511064,46.97709956172927,92.40229513270005,566.7324447825806,63.94390900849968,272.49916516850453,101.199983358593,1.9301569138506207,5,1
407.27186069054886,3.583780351464958,211.95075411789458,153.5774838850958,908.5226089472278,134.1484013645926,22.165358496627952,54.31921046819391,87.7358757783647,519.1401789660343,65.92840800630162,300.24147743918485,98.17362305208054,2.1392022299689297,2,1
467.23148550558153,3.2147267810938303,185.7739354610104,163.28365622542566,823.2233734861779,136.85064345333183,25.246260698882296,45.716936782249945,81.523219959915,521.7702740016697,75.45284073391436,285.1401856486998,100.47309948892384,1.4070572131032415,5,1
423.9042933183285,3.5955563014396623,202.34248432299702,176.72527179700276,857.5068401839808,99.80073826057725,22.659348555587076,54.42618306824989,88.09096228102541,559.5859136916632,61.2258547013246,291.83461066386826,105.30322909074638,1.0144234904131753,6,1
444.563385878953,3.202491000967907,204.72447292528466,129.52985511149188,803.3047123149488,130.91027909191476,28.14040271047404,56.54878582937018,81.82035279400519,433.9306022509618,70.64867870515407,364.6825562371937,101.95925301478908,1.8933097619931367,5,1
433.2049515806078,3.3101359175345624,181.21688860458636,149.21289215905426,883.9027800226297,122.50147716035356,25.441956577094185,55.06763067545493,81.30968661117159,485.6559513907277,70.61838221240207,313.7032765221084,89.21098953649826,1.5597861815383653,7,1
430.57977786418644,3.556798492187712,192.31225246814157,145.85497057433673,919.9224642794035,129.2398267912015,22.19380822005312,48.27905474085114,99.64509287095528,490.5572068153987,69.58805356223928,309.4077802986662,104.45613935645939,2.27375183899332,4,1
467.4124018106778,3.589173282014037,195.88466012645657,156.50624528941444,826.5542565487975,114.49511739732371,27.521703093375017,39.372732010279286,86.63931196052627,529.6910093282806,70.65389340989887,315.7226200179438,104.07319356731274,2.2168950793558246,6,1
442.9844819803216,3.1432302604768614,232.11239665130236,153.2350315640043,750.3670492274209,102.31736490498514,25.538998116614763,52.91083498368674,84.06812219631973,472.2943909959647,58.83859144792119,312.907788827474,98.10467660179722,2.006740009848351,5,1
455.19755822596073,3.816195731354863,158.38518949218042,144.7118063589507,772.5597488611415,125.84488788647462,27.858456331670364,49.37382642642348,102.94367747504724,451.9450502594084,65.95222742101154,245.2255938304445,100.58374146609562,2.7407873952771924,5,1
449.2961913168122,3.671601883490142,224.11636841432087,143.38646717083716,814.0967151602581,110.59022738717283,21.557012116156756,45.10803529936323,96.51988028323393,451.5860539601157,77.71500432628694,368.9028246156662,100.56369875579666,1.996886160568515,6,1
457.1556124083468,3.288581469316735,181.26409530081236,133.2532371722393,822.8249017625322,106.11707568515148,26.106473236745984,47.218604675647946,87.0279261959853,545.9767230508808,64.01564457245159,256.0689142458407,90.10270212011616,1.2709245785270518,6,1
451.1523283659038,3.0387245610652474,172.55841625460772,164.81792373609764,834.9212567192186,106.81598617526534,27.320025083934127,57.17212658222401,93.42109060441895,470.2987162478753,78.333054067821,351.97782798078845,97.99164845452945,1.8881778791727921,6,1
430.75511663717145,3.4565286262755706,223.59884260076927,156.88806272399293,823.009884061502,126.00913782415334,23.72986752929279,44.31329899694923,88.11369345391438,477.91930062712754,62.965887941107965,318.5404609506675,98.18511461026546,2.585483883427505,3,1
464.9440022917071,3.366216885841652,214.63796138468763,163.76652296692706,800.3492458127969,121.39452466029198,21.222991819095547,52.34154587810606,84.4585625657632,525.3799260291162,62.36479683793839,305.4233705440341,99.20636565573352,1.0578726635197286,5,1
442.5936512525803,3.5339421371159068,225.0903740476238,145.3440579528673,768.1900779398935,127.82466021874674,24.87517751388882,51.08979087818702,93.79752979588004,472.042183670604,65.24110591367952,290.8354507177007,97.37076118066177,1.9529818364750118,5,1
426.6512715201037,3.39106500165333,216.01403895091153,140.14746796958354,820.0569130632115,126.69075254496364,28.684345881342786,48.213061676683836,87.40558491743838,431.8020630897743,75.64541484143459,378.1548165327989,103.31420884611691,2.287731017279478,5,1
443.5782725855113,2.897762941776497,241.19690003474804,133.8252740005616,892.7493678740328,115.79066435416235,28.37779099190217,53.222663436565234,90.60398407199523,436.73195305100404,67.26939585125311,318.1346868052328,95.95435550717671,3.3261211672638917,3,1
472.51139685951466,3.3834959185096523,211.1744767388897,155.3837637561099,850.9964302713877,119.29526426122544,23.71471469573327,58.16122629449433,98.17090587919738,497.72770413138164,71.72703494219571,300.530641947552,104.55038583011776,2.6041288184638027,7,1
462.7533261317024,3.4083142666795063,196.87045247753684,134.40310163207647,826.7351974818099,114.8856247121746,21.150743690870673,48.52014248056901,97.28970483036301,519.8931372146088,70.36818461008602,283.9421188646898,103.0787104169855,2.066308191682243,2,1
444.7702179838821,3.690098307432218,206.85852754642684,177.72994603449825,851.4783461911376,117.8967222713451,23.706460838951283,48.784095259614496,85.5992536651514,491.9101902459832,69.7276890863484,280.34555193758746,106.80209193900797,2.2603796131734732,3,1
444.7611344352236,3.290540097616685,224.86938256691928,130.3853612835984,781.4467985549574,110.32745262018935,23.59456704780426,53.110324524951,93.88825281829669,517.2177081523628,76.37059046303787,301.51832541516643,108.66899517068526,1.051152319857537,5,1
445.17547423173926,4.0036024020117695,184.41249349479767,154.10490178818753,774.586742695834,123.90484293874336,26.33934034991433,54.591214107175006,80.97715003083395,435.4864989596946,73.8575897049352,272.0819090501627,108.7022591070778,1.4751389070470187,5,0
481.1512197534126,2.9265078348044726,186.9622283493724,173.5028206082068,762.6107447817009,130.75120748981757,24.684995491287637,49.36146396425682,93.60331329052563,438.1878583612757,64.28548401418811,320.3895314383424,94.07191017815985,2.3254778355553154,7,0
455.7290317834733,3.8933502493407874,193.82079970804185,158.98634638895714,793.7356688615281,111.83386970179014,22.740207364788574,48.47313131953176,91.18796244640885,590.1574366517697,68.62214608204168,280.6307289829099,101.72092917797563,2.080583698328159,6,1
456.45062470786604,3.4327043087365685,157.90834402469335,152.6351056873767,778.899705164546,132.81269645401343,28.312789201782003,38.911767396401196,93.03183489890745,549.3113708854672,78.71719910015416,330.14866543337473,96.41106871843296,2.1443705932986963,6,1
465.4542518104776,3.7578754617030667,202.76156816835095,135.47274529557157,860.413737032607,121.13521496477942,25.421277602334502,46.10995543816723,87.62044196284614,530.7588756759407,71.59780894583967,329.4776214393386,116.40149794844558,2.0170573268386804,5,1
453.5818373853977,3.5239404452176197,162.27742592097948,129.27346217148443,776.2338291158906,122.41078976405814,26.306246958192823,44.303441639662246,106.67257018921993,473.6110131706224,62.4607701795434,298.33692962627424,103.07035679492395,1.9974545512092428,3,1
446.11436781268947,3.8418666608076406,201.06118625865238,161.55075163376378,759.8639141887542,103.00570480392481,19.825043697606198,53.423124981559454,82.78960233903749,490.47975237078197,62.81480548811605,317.4090668956493,107.08155994846896,2.0514653242393988,5,1
447.05475226372533,3.3837914106341564,217.305795122705,172.5922086116242,897.1288589415316,101.92737690434265,17.727205387908143,48.78048525699579,97.77241368774769,499.932907314656,74.45072654283112,318.9109172858039,102.17684751749245,1.4719824078675974,3,1
448.925981108789,3.170413872446656,190.4624707871233,143.41725014282744,777.4312384459329,121.44116362779683,20.687362655666774,48.58489197230536,81.74641344185335,552.573844548661,73.51218658588031,256.130051725656,86.82278457148432,1.8855365138275337,5,1
449.44166645235237,3.926151286181319,233.54231740373743,132.91407738575472,807.6764228625176,127.89732124632008,23.558369723179673,49.9547186818851,94.03475339703456,516.1113106578036,65.39317212431334,351.95078965960874,96.08217484191889,1.3779476842855791,6,1
460.9144431545547,3.4659558062353577,170.78998201163023,113.12745854176472,822.5661412371705,113.28619556355048,26.729068052841427,45.649117649373,94.60631981801426,521.0365520515121,73.73815089487174,292.32768857138535,96.57208529656846,1.6902017716308795,5,1
450.7791882871095,3.5664675420872634,223.82521363263666,135.28852734506194,743.1653440539592,136.7009390058309,17.973259388778104,57.76623593344377,90.43980697249829,493.2938025953,77.99696068359624,320.86720540247103,98.04932361218187,2.5979525046022665,4,1
460.9896011582337,3.8704255742134386,213.5027411281384,148.2951473625144,861.7741884751534,127.34935974254316,29.77855619311596,56.49096955848305,86.03740471565037,531.7066026736034,77.28929419830301,321.7087053315847,101.79784150126714,1.9096238447512182,9,1
448.78925129837125,3.1904134273716696,165.67933503378623,173.986848612551,831.8559520205614,110.91658748292015,25.511698080310378,58.09053391523844,91.12907912596239,512.0929098972509,78.02139018411228,225.31388725393776,102.50666362207183,2.297919737640404,3,1
451.17952785474137,3.678647269291777,254.21588598081064,160.09700538349452,877.9192005940391,120.30848667053507,29.08088497884973,53.41708615619446,92.1360826674414,501.7609093098272,72.77744387531402,280.2921241575159,86.86331780141705,2.057647277056275,3,1
420.02698973201836,3.3230315730611326,198.7250942899207,154.57628107060128,766.0389031390949,144.7692913372341,22.342089752577614,49.85260942489031,104.31949189045027,470.2766331125492,69.11170090435056,325.2110646127817,98.81540217911969,1.8075541665533628,6,0
463.7449151205372,3.4603491933066883,182.45031955688737,143.99820508048305,804.956289623808,107.57435997200295,26.511579802517474,58.073646515034426,83.02127771759763,495.4571303159347,67.98759959766582,301.8675737830561,97.57061939307171,1.4957156466957884,3,1
455.1973271384699,3.5216836896152865,171.85825610431965,141.25251424116067,801.9677877497097,125.28269938915105,25.25558778991236,46.5951658204351,85.55269202948799,456.8186918488018,69.91306555693578,320.6690800901421,106.90519161851246,1.799972173795321,5,1
464.9701516478948,3.049933441565919,195.59963944680652,171.08471396261945,813.1944247175011,116.77255447276657,27.45305893916366,45.64395510483494,92.27788445655469,498.39443976052183,65.61988347771567,302.77099684335553,102.96122302040216,2.091589222990262,3,1
406.55616932709466,3.2663488871538697,197.4518625522008,153.01107811137584,727.269262571142,127.06896290918512,24.29862589720085,46.9924424261507,87.95156967683799,503.55645431859597,68.20350637740485,336.88145381409436,99.08461238798098,2.29007672206213,4,1
481.32562057171094,3.905321867723942,202.0529105707933,118.46098962118467,805.5418189346111,132.6727364631838,26.419645627022767,52.61435633457149,89.1996716981552,403.81926461574744,76.375598741488,303.42101665333234,101.11840411931341,2.061168432278643,5,0
447.9061555776724,3.7658573565754385,194.0440768755208,139.89690528154136,728.6768044288127,116.13762911288633,28.3065859563136,46.189474033061636,98.56281468291009,490.78641843597984,61.95464495781253,342.72267290341426,91.56488481140636,2.3247401589728556,8,0
466.62274225106273,3.4812081268018296,212.66450620230188,137.1267595234256,817.916703559846,131.18912271707174,23.046471118324675,49.22313505891,67.43786797256612,452.9647918158163,62.29665137154291,270.59914268363866,103.30676022415904,1.239914948720147,4,1
434.401411093117,3.572937037553868,192.24740334673507,141.80603986233803,693.567543774074,142.21203394271961,25.72673269746895,41.99072353057612,85.21640523985751,519.9455730206678,74.15265302209214,296.1707979156317,98.02230539703613,2.433331278791751,4,1
459.1916085759385,3.4117272483090626,161.30071765519057,158.44365990427627,707.4206582854706,120.66274737344234,19.336413288332956,52.40548832714122,76.06104618999001,525.4863897420398,68.24913537658263,282.19801294253887,95.96310613619121,1.4358718296490234,2,1
434.19876655239517,3.9069750157483947,197.01277008700717,148.38832677308625,840.9274358219999,127.84888687494185,27.10750905719007,42.41448316408445,80.43346850476743,482.9464072933873,60.37178487720833,311.65908192186794,106.57115919918128,2.4917523085790108,6,1
440.64346558956294,3.439894226661751,152.65044693253444,148.84701889494508,772.6580772402608,114.09559229796724,30.86398763038747,45.33919472567319,109.23699593657976,521.9608834848766,69.69332921829779,291.6399616535227,101.36790411338797,2.2512029217064216,4,1
478.7104703080018,3.5695526276404546,207.0754126178278,169.70209741987856,750.6070963183879,120.19259309031213,21.266691856753916,56.08583567448322,94.78534507162205,523.6426774534025,68.97939207593197,293.1145743871909,96.67284534909652,1.064905218927517,4,0
447.1397639885498,3.8438090432426195,180.4139953943473,139.55308365319968,863.5422810537774,118.23324907291757,24.72585621871617,55.90159158493055,97.61251940046483,490.81136642352925,67.84457761754334,278.8570091024926,96.9780342687526,2.368481412092465,8,1
453.26149309769585,3.266788554546228,203.26720709831602,177.96299288831025,816.3813108664208,127.96935925658596,27.641443902742342,51.871565447732486,89.35576280170855,561.3714790121463,73.42853013240742,286.17793449214366,101.82953169820247,2.4975486699164557,7,1
463.0510159603313,3.9676367553490683,226.28149963049208,139.9303861294337,843.6045097766892,132.04675935756924,25.094252420399652,51.37831790867615,96.06971059865528,470.9970025197399,63.33402215604202,299.6916880824997,101.44085648236981,2.6289392301729526,5,1
457.43522831958904,3.040861577076987,181.02502609464,151.33797294918858,791.6878963839584,118.90345150882541,25.495298654479676,47.345201764228705,75.86748393983801,558.8546281301267,70.06492707429797,239.3596454645048,100.14712525712223,1.6157008579469885,10,0
452.2562835771536,3.9888926393338395,221.22512517024236,145.7819460689585,933.9814346950002,135.33622845732924,23.827001675429084,46.135481681288994,98.3063872941568,490.99202283267175,68.94513752693781,230.9470843190647,93.98321805702022,2.089705421035263,4,1
455.4744150369934,3.3881973248144077,191.33220866627693,151.85128700251443,769.7743069720102,135.3004744156163,23.715543240736256,48.188791511213104,83.4412470515208,466.2669458709613,70.18912613955852,301.7743782692245,94.7226798994537,2.3472246915243544,4,1
486.0512337785741,3.4271903756524154,235.0638960413117,156.66887992609693,887.2247774679944,128.468537431799,24.739917539243866,42.43172912768841,85.7494734453927,485.9380609678247,61.3390692093164,216.92470304299377,96.25843010916871,2.3681634337060395,7,1
449.13571804449623,2.9329969486451173,192.69694773603572,156.50752860133315,796.9316979950044,114.83973468278272,25.125014266418066,51.26224277476832,94.04120856363721,456.02443089082703,67.38675555929996,294.2057316957579,99.01926784623632,2.2047603809314844,6,1
453.0164857007245,3.363561584786692,183.19014028986618,138.7032400406913,717.2744802543627,113.88171183260097,21.45567621526807,50.24415562404205,92.53157406865772,531.3823146955681,70.09884595518614,288.68508716426356,99.7934446844608,1.786681878271689,3,1
465.7598159401142,3.1880580406919345,213.74476900790577,133.15627983828645,824.1424372874054,111.87618645309962,24.801934042161914,45.33289366644867,90.67696038714838,435.88924087698894,72.70579818148948,316.2611360958262,99.20014487132559,2.4939718770545736,5,1
466.58288899436974,3.3177060963879583,191.28420540752728,187.54757686358568,815.7381280727582,129.4916607023816,29.70560181612798,57.84340959420679,79.09523077135745,555.5843421507531,79.2319825270625,279.83944862844214,99.42877519464759,2.4969099834072583,4,1
467.8054545834057,3.458806710263336,183.17100971741982,142.7402349059917,747.4339092880385,107.88231792510635,23.742598619233284,53.03456855143524,90.79850935057314,462.5653119301416,74.0297419436951,347.085443078759,109.40622798960536,1.9228608469516988,4,1
459.58095333043775,3.7873374843418715,190.4432029859242,160.4881865800798,753.8890361432643,126.76837654111007,21.288235051376116,53.459209020044284,97.68449082786583,533.4661348738382,72.30577600316708,325.44488619691305,104.24625043296585,1.6082225979794693,5,1
432.85492630904275,3.562281005420188,199.10786935633996,125.88538034215205,798.7651178457504,109.18890652175887,24.54575179604072,47.563300369804175,85.74010323120164,500.9690344424187,76.35737396140189,254.6311790504546,105.94108378274119,1.6360483304009281,7,1
474.50147298451645,3.5923029960203343,226.84360262489707,145.80580920142984,817.4873907623991,128.23546119841973,22.85616156362711,49.99334960986838,100.51949636272236,510.83261132198385,68.48088776728383,291.4696092757697,102.3213199578199,2.682408857666106,4,1
432.8048191047197,3.1713441833463314,161.31824509080846,148.09200924026337,676.46683585603,120.1721958273056,20.984974524034183,53.13686335093711,83.01846451268793,476.39826514890547,77.76964081817428,345.81555432551625,100.36201336158123,2.475339192459213,4,1
454.5395319785855,3.235773773119181,200.46161317900842,157.0922260489175,852.6560726261902,133.33638561859829,25.417505385197863,50.763911835501176,90.05238313374699,514.1123200133253,75.59636395031058,279.07104283801397,102.04979119807106,1.9899801086399853,6,1
438.68586224970966,4.039617505505394,212.49807189308086,109.16318788512092,775.2751013092511,131.4145457832127,22.869153888546766,58.00950392384936,102.2826218670129,505.3989715420346,67.77061104678769,298.41323024923764,101.1291008630772,1.9004133962395013,3,1
449.03792480110513,3.279439689571026,203.86897149983594,152.49210919617497,733.4126257800912,134.35065412002112,23.125857499440176,48.981062152916245,84.54880069840313,441.6835572732269,79.61977587866646,342.1238272756433,104.03989104305776,1.115906619572161,6,1
454.9314361545522,3.9968624756171884,226.1973033886707,132.7538781694816,847.0533275725966,134.60818718289113,25.460282141156167,47.477197338819444,98.4318838670166,461.49999988266967,72.2346765745334,283.78213151811667,95.12429766675783,1.9577994478109542,2,1
454.8203582317541,3.4270816403357403,198.5130934048295,154.86518566792387,798.8191010290772,121.43630833988198,20.400476213912995,53.17126438235713,105.79721889777447,478.3635155596077,80.96484488030869,333.68939820248676,103.62373547308214,1.404442422722913,4,1
456.3288113135293,3.5006863808430513,196.3089711562811,134.45506204742756,860.8082888391127,108.41206933575396,19.775291049246626,43.67676363856744,91.3683525513932,469.800139274942,71.51591127141653,272.70001192159145,100.8352933438865,2.0794997382458793,5,1
474.2056690358797,3.821109548068979,211.84659094026688,137.16775956111627,821.8976131489878,109.47476945002622,27.012616583505796,54.62148466154056,85.78386410093354,550.1124378153461,67.19035070244682,213.37158449561642,90.9645648117543,2.5926236233807205,2,1
456.8030145227097,3.881567726581597,201.986276299027,145.89558584410096,799.9242748525977,99.13151470684062,19.20749919782775,43.49644099704008,83.81808957639981,500.2805673539,66.16231678323297,336.8558794932188,100.42860843315546,1.5097742235137794,4,1
446.33765047064026,3.466756231916274,192.1918252343906,134.21505795595206,792.3635027509922,109.16334166571906,22.069966914077938,53.19292333029275,100.4368216267786,468.85314609440474,68.2212827263353,313.1620512017243,93.46891099555408,2.119293380194017,5,1
464.4613075243254,3.3835270839435383,210.32288079172758,142.86698329896967,824.1356380278069,120.6882365770465,19.600481393834688,46.75863222913669,100.2135535947172,480.3692070398784,67.14352528985167,315.136928260034,97.32501163306975,2.498889881004963,8,1
467.8420573338696,3.4832238654433363,186.9494341356671,132.09936347185027,779.3234370595335,114.40345819174838,23.541590599453503,52.382920734916965,101.5944729829494,479.8214766581173,76.35694278479347,267.2111162608418,99.2040467012253,2.1101476976361258,5,1
431.5858827729451,3.6013872584696354,187.77645695961345,122.50244322451908,757.371370562675,118.19864395590149,26.284176242953496,54.536714730305086,89.73729319475243,488.47802111979735,69.85512877724874,269.5994215050941,92.46449065579164,1.7380085190748715,3,1
458.96100104774786,3.7673911060609266,189.44011956468773,165.2693557864404,830.4954561327322,124.927154194614,25.33701384619713,50.76710597751959,98.30245553221684,456.986823811216,61.929886637187956,334.5130955920842,99.73129408546889,2.0051932026360566,6,1
460.51759113466346,3.5012689576982456,227.06138320332815,130.55926960764108,792.7756079277785,116.95934741934242,32.17562016837185,44.0018952417966,89.60928487099144,467.44275557610723,71.06502157935844,307.2962192221279,100.34234038535254,2.4786243561139383,1,1
445.5365474496001,3.685665889406946,135.57967288028573,147.31978668588025,801.6783824034503,108.78171199587416,28.260746853367003,45.51612377746424,82.93555902713312,530.6642764465685,70.62756521555143,296.4763182798672,103.77536865898442,2.1312889299487208,2,1
470.6356021996743,3.991507919681282,207.91197669525886,161.29336622240677,854.4689918077304,119.46766332436567,22.206526449530195,46.35670429483109,98.99341428089882,507.41372413467656,67.65696189415495,306.6277998634249,97.73117324857898,1.9983147087198285,7,1
447.7491661945121,3.6143928836794355,200.68543628400445,140.77583846225934,794.306169613213,111.01509513227155,21.40883498552077,40.52496553201113,103.07096222622563,493.906498138392,71.33796010992135,345.25516590036904,101.37237502159745,2.578071563105813,5,1
451.88364680207314,3.5934958568014337,166.3825908152376,137.62251150381692,800.7516962770895,117.29213503020937,33.120063822926504,55.637389293659645,81.83518421774944,500.104912692604,69.77945283435551,321.7106468115771,99.52293625443095,2.2574589349752117,6,1
447.40392263574194,3.04432675247298,206.19453558272005,153.39357133001133,770.0175244274534,133.42776964423004,28.18771601720009,50.550537928781644,81.68455229679464,498.17756973698357,73.16882683688283,285.76064407844524,97.90864631899179,1.3985487855250267,6,1
450.233685713722,2.710780958951281,209.51503983663065,166.76900734090728,821.5369966990926,117.29494695903826,26.768108821808717,44.322409774055025,90.319855473841,491.63475581073425,72.87489469341611,257.89536416639845,91.64711352429815,2.3157063309909973,6,0
433.55587369657195,3.6165127187690507,211.792784627148,132.46027102370297,817.4913956340044,137.70957553347745,25.224555436646853,57.27837428729178,97.649028845928,520.6841935482992,71.82451428199536,317.64161285483357,99.4419984633525,2.474779377391133,6,1
428.3992367610856,3.4715527306157385,146.96343873910104,147.74778251973842,845.0387565895279,134.3163598693797,25.820564702425052,46.493359499309186,80.92944644996837,517.7263994339171,63.50572048114967,272.2809596809731,103.72256248701251,1.381341806456256,1,1
473.9175759483746,3.3455651975255774,227.32778823708878,124.01258107549009,771.0435581496562,114.20694691420957,20.55378017355272,51.252862445374355,91.81612589564725,437.12948107091137,80.59508364071155,264.52869187143705,95.33141604707441,0.865630252066689,1,0
437.29557977522506,3.5730590612559032,185.2452659063032,144.10198494476714,777.1091515204907,108.88876233584224,25.471117510590304,45.87364727401899,85.27658436752199,494.7375125636303,62.220071483338444,339.472475606222,98.91108069350864,1.4790336656108243,9,1
435.12911475815537,3.4818788812409274,213.7313549350635,150.51307026807112,839.6068699572735,119.47445838079807,25.213694192377044,39.90869923335486,95.60663279860002,439.7672240263694,69.35645411592455,326.1721724027444,99.64756336786182,1.9487501561581926,6,1
417.69914829594427,3.8383340751901693,214.82147561364573,137.180630373674,812.6106501681431,131.53327763396888,22.28758347069556,43.177797205743694,83.61690542803288,525.4230881382283,64.52783324325598,311.5705778004149,105.51220315890882,2.5048941725239677,6,1
440.41557378465745,3.525833260477693,182.46605828761415,143.14512249262154,754.6890936903653,115.09809093771312,23.384420639294564,47.757547845667844,96.17442400219343,530.7066622740114,71.98169080830063,262.8480881718825,100.1505391192802,1.5545239829084356,1,1
430.1536530988875,3.2759230144789497,213.209199047031,128.87659847538825,865.327703386725,129.08090298262138,29.545529180330668,54.49148435603024,88.73428151345833,475.5688440943322,70.69202862403654,353.6779818230125,101.44043687656546,2.277560133327234,7,1
474.63022740204553,3.7970498716877867,192.29013518175285,151.1561791707224,715.0774715799874,132.08439989136087,24.624475239115412,51.73266573409622,82.50287581055166,495.3296417866114,69.15616957689896,330.86604944147547,99.9567197646823,0.5538094326090941,4,0
465.1472563401395,3.434860677516139,158.57245641323686,165.83541373324724,839.2142376631875,112.25974349637394,31.21351390759933,50.70102563085623,90.5095196434151,415.54238811511016,77.58886391968926,290.8864319681282,97.53847087513262,2.0901533601800404,7,0
439.67774482233415,3.657961005101692,223.35483851055557,133.54284195344303,736.7393982000901,113.23948911711413,19.77796169053785,39.94986188627559,74.49621348409318,538.9115925636811,75.54247958588559,284.54159825517405,94.32763041221244,1.796629773057285,6,1
483.78653708016463,3.35677678814216,184.4991007396752,140.65992350171425,894.2894258242763,127.12662032127007,23.43360944132276,56.350430738400476,85.52724342316048,528.386949610056,68.36442328454234,302.35469223926805,98.57463951297692,3.0492993908196997,7,0
464.7264823048739,3.305051934350769,182.91013074523892,157.53819369681273,722.7700136547188,121.5184754964157,20.358164346259244,51.11839848247778,92.69920856259729,546.0034104695011,74.02067320958128,285.6474400038405,101.96679652229604,1.0539568563836728,8,1
445.12752924737066,3.5252504690557087,191.93868263926555,168.18136078984105,857.6125325936374,113.13938473456321,21.371732638324495,49.4029116505392,75.82596176774484,559.461765613484,77.82340128919228,366.35561870355326,100.61538183999788,1.9927492585978854,2,1
412.5089142768964,3.5038485930631054,205.44473450654777,127.60215281686604,795.9182819994378,116.47819551880413,22.51538288302211,55.662115549944474,69.43090517515671,451.035628280929,75.50672519771481,288.43414875885406,107.39758464857077,1.0508893241877943,6,1
484.3641385888611,3.64394811061005,198.85459178355796,147.46822893876077,781.6698715080628,119.29480447272582,25.945928880311772,56.23748361784137,71.28506144149466,535.5217680655377,69.31890707266248,267.9635138537932,104.7292601830859,1.7251461334187748,1,1
429.15641299854605,3.4194062740070774,210.9613384941434,154.24696233479287,809.269832823388,104.3514557504454,25.80047851324116,55.772951238045955,100.61702844400295,559.1721777767384,62.04849549285242,347.65247574999233,106.20278950260737,1.14942251719802,5,1
425.3190187956466,2.9490920648688808,173.21021266942682,148.46915414056727,831.5950169578906,127.65643106482695,22.962129041117183,48.76456751648356,89.38592789789817,440.21688515883056,71.6232395245993,282.9281450013868,89.83861695174357,3.150394370045414,2,0
465.3385564801446,3.3701678349234836,185.1522725913853,112.8481189968437,754.7799748834565,115.2130781106081,18.316601327990256,44.98261719607902,85.7402768479425,493.15155152617143,73.34305167696995,323.59290324350184,107.89667126191978,1.822226065969506,3,1
486.5962860950891,3.7381455401431447,197.68005855356932,157.51635013963158,759.2106137415714,92.16283776201901,29.43307861909646,54.94461458571037,97.56123788533463,485.46392067082303,66.1519154985824,320.2616281825821,101.33405797663573,1.8944852533449914,3,0
470.76409227765777,3.410787176227068,237.95774585317412,172.79004526635967,832.4802432556443,119.76129031690547,24.14270585189093,43.174727784647914,86.76440254024712,534.2184745676599,70.1127263352902,298.24313848364835,102.044627312109,1.9786331374473483,2,0
458.45863680078537,3.4260849792456356,197.72374923172484,151.74992626754255,714.63285231752,112.58428741106492,21.651129489096583,59.73628369332141,92.14769519893386,404.2423573462368,69.58556095616987,270.8100970643191,104.48013672830591,1.433861603606208,5,1
458.9213151249793,3.795912951771781,221.70444527323264,134.53340920058605,770.7885453403958,136.88822192302678,25.824792343210262,50.13999772597281,90.2060428073861,572.6383078492878,76.93855317902621,298.55451219064827,100.10658654206813,2.527619366830388,2,1
462.8012333817046,3.286408031822323,200.77110337568635,142.30309130453574,952.0343477079721,114.14554979080032,25.613335511569524,44.69557872150208,86.23200463397617,495.49851743221626,79.26908087795044,264.9041668100334,94.64809726248342,2.320097072743171,9,0
461.3839288468015,3.03715903452713,190.32682725124863,176.5486960148339,751.5993517705359,109.02356636421389,24.031970605000105,43.840657229216944,92.35316707111285,536.6437760806858,75.87607235150351,299.28846712389293,107.23703816564836,2.4589691813358905,6,1
454.21787135954065,3.451810664142352,195.0655115177112,163.64943811290837,857.3901395879876,125.07932669962015,25.445593046924515,43.6119758797197,96.18608977136115,497.59051049233636,69.57222158411945,323.18344399378975,96.15888969938057,1.391019058981855,4,1
451.56301655927814,3.354747814625379,196.63160575942237,159.60039927576494,770.7024615643094,113.39552631992417,21.534910478775945,50.701814533604214,88.52074706386409,519.685002039187,75.73858123473909,351.53340198575995,95.07141310258744,2.5676576076220257,3,1
449.06110308150716,3.210126104074024,212.07291477921478,155.34618875301564,825.4522572398572,112.20543798747768,27.27973852952945,49.968038399701065,86.31555541476308,407.143269655354,73.24394102915134,267.36452652167134,98.82849542497081,2.5099206396631537,5,1
438.69053116699985,3.447386463230393,227.4922253515311,140.0829433171354,832.7177845298108,125.09501382824406,22.00939871572939,43.82038913245403,87.25990073600437,484.6047050879716,69.62550211809129,292.4862418801222,98.06998032726733,1.8838034825045913,8,1
445.7898738469984,3.647451694174035,207.19361695372643,146.99143229016346,856.4478367591473,109.59532692110434,23.183291034089706,48.21772106722049,71.61669973771414,533.9104484537471,80.4619514450165,284.2556674732416,100.01903417114063,2.447510537771782,11,1
424.6056477870692,3.4972134315296555,223.7415535748351,148.83115896482227,789.9873086593612,105.42726341800547,26.946405448454726,43.16032306954329,92.2644763720713,511.5492938685478,66.3099078005875,308.21218132522466,99.5089586018057,2.1363358116471436,9,1
448.52490559807876,3.592094321805871,180.7042052474063,158.24361474096665,899.4442319377426,137.25998002094337,28.6118768950307,52.946509029720865,80.32710968809158,434.5263562909297,73.01954487804771,254.3457487106754,106.73564883784621,1.2030002339295123,6,1
435.17113339273624,4.044022309554627,191.70738982371938,172.63378341400355,770.533171770741,125.79498737600645,29.757323704139015,49.72703366943643,95.03774979295139,502.4569957550645,74.19780322776961,272.140119686251,102.29661299526106,1.9085970490439799,4,1
433.44616024176344,3.3971363415327307,185.51394931584667,166.77507205189693,811.711020679978,117.35790715005635,28.167394715399716,48.10798747041276,89.27660719459764,467.25030696553983,68.56250580238134,249.23950325794095,95.71101510433536,1.7592449811101762,3,1
452.69841226730216,3.583504590393401,206.28889181749705,128.7092346630594,812.2638466108804,119.96522790298064,24.027783448594654,43.559446349662366,90.84096877224353,463.78322995306246,72.7956909393967,256.8508637800469,96.39747870771203,2.0427096440239474,4,1
470.88003429516897,3.3472359912202596,192.82083229641174,153.35992453351574,743.9015940025292,125.05864358116156,20.376900792698613,48.49922199888617,95.60263336484962,439.1722290673313,74.72748625110573,280.18686618263746,98.0590567617096,2.510563143866654,3,1
463.7747490900347,3.2460920840339083,214.5954587406839,161.05145017751846,785.706387251044,129.73337449613422,29.21516675680868,47.92636059326836,82.58780986927252,524.7481048762852,71.22317210263957,350.12647838477665,98.07899497614754,1.1793293322347274,7,1
426.44249094565237,3.324527703974669,181.37996576735117,159.28290495216953,808.0756749619204,112.44024708684988,29.112087966714927,51.588633506047984,92.95398754680765,544.5205777574254,72.3624778167139,310.42801430797897,97.42627931593272,1.7782110459797815,4,0
435.1555779514449,3.3563724285434935,200.86061946642562,140.5614935491887,778.393947843529,123.66146525965682,22.984071539939514,50.835089890584804,92.14096842050132,584.8057253665138,70.5271556147451,301.9498762079942,94.49128990978203,1.58908128351933,5,1
464.1115678198232,3.6078427392641377,213.73715822024513,193.71163823652543,922.0461982728267,114.93295823789761,27.76356711347368,53.96030051039671,88.52175333885765,441.03806433028285,73.98760055763356,340.4065801208545,101.45201068718076,1.6105543473446466,2,1
435.2626890969253,4.204722736010227,158.6939444991878,130.8437315650332,758.0688163200234,118.11018755487376,24.003466618207785,47.57711728247469,82.5745103938917,530.694886449059,68.85510665403098,311.5079364355026,97.72197748730594,1.5884454755832162,5,0
446.6305027500446,3.2851869691172477,242.43262614660406,133.75217330000925,858.9712234070214,121.60692867464904,29.503830650535185,40.69794248901753,94.76190691244132,533.3268548168363,68.44101108303573,314.32728334191023,95.24099270477478,2.0340851777402187,5,1
458.2507814853683,3.3750124083153614,194.3369623024025,153.50392621892365,842.8229906574393,119.93321426947328,23.455406012788654,54.9554643829902,95.62763635535453,476.7798129112797,70.10280076924576,285.809266044606,102.42737597546345,2.2615877264186697,3,1
435.47483317704547,3.4810630960666256,159.49920172647654,181.7520458244578,799.3068932747864,127.35566898302572,30.935953862645512,45.319837434759094,90.90881620782308,463.29686458362676,75.91834437099155,280.8801493317275,104.23910999386645,2.174162479444763,6,1
451.5806325921894,3.618739654612924,203.16187797153572,137.45707723943744,756.7395473073876,124.87086559115593,27.358361642794737,44.465414734923726,81.43758067428284,456.5703071613228,61.263184256645076,260.6661915080574,98.77181451099887,2.092834103779578,4,1
429.9896175762269,3.5790652435864354,200.66886935946303,146.0125745152951,761.5872339804115,104.91830790627822,30.39263453405796,49.78441727443124,85.78040773659637,478.9058702615914,65.45315341644591,281.96731301875826,108.90743182259257,2.3108722439128218,7,0
440.9794853407318,3.885228738184435,198.36211240855013,166.1594050952354,774.1016350391745,106.42176792934558,23.60860819105036,51.51135256477259,89.51733822063947,508.104863834238,81.3788502414272,291.58429757702845,111.07760349515587,3.1901630667551943,7,0
454.79672901213803,2.7720823788394373,219.8238222585333,149.732067676684,710.7129359026868,116.30283315240708,26.215088813332578,47.345817971426584,95.50795639985675,554.4044804202725,71.3759420838715,310.3415684255076,102.48445076680638,2.0679457071569436,4,1
426.10509399702494,2.783921038941298,214.94889942854113,144.98094218204557,749.8267287100355,138.28625262441824,22.092162404966903,47.30653659265936,77.33208479109507,544.2135335204047,67.96481976518649,298.89724754865887,97.65594640402824,2.510569201406637,4,0
456.607121069406,3.351236548396955,205.9575238204769,158.4844935283008,725.8761742318179,111.48408167498397,27.531967756357588,48.044868411172224,85.48957228556499,435.3833222292535,73.97425917744144,289.0479160239693,101.3447677718838,2.4820917172855936,4,1
449.7054330160998,3.8291900562631125,209.00311267893295,154.0877698534439,867.2937501588858,117.91777290387247,27.697124598511373,57.08270175496572,86.77861952046239,468.44627005597954,66.07486499898987,272.6496974430975,93.87778467376364,2.8888970815153083,4,1
458.28734931625723,3.030305590518321,197.91283101123827,165.45658178455187,830.923119619411,114.63653973043478,32.191071754603556,49.98660956220934,89.33422736477577,551.9856149723788,59.486055439025066,311.9738042386563,95.64068196217336,2.2802594324750363,6,0
453.3587120109699,2.597710298091873,235.50981698480098,169.37203333598046,839.298704943273,114.4595561591192,26.446119391658947,45.16018580269102,79.58939772780123,470.75628669619726,71.77399973873695,285.06701738898477,91.5865543079955,1.5778419095130327,5,0
470.4621064496077,3.6713538218657624,170.41607963284466,154.60504590008043,829.4415975770974,121.78239743905056,27.17228260751828,45.21108321548516,88.25973777301333,497.723433463593,66.34608082977586,310.6138952397597,96.85767508749268,2.152440960510939,2,1
451.8783675397186,3.5730971671108143,202.79303348431793,154.37599088067464,808.3483811667081,134.00777276195652,23.587508870488655,48.74557910208815,87.51613148549929,431.78844261543657,70.5069488906495,242.60183671219391,93.83739874904387,2.1255693717087736,4,1
443.5589168831212,3.172937477960171,201.3004926237756,153.21166473429201,873.0340166064568,124.5596839988059,26.624138117905716,51.189289670140035,81.69926502808275,546.1213366205179,71.64700394919235,310.0926348890968,103.12028365957843,2.407591304393888,7,1
451.83446254548426,3.204338119783721,216.26560812129185,157.33695834973932,769.4618672134131,111.96469038572909,23.860326373937248,52.41990080983095,89.05625932665053,423.4900717659445,70.71058084782888,322.40720708388716,96.25420737204846,1.5633016652502894,5,1
458.1494704355458,3.2090768841095976,183.122922451502,150.82755956807196,805.3334827683523,147.53229510803206,25.347582276526,50.620793019236075,85.67064722571598,434.28757676853525,61.455022939440084,318.5859257809124,101.3831064575829,2.6331605369798092,6,1
450.7329010548856,3.533160595242182,165.12654795206927,149.99087276516565,837.3529413912062,120.78573220961125,25.523546984637385,45.790633245414554,93.96468914007765,542.0326824334682,70.13140421293704,294.09838723947917,103.73953220361716,2.00261857457006,6,1
450.60887536805825,3.312105417145098,203.13646032196385,167.94940681240863,733.9395384071936,114.22779043617886,23.94308537995249,47.88029350219609,82.9173795119653,576.8024671826623,72.22300970682204,327.45954946273133,105.85671205754261,2.419689626965866,2,1
439.47012468289864,3.648219175692656,205.6246098443721,172.74174270532563,954.8294448071274,134.12096374677589,25.18883528962598,53.66953940932312,90.71867297702764,488.3755566110034,62.99970368387878,261.8112335113246,98.23287729344484,2.1548365790368162,5,1
440.0564862367358,2.6436120011286826,229.79198818895298,127.38670583049868,801.4282881388793,115.30929382056182,23.87411449085974,44.26954019773452,83.53288930216586,498.125487525487,62.40413220576733,297.32381804380407,101.55318749469897,2.061295389160001,5,0
428.9609209230046,3.24294444046166,174.59275907349829,150.15031727610852,807.0994725287796,136.62913654987443,23.860806624898483,47.67123303461269,85.2019660947295,536.3311823913195,64.65487707072802,294.19812596517903,101.71250750281753,2.1169282052418854,2,0
476.2436511478041,3.1621838117266847,223.0938753343344,139.6695834983215,862.8439015837461,111.29357209033333,28.229993954506813,52.98731428940676,92.37833302164324,511.5779125878953,73.73382369380118,331.0919906712326,106.36045690761091,2.3359960056906117,9,0
431.34205146913075,3.4230977964882525,247.34828728054242,145.3354280027089,845.7477666505112,134.3003038892137,25.526240925479232,54.37640713317588,91.87774186273724,485.07127282493343,60.00842126756215,239.38520488426357,103.91779039541973,2.9793273970357097,3,1
439.6064220330614,3.3385856724529583,192.44470224955046,156.0377431460298,801.903900969823,122.01047664281694,26.041198816600833,49.03542314454309,86.66382253937311,480.5818551445723,74.14886925572176,268.25610846218103,106.51672494393355,0.9913113075855229,6,1
439.22389101646206,3.73935313396873,174.18115561013553,160.04157557313704,806.5064719049021,132.91052232702432,20.628085693043392,47.94396594714592,87.84471505333866,437.32808170060065,71.96027874145115,352.4175242589155,91.67674270859692,2.2700014744620276,4,1
463.4238656541666,2.942198968501983,191.86051267253256,148.31810334582983,724.792573452601,139.01765708701544,26.27037499549117,43.3894102927813,78.3711484391238,509.3176708848088,68.71249024734043,227.08301628465114,96.67864494964074,2.0219838980003737,8,1
445.5757548256196,3.5136474428992255,200.2800993474276,121.29989497915795,772.1767111075012,108.67392709478746,26.591270391925715,52.62819961363547,101.2221144846456,496.32332711722097,62.59685168799794,324.432719150625,105.15908417111963,1.9114467163976978,5,1
468.716131090106,3.6675009269635117,211.2757575001383,135.5243162913573,825.860510807948,132.75771820758322,23.804984131933743,56.59389842573395,95.49965118302423,482.48615283549276,66.01766227554391,278.99018510918575,102.90350918448912,0.818360888436233,0,1
439.897640636342,4.056994230968586,188.17210540323904,163.44749505300248,822.1946419521444,105.91096095574595,31.255089028782074,62.825770292998456,95.21158440696885,459.92740817750445,73.90952026005317,307.641078109383,99.37477227138736,2.2901038406275087,7,1
454.18491243335706,3.3554702086719574,231.10397068294685,108.89360366947602,861.0582875002043,109.52815644751772,18.132318207447803,51.93223091759023,77.23974226435028,463.97876586826277,76.2836260092168,342.4134721157806,97.62975058319994,1.9375146815593431,5,0
437.46979420110364,3.597337581305755,177.70935369983877,167.81140727523,793.9749470888338,111.96590540207563,27.353101407311637,49.74560174178009,85.23608006008571,524.735076820268,64.84318591179368,308.7962061323649,103.94342272314465,1.5827857661618134,4,1
482.1772369166008,2.9588411622312907,165.215896956544,157.8184498596681,730.6356743284567,125.03636636177862,27.138414414864585,45.40094693424546,87.32363176861102,535.2665459363619,75.70931755141889,343.0360013028305,90.1021146428044,2.0212399863587427,5,0
432.18602371455734,2.782413138706093,222.13420848574634,169.74264122295034,852.8365215387839,120.3301587693486,26.624748795998237,40.60571543128425,74.55150806372791,486.9153537483753,73.42937616354064,285.22952457639593,103.96095592656367,1.8536048844675599,7,1
454.6473106534054,3.75343231273451,154.507579375876,147.0214621967856,871.8044673091008,118.32863915837164,25.528638116915868,50.88479624869917,97.11960076860869,482.7008170701448,69.96581401117608,289.1947123247128,100.45344133020407,1.1288034164909209,4,1
459.50665321398145,3.498331911905579,195.9174046225457,119.07891863965642,844.9122286428114,121.4623527902236,26.652037967875113,61.75169560077151,101.63107590838509,465.85407813543185,66.31072435179799,323.6052674654318,97.55580241203867,2.0440923595790625,8,1
456.2069864617725,3.853553806939527,262.353622584161,156.45543962259748,791.8183164571254,125.91289589293473,27.604526438667683,56.354061148284565,106.49547964802892,537.4728017429703,67.09304989360005,286.81708619153005,102.51220450951573,2.290036764850007,6,1
447.2206851168344,3.087979133309075,199.75912894080136,169.11979686057512,852.219302593829,126.68248123941353,22.822337248504017,55.58282134556899,81.63292937985811,501.23983078623627,79.1146130807715,317.9203914311401,98.06975458857441,1.7253832926596369,8,1
448.05268950399864,3.6559706418586257,177.584646986075,163.8708270827013,971.4455239004106,130.9416683561513,25.89758686654027,51.22801408528958,90.93858797467419,514.7160391730906,70.8922090710653,335.5141264973305,100.14509367362935,2.130856416342562,9,0
450.65717207968663,4.060645352163156,198.85205072426413,140.05962774767946,805.7576157220237,138.2003481276744,24.45004947393009,51.79761580140161,100.58254615320337,514.3388052037385,76.64934171005454,326.05010682862167,99.76877099554821,2.054055987280082,11,1
447.79496997557266,3.62591168250718,198.98398422760934,151.3014161319397,734.4131653877438,119.78637627558523,21.718694799323472,37.88126340861011,87.97105216842436,487.69193517864255,71.2077899164407,252.63265303660253,103.72264961991732,2.5227461112853877,6,1
464.4581867519236,3.5829744516773148,203.21299880706232,142.00745596830114,770.6857475223924,114.78911037869084,27.151509923839868,53.812552903819984,85.46409668925858,453.38559600626314,67.73651037204283,289.7585766885143,100.79590910591631,1.9481538031656631,9,1
483.15784502387027,3.502566824247305,213.24525964319238,137.71100303715943,831.2738000152026,126.13536129185188,23.3069187259479,47.10329715212092,75.07185861164407,460.1546737725632,72.92045090217567,308.45497452164466,90.45440174443362,2.4005459195801153,5,0
441.6376232248825,3.0287355628622263,179.2177766326452,164.33082856769778,719.7597844550969,108.5574518373538,20.506423975661598,46.49136326702057,99.06097966217399,545.115421305898,80.78917536039947,292.68319381111826,93.03953098748389,1.8433236220905709,7,1
429.4529553063138,3.9066718807131044,233.75096110473586,132.03701533102256,808.4701537456035,113.2129586788839,23.382668017895053,48.38371523475696,89.84591395141308,470.9726274059771,66.77941669756952,302.380980401746,94.57916898400536,2.9836609807475942,3,1
448.6757692747312,3.3167427080584804,204.90228568745235,136.5927535412758,819.0168325157941,129.9938094639279,22.60330330572061,48.21497755274493,84.1652651282955,483.585507210066,74.56934451723676,308.8521223280778,102.2827233338929,1.7815792006800564,0,1
488.69564006481477,3.651344976914905,214.53588092803608,133.43961549791422,876.7560869906326,118.75871625182296,28.085437027570332,46.411822040141686,92.27085831863089,454.6243785851516,70.95254491143814,284.2029563784729,102.78426210761377,1.6575004378338491,3,1
437.94488148045406,3.031089708028624,187.43701200488715,127.6462871505143,865.509742802715,107.91807541641961,25.45957942167423,50.069360360879884,91.22404298542932,451.35733924294374,62.75240991813844,294.1968335863241,108.35178592377102,1.949753940278031,8,1
474.586752081661,3.1461621006476657,225.72764273991066,152.19621437763905,843.2292395875886,105.10196934634826,29.14714823706982,47.208612018959734,91.34607281883673,469.2334001188511,62.64063078580042,264.56895815979436,94.92784794516218,1.6359905472447136,7,1
475.1655122111466,3.9305262197666706,194.85895182373872,167.42254572722965,691.8660494742735,120.48716679393807,23.00033130630086,50.501614778780734,88.2632155013866,567.5362873697784,67.74008126530727,285.66474639278033,106.54626484943908,1.3756717830530827,1,1
441.69617637438006,3.3958093133126472,205.55105026987064,147.226848656321,846.0526564023962,131.4189653696801,27.6225096156895,42.564110927249835,102.97886527010692,526.3214956476971,71.7374429207046,254.19964191702553,90.3106066751161,2.3638011771289373,1,0
458.53474618777915,3.9359826428127636,181.3378784562578,127.4137829915375,835.2756693030124,131.28545777531187,33.51886874442374,48.929711146839914,88.93072213390062,478.92844514305506,74.39186484844257,303.4949008707807,100.08878978745561,0.46867564315765087,3,1
474.42594934692806,3.476530802282445,180.06136747195745,162.59916809613043,812.7972188539173,121.10880502892837,26.068097401381422,44.518522051568745,102.95457661058644,543.3150717820798,62.145434730093825,294.2033338692435,101.22601700022346,1.6412333220003026,4,1
444.31308388518767,2.9474306681126428,213.76410612905767,175.28552631052457,713.4888936927257,140.08909419096128,27.58494658696946,46.792753407510666,94.51293541120158,493.90804506814214,73.26348760078568,272.5261436385411,101.20795128284715,1.3291180427241236,3,0
446.9462945984646,3.767620279919516,191.12786339585227,140.3063651378011,761.1613045406469,118.95179634059538,27.080552992676218,50.71699421516765,92.80936114209385,554.1736018796736,69.40809872234898,353.5577942648654,98.45202241121477,2.071084700096931,4,1
441.27478629077035,3.3230323046733177,182.92353824991247,142.82168599923423,741.6588615232967,118.61432376602589,20.73377401772252,41.98001192622521,89.09380197377476,588.4692140158485,70.01656890766274,292.6376555085948,100.58947795930224,0.9054421651343993,5,1
434.778649039607,3.709606644055113,187.13633315945938,157.73490945125093,699.2495780246454,94.32564090261,26.75745189240235,45.887963113639316,97.79165354836736,541.1264695706476,72.94305923016422,308.5965883223886,93.8239021468235,2.2739254224724603,5,1
440.2608368240099,3.5075632602620246,213.9790614343484,174.32810621677578,799.8542424292602,115.52637050838784,25.919368961948706,52.84482192418167,90.90393414062396,503.7820382089031,78.73052660058661,280.8410050546361,104.3258074339821,2.3280449634137614,3,1
431.6408959985662,3.0370645316171387,187.41924277592778,142.2024878141216,760.108893927861,128.52015034908496,24.22075784980507,42.93411079067099,82.54295027909174,527.9723949406543,71.51820900203049,287.569559377881,101.2489521672672,1.1836909773824627,6,1
450.5112520238884,3.549288429611171,197.64690136795673,130.01325328502693,931.2652790134456,135.63961336859705,22.347890877385357,58.88933570139404,82.27606247201571,500.6028487712885,63.2163150864548,309.73240412545607,101.81116706740934,2.095301351416459,7,1
438.4504015341204,4.158866942645839,200.30055500574193,159.4712790940861,791.5614030281046,111.69765366332716,27.08194972098111,56.02203978065323,93.37987697547418,426.5600654409983,69.06453743535388,290.03246850579336,98.60491769222959,2.2580296419100976,3,0
453.5067886768612,3.647895937554338,161.65302227979402,161.98602109713448,864.6876577932981,124.62252329293048,22.082788781168137,47.5273645777386,82.74096891866803,473.8149834315182,74.26067011573241,300.099100706648,98.36010187625583,2.4701501872080938,3,1
426.6615653069456,3.482744674098361,170.57747189252964,150.0919717565284,721.5450487653388,130.46879032323287,31.400936814045693,46.06395156107468,89.50215154422,461.9363361738713,74.42521698458273,324.20473846060395,102.62365447082634,1.2655353316917692,3,1
454.96320348321683,3.8226030205870694,206.72555778495126,141.62800110513825,773.4955206997565,120.11208153195899,25.342507250464386,51.00969951667741,98.45747630840873,472.9283583267651,73.32912187045153,284.4592146144344,107.94986924978704,1.1952026787483776,5,1
462.50293442413385,3.5632005395609334,185.25941277694605,164.9156809648807,804.8448938017158,97.1671954247277,21.33007885664049,42.762688714864204,92.43176142315467,571.7468573055778,67.44984422330465,260.0351645028634,93.03184454700386,2.751324610835046,5,1
420.09396536142816,3.5628602690788385,221.13449822560835,157.92054006821945,754.5923025696164,122.47289999574252,23.458011165014984,39.989286375837835,84.22292103737001,544.8859897141863,63.16087351191353,254.2120713096476,92.77964912603055,1.5890551473401904,8,0
455.6108485477136,3.1725124483522693,219.3361420850109,138.4734672464476,778.8899657597627,127.61430624060893,24.16559698513055,47.70332437973717,101.27990009292911,517.6353920576659,72.94753877911964,343.1531710916059,101.33102656194461,1.736297912495723,3,1
468.4150348870994,3.5701544077368794,214.38337332710876,150.73642096958508,789.1024546878231,110.5257710498154,32.23712996177154,49.329756167489045,94.38300189595762,532.4937180180543,63.92881570201034,327.9344010172671,98.33899956822842,2.3165472618764387,6,1
431.8553847196319,3.8106330249250835,236.39543574625196,129.7243870196303,788.3046007277553,117.45845469125614,22.34623315957151,50.47213612176765,98.14234389763271,424.3154605637658,73.46505508212591,319.67399001563217,100.62052885836246,1.4153994883652594,5,1
475.08858580256555,3.2491813543699926,198.33821344513635,160.2883568465688,892.7559286517674,108.44503957871235,24.65134821024584,46.926296919410575,71.85953325432558,529.1273485235812,73.46644679347317,286.9184158238396,99.88105342700331,1.8670752934569372,5,1
456.28528514049066,3.927348746374084,212.9776385180768,146.06649645925717,818.9113142715755,94.29852451419647,23.386514890404932,56.36973364737474,92.64682302610197,537.5849726480867,67.66153531634485,260.007599670365,103.11004683926846,2.445872146376529,6,1
439.42482216362384,3.472488192756462,188.31198046807938,143.46433751422893,823.9755281470651,130.27004411787655,26.497775456744993,42.524301707580584,96.73726269103915,410.4101124925087,69.43768355007924,291.5309515951156,98.56918284890028,1.2894488913287394,9,0
449.1634638351344,3.2336691465384377,249.04739825737448,149.5068827227135,826.9827387172535,119.96251466198149,23.434349758884867,44.30868932520951,103.60230913838393,530.609470151176,70.99338933559777,297.19936886141863,93.95894105050365,1.7499978353022454,3,1
458.37490368782585,3.7992896230760733,239.67267304872038,150.60461548995372,830.6313188668556,135.97674996704984,21.58283000158087,52.43317978072406,78.28945132679166,443.0370542933166,66.92592663339445,266.05344999758165,96.05073019454014,1.4366381900054523,4,1
451.14008087118617,3.4139617292785194,200.23760869035584,163.4239509234834,795.8556508062567,128.57322191906178,24.414116260611404,44.19176307181429,99.64891671355626,421.1997857421587,63.091599829449734,255.9103106085414,99.19774172552752,1.6130322905541323,3,1
458.08133988669556,3.7278544662458324,207.73172459810385,158.86635796987832,783.9626814260577,116.45790238334551,24.10181847000327,43.99839773901341,103.15504228560995,553.0527286743832,69.80390361476547,248.09062180788203,93.72514765564301,2.592824290065336,7,1
436.18989610380953,3.412472410322439,227.1859519872961,147.65386081810797,808.3408029759139,119.1681933989559,23.22326686712796,50.61677396103582,73.86168818176816,459.7180380955063,70.32516305239922,319.7217956263153,99.81573046624509,2.7025318169830337,1,1
452.54041236054115,3.482052156941029,197.05720990371785,161.45502224578493,857.8401974456737,125.66177390770173,23.383568923308648,44.73238689841984,93.82872887895795,471.3621304246249,76.80523681826526,263.83925054390954,100.3037732785725,2.1289170647127316,3,1
428.7942825464253,3.6480680613002874,186.8675185840059,156.0110588053742,856.3119094218192,129.66883416755743,28.55408739364301,49.334577860396564,94.94096651472562,539.5841817102938,66.0900396418607,309.28230962147813,98.21098200064426,2.2661048423137364,3,0
448.3316090797695,3.587269117277002,217.47979502013766,143.60100545570944,787.9800762155794,123.22670630742012,24.040779357197486,46.50071720171122,87.38393869878475,487.79046910990394,75.34248086890555,288.06600439778254,101.04611066895897,2.252427450617046,4,1
436.44138537802814,2.9013404658644784,201.5687849216734,148.12922762645272,838.3921847334055,131.05593145289484,21.5976170125647,45.6916814831363,86.07924431946968,492.7933850508367,64.26465260536781,317.68913726328407,91.92860709568845,1.6638320119554106,3,0
438.9670508611535,3.1636268779716823,203.6598889929052,147.7766566673532,790.2707668480166,117.03331263325528,23.61365210860043,39.4884730432753,95.34283130630259,491.9165237424828,63.276989001506145,310.07473535907053,95.23407830718381,2.119075252091755,7,1
468.5413976281566,3.7788229954372445,183.3145731386407,157.57892014761302,801.6935274717622,110.02856453214314,25.16300697839618,50.697815764106686,85.08014597271494,513.9039508389915,68.49568777645362,293.0418774632614,94.28650556848197,1.3523458049297035,4,1
466.36965180891406,3.460359023329536,165.64655703273206,144.49466077917538,776.3238309222901,119.3519074643887,20.991191090345936,43.764050039435354,88.26200537265521,490.94662334437294,65.2954549469514,303.91360275627653,104.39928368973712,1.5207152550426908,13,0
459.13707181360763,3.3428806091685734,204.722848197582,144.1438622036755,790.9177430546883,122.05184890736183,29.877933880019196,49.1587889823474,96.49947920659137,504.565042974364,63.206920963107784,296.68991674869864,111.53082001290318,1.956599226794614,8,1
433.6153085299113,3.0924277954227577,218.099240829884,179.53135964150937,867.066503477484,107.98464605260713,27.602738432518816,47.439475508257175,104.03234440261491,479.85767498349173,79.72165157907386,281.53958548100786,95.59590210013863,1.4695145031763195,3,1
445.25387325457797,3.1760791036172455,195.48386501847915,164.09603222620657,804.6210573669618,106.63277915853378,29.29051823085634,48.967459706500584,94.30387418033615,514.0727835951744,67.74176181822028,329.40248356373587,98.82378881516281,1.3636364584154008,7,1
468.19646549968775,2.893460408011416,228.72859039117733,138.59099003362292,806.7641254276159,124.47386296473428,26.176384376463048,49.2516231299337,91.0678759633161,512.5537212761827,81.55651793378125,287.3077874027401,96.5328537869226,1.6440510862715256,5,1
452.1257537045986,3.46961578438954,185.92167349168912,158.56411490913297,727.6391110371021,115.93643148629576,18.718907649609697,50.968141254591316,85.86882012271384,575.9154335073673,65.02633100550712,297.3944956124556,101.10612620403971,2.573166862595947,0,0
484.7899430997254,3.3204687258256858,178.9059109006816,151.77525098482766,784.5378046183636,118.34159094337998,29.606001149915542,46.361203492542785,81.91519967479155,484.7499620130519,61.45726716683501,257.5462470102748,96.95795675289922,2.7785695769468584,5,0
455.8997675909156,3.2100236327044054,198.65539385607738,155.8732676289014,787.9342548127636,116.40307334299176,22.409294920870323,56.21348239636684,98.8766259320076,492.63337928780084,76.45644859464161,308.2213381153444,101.41389938373594,1.9837199865228679,7,1
452.88073674735045,3.479562972449614,198.3481484929742,152.06011986847656,758.5428257278297,135.2060090176321,22.653439767993703,40.762999695722115,88.77240119098492,509.55297303748165,66.36671683869875,281.6825520856362,103.32513308360794,2.2910994622724092,12,1
445.3632530369625,3.6091911892558213,215.39937462670446,167.84463968227854,801.0832705851782,132.61761160395,25.46897543186633,48.867044407363856,99.20562619733383,538.5774257725888,70.6943289909941,285.6945402252629,93.88087531054622,1.7182529389276304,7,1
452.0031135717342,4.127959379662983,184.5007435187203,155.18430516977168,778.5408854886173,107.62646309960832,29.13468954001045,54.18115488205434,87.36358497603631,456.336593872912,63.22183257493559,274.81317417346673,101.35757157762484,0.9671766033902249,0,1
447.71295245429184,3.046434974131036,227.36188473629795,149.0686695267857,803.9997927621791,114.67206786919553,28.1598614018572,52.38386276501302,84.80569070911191,504.1430608710027,69.80943429034978,296.28010656334953,91.02971988390476,1.5532387596824722,10,0
460.6216301503289,3.8478143129901565,239.33833925016506,165.63285865474526,806.0751504909467,128.50004267969592,27.718843360528062,45.12582211735702,93.36639111062013,399.6869585577973,63.14186965071454,239.8058215488902,98.71733017779773,1.8458279836628995,6,1
464.35053475191876,3.7919304683045216,199.21711946063317,153.49927561631807,752.2122821088678,126.01936237103243,24.06451884137634,45.95877253505988,89.3877124858528,489.1387233311042,69.63046301144517,320.4707103873978,98.38159787259615,2.070484640999733,3,1
438.21015809238077,3.26627217818699,224.99420840368637,151.82217868993587,780.0649108758405,119.58542037670215,24.017177421723666,44.96603720336698,80.3557711631141,542.9090812039744,67.6303373025576,298.84005675962317,98.85431474742454,1.9495119475409073,3,1
430.0315056966333,3.560970786375809,178.87005858749478,154.7103390372917,803.8687141380417,108.62399795035765,26.037831003940198,52.996138153321944,104.53894663825479,470.9543025461073,71.15133865193052,285.9814319639338,98.43969771804392,1.8591771927412666,5,1
422.45691940345057,3.3627100251987154,221.50443082363833,148.5958646495045,859.2149715578363,113.17459953846455,24.609787476149403,46.30038135742246,84.9841298098269,507.0735046114125,73.12845685554406,253.55308002627248,97.52536439716806,1.7126834839972551,5,1
457.61986990368814,3.5557065741256215,220.94552817118927,150.13840489493202,812.835958639787,114.8323243245371,27.66795372198806,51.27561544061725,97.42073216939372,478.8437770246559,71.2053999959961,312.9920005943991,98.67108910802557,2.1719312723561326,4,1
433.4495009073919,3.952739304021365,217.26874560379758,141.1995811685719,766.9032410041286,122.769943311191,27.49035299348568,51.32150707037977,96.73485303517185,465.6239120906527,72.25523271081074,280.97017319114775,101.19068845888425,1.3180541108131805,3,1
417.7066411057128,3.681681869789394,199.6887382225941,138.73249170564182,819.9502379621927,137.03727154697236,26.77402396351812,61.84196734117686,79.92429788068515,538.8594399307241,69.45483662300238,339.18260610744943,101.33128603693875,2.401031355665744,8,1
455.82867906796446,3.6525825119700324,140.91502117515938,135.0214442027634,885.377444466088,113.13119765211871,17.422116154691864,51.566256299008515,81.98089884306812,458.1896524061739,67.82340649217181,314.58956886989347,100.57599672349816,1.706824555616798,6,0
487.39499276149184,3.370907204013607,187.16545712695742,129.12025069804386,845.835323629451,109.7396475244476,25.383965091031794,45.94427992624768,87.58792528239897,511.71861175452375,72.35059341394783,346.0396706606137,97.13201288176762,3.0335491263469727,7,0
449.9089363269016,3.0547830005226997,187.48167964630795,136.80423957923165,827.376326521781,118.91413523172056,24.673438357801896,42.699248689668,83.07482764337347,512.3340648306464,69.44276092060908,304.10910122365715,105.40168324127391,1.8423422301201418,9,1
462.5773616167746,3.4374595368378777,180.43490123879045,147.38599448299613,836.279508774116,130.31738980514058,25.504076805278594,48.62073642681127,103.81165097502951,465.92801931845503,69.63345108942929,332.3346828348647,107.626775418291,1.75991213831331,5,1
451.2274403782135,3.8619824464591748,202.44486009094132,151.54676373668457,871.9977020714315,105.53117033239297,22.737026084360778,49.404570787863406,88.3985949056119,506.2274102783051,71.98872482723431,313.8831313589465,93.55792842477373,1.7186569054455476,6,1
448.5166552021329,3.041849643023106,191.62073108957532,145.9305515527854,853.781339700883,134.53634150874947,21.025642268802326,38.94650236304722,97.11799234251255,462.6020865012809,64.83392200988742,286.47055763388613,100.8213457797496,1.7648986953889345,5,1
463.7861472448165,3.1834731895469917,183.50775980469956,114.66444764808963,828.3380190558829,118.27968637884331,26.38941543992512,46.430729198534934,94.10909911200163,520.8716749963663,77.14805547047216,305.61630055452406,97.65929033737754,2.3036140292123664,4,1
445.64588183717024,3.5378803208702205,178.8239970350436,173.61879536643514,853.4321109795043,112.65679997686627,23.931096046803816,51.48676271413777,92.11217959197083,447.4021714142842,68.75321709721868,274.9804120062319,104.627990264475,1.9788618993047642,5,1
454.0108847110785,3.2046035645458213,185.68974029029542,166.29720184335574,745.917445186797,103.99810713237841,26.724078981122798,47.338221648669126,90.3225696859167,486.41577987232637,70.62090807985035,362.0633829892312,99.93702899395745,2.4935408329807465,4,1
454.8254670929402,3.262242965865436,222.42998423699856,156.68639776825694,724.886737382986,127.06520773420627,22.987256866945685,54.84311892852919,99.89704566230958,489.889133613684,69.77740276034712,296.9740467088376,100.26588973951569,2.2322107334668897,9,0
439.97864319535427,3.372920425481547,186.77949890745012,178.61236008829903,807.8549325321915,118.28828804758466,29.247731921478028,42.2082177763974,83.39925621331987,544.5182135284268,73.2637157695106,300.78630874555955,102.47483911695721,2.0157462297419753,5,1
464.88063524304783,3.0903147787429552,189.70122587133454,135.33953823774434,803.434035482527,121.70705482754506,28.00319452771229,53.38441410076609,103.81068248365268,505.6017228684757,71.6959083548542,311.69957584900556,98.51230520734872,2.186477167799329,7,1
447.37560364956886,3.2077634461350897,190.86604769953507,178.31437680939007,772.8044973243371,110.99188258988636,25.89048132563764,54.56944870762977,79.70221455596725,538.2005396044824,69.75038026565252,267.39164027049816,108.38740538699,2.5981734440818602,5,0
438.66382260760736,3.7110283750361925,206.7798702761884,135.52178884874178,841.2926334913855,116.80903965748976,24.360134759842158,54.782482379207686,96.2520938049794,522.1876419395951,77.24377058068436,339.64113316999726,102.54869864158275,2.3283479815254977,4,1
458.04764765355606,3.107789065330711,209.12498977057066,153.58106887937035,706.8568206774382,115.13418753645263,27.557226633394592,42.17071807672811,78.75868912048173,521.9321200358304,53.98327195397657,269.24011347695847,104.65803747487415,2.1402784967202733,7,1
436.52298027313446,3.0206383596515485,139.10686921513675,130.89244012298693,773.2613871971098,118.99406894621792,26.177643445712217,51.57276397928692,87.47435558218432,486.7226723907973,76.21337190233473,262.45588312915817,98.89722202017934,2.211371277504296,3,1
450.4227173605369,3.3109925061398315,220.43270427655216,150.2204114331655,775.7522227561193,113.3044767362419,25.715752563791813,46.65622940739242,90.74647950448774,540.8362353409955,74.6010770259548,295.0042796189092,99.38572169207032,1.4236575821740898,4,1
449.8632150503369,3.719586650752954,228.72736068487507,155.79249746997584,718.1849107450271,104.65819039312778,28.128596228678827,42.969287790085495,86.10643720936389,485.7531836279199,60.820916835987774,261.62107506631247,104.05812429782003,3.2858480931274814,5,0
466.2884334874737,3.4409234576009333,178.9962692527666,147.67964503298168,874.7365503634652,147.28499745296608,29.279608463219922,47.93066137513146,88.54664344306487,430.8069808027957,74.64641608858626,346.8582160857413,103.55591134129793,2.264062860315572,3,1
457.1204734931993,3.3606256765653146,180.5540351053033,160.70816166135205,732.0399365668338,106.36595752662485,21.242766446543367,45.475110040495956,78.90423641655366,491.4085132613243,75.29233722779769,293.0789019095083,93.75665733833686,2.313957346277502,5,1
449.62459561882287,3.5133076392546823,190.99493224443458,151.48521674230886,770.5829971346157,121.81459006942539,21.84884767795058,54.60375234081935,82.10039625021159,518.1390561857627,72.80881744940528,203.3649750647871,100.6381629824141,1.98565380597769,4,1
462.2664944880043,2.9762877701421044,184.87991961086792,142.16377907433736,845.3989878902566,102.27972171575958,22.659217823563605,52.565316715067844,93.98611765756706,435.7349712514875,62.20456278159291,305.9984555437513,102.36918972783214,0.8512159481577737,2,1
470.8531132352597,3.6484116961325097,204.47853747893214,141.49780023296492,832.3022671714366,100.02952563382024,20.492726207069346,44.23777765945566,90.23737459981956,464.5959056511846,73.41326358782112,316.60517960562123,99.34849687501651,1.8673282073679704,4,0
458.36715459527795,3.6150305094210933,161.0694942728227,162.16370658923546,744.5912651757627,120.97826491852267,24.811754423292548,46.37889343084535,84.47577579342794,450.7764623929058,75.03598428000964,287.3570325482935,101.89463782841663,2.0379735680306577,6,1
450.1552892976507,3.377207457771284,177.6414478392652,140.19386955289548,834.1244604630318,121.74367587768303,26.800349365733517,48.09651287191688,100.59422210503737,531.4686841883586,67.13896752609564,259.3232092271637,99.56002876077152,1.58858108905691,4,1
430.3224565147476,3.8017773535389248,230.78394400349816,163.73104455727406,814.489223932911,132.61498990802383,24.93574511514299,49.63797426341051,80.24055280007828,566.9145054804999,72.20566927993028,296.90078950000503,88.76624528022178,1.5842233959329302,5,1
434.0232950538694,3.1617511703140884,181.43560065303964,168.34067689247897,916.6517781055734,123.99546841015706,23.39763507516131,55.031891374018905,87.10727627308749,491.61203383147136,68.23396052240274,285.5488359831947,93.44554280013917,1.8303740187203583,9,1
445.42162943467997,3.838372697976071,224.8685655620585,124.96929206480806,820.1970208034152,118.5018928125421,28.379373271387475,53.45391163240316,85.95474977457222,521.2612145227304,74.42688495258422,270.7328424042289,104.8749221709641,2.385764421774024,3,1
440.85731696761076,3.5463480996785752,207.10676391180274,166.99389580951552,792.9379089465734,110.50399755934995,25.421669209620248,50.2569598448742,94.92030102208835,520.220774635989,68.43246657386128,268.0852478971575,98.77809874788834,2.6278771375204095,4,1
447.1954304552183,3.399034223036548,163.81464570823482,180.9063404766705,757.1749021440289,134.9901206823355,26.028948902098954,48.69675575052539,90.38530952909755,562.1518778575985,67.09941268576993,304.6870724681215,100.94845497621216,2.085481477469846,7,1
450.84974887345663,3.4940379093895064,212.70658390432413,153.78005641802892,762.7878316522215,129.28851246050223,28.46270441469928,41.13322982696264,89.13467802772323,473.89788384189575,69.8035172866514,327.09065401168965,99.98171598504402,1.7163106370495311,3,1
457.94539131535095,3.4678205702567175,197.64665395614293,158.98626277942233,758.7115452265921,107.53670522251575,24.6302741834466,56.45998813063028,75.24626636906208,491.20484140966704,63.291739397583214,313.8463151399129,95.8735085058568,1.818807729927111,2,1
448.9425183291136,3.866084868925315,190.8906588750052,165.55507986553738,868.5549406955961,120.37963728210636,31.18064221787404,47.76451701067172,96.92027584505675,486.3692540230377,69.30709008383819,248.1600642423486,97.66460764088471,2.0497670011300224,3,1
457.297524657393,3.176996261758696,204.8991418634401,145.86776527231467,800.8984957508235,121.44052231526497,23.656554988384702,57.77420120213129,88.2573934813461,503.01468960161054,71.8104636867912,318.4643401366795,101.64474738419084,2.1090150621712707,5,1
450.9671162221518,3.2712442282560206,209.49266971133585,152.73420335306804,828.2623561987365,116.54346343394332,30.9938446135387,50.98054646065918,90.92528814088335,600.1726720846723,74.34979634683175,323.1742203608115,102.1549806784859,2.2174795930870497,4,1
420.36800150469196,3.810890867621744,214.1518364394924,130.28700705565336,875.7123799990444,127.71850485806794,22.075794454262738,60.12642104310722,84.01149423924898,501.23244460789255,71.244783693191,341.810902525433,110.94204735240157,1.7803200580417662,4,1
435.9099690927187,3.3213395194448423,223.56505695096004,152.07952542795675,682.0767928896267,128.31733138348176,26.552454708641324,53.03160766683158,82.75336989746341,465.81157389571763,62.83699181456801,271.50336731724315,97.61128910611194,2.2646455662523994,7,1
447.8386866641758,3.7701599231994773,208.16271825556714,157.47167993466812,863.9436882350187,118.09514302194894,23.072403493581287,42.8399018438956,101.99430206780549,453.82011092427524,76.76135569114881,298.3019208190612,108.35319579162946,2.225118617379172,7,1
431.8545788573834,4.009830794902613,172.48731822427277,157.74244534389703,802.7698455891667,117.19130754202341,28.35869835094328,46.92792259869394,75.8140913739007,550.1058002925218,77.18079253187119,317.025727509115,95.69792558549732,1.8024536217304419,5,1
458.9989309499431,3.37946149191751,190.5270908469762,165.9813708539637,821.7524185820222,134.9895846266753,23.565302176424716,49.15432519664017,81.56640777773782,465.62981984087685,70.5628362763539,284.17338905581164,102.44300096872679,1.1402544888785047,5,1
472.96126248515543,3.7044086979725916,258.86096670537245,138.37796732796707,758.5798389125874,129.32838892362238,25.87261357193226,45.63108556445838,101.84393722135265,526.5434783679639,66.24029189425673,316.55729551039883,100.88936309765917,1.55753165923403,1,0
468.28142777545975,3.1538923155980423,214.48982120763455,142.01089864989754,762.2437800775741,120.72360389908384,23.048374011875293,48.11469591408978,95.12597104798922,472.81234682965487,67.34191031769227,299.27921021346276,99.37067224412407,2.783797663063701,4,1
446.7983569360469,3.726419989420343,247.38574601622994,178.43261018987033,824.4422944906494,103.70790960919946,27.81167552099984,43.165304207089456,87.39629974606065,449.3322905366731,68.98238801140957,274.6063555003336,99.97170774068647,1.153214203475755,5,1
472.3608920527493,3.5598271957960304,227.9086816439837,147.74507439354434,919.2298900165734,123.44000106305036,23.032746218082583,50.02860640549561,99.97277051430922,524.2079840120729,71.39334228098829,277.1627328392836,96.88692504047054,2.658761120986611,6,0
452.2300118580317,3.6419114846480647,204.83604143111498,153.0005068096849,850.165665640745,126.98083464917669,30.050244534228007,51.1870597450547,93.57488093116807,474.77020532945875,68.47757359245131,337.4786806882457,104.51952277731922,1.1357095499835426,7,1
444.9437104332294,3.3063283783893813,206.02814139562236,148.99484937412169,863.276146070927,92.45478371601627,22.01200867911583,44.97945296396941,91.86128073579536,517.0170255695557,65.70806233049412,270.1074401280998,95.78692479705546,1.6134248864552592,4,1
440.7989600468859,3.0016749753298484,199.2683992024631,137.67478760542465,790.399936486929,122.51869448318025,20.96311624501556,59.701271467409555,91.80449613681934,519.9713176338417,75.11504942108219,264.9599914749116,101.58762960157448,1.8126405068773912,5,1
445.4629547026781,3.6509756194248513,165.24390768307,174.3529381633771,769.9897887707186,115.83308013204265,27.854656234237257,50.31756630640229,93.72190573771594,521.8506098004988,71.2864294403705,310.3313659419543,103.7792916678869,2.891151541476553,4,1
444.1773477218816,2.8809790542561635,200.3609450493645,142.0844788211909,760.9597524210503,117.79145719870448,23.225069079209433,45.91629566938544,94.04554001037963,489.2740526422725,64.73813988782025,299.0828164697252,106.9210154669386,2.0130654788500904,5,1
452.5562433356323,3.4047948523272398,224.21349105084394,133.09071714439605,775.5863137651656,110.9261904723668,24.978288059651394,41.85230350017392,107.56778442316765,527.4473422601883,71.45655228142896,260.65135867719783,104.85884734448989,1.8929974196191517,3,1
452.40860971574796,3.7823545599259907,188.00720010357594,143.23889584045872,697.3608783414737,118.51810709596359,24.03327653849284,50.299714446985845,88.44085750661863,463.0981468620767,70.8093541438954,284.41739477731426,102.86214723198862,1.5323269833864968,2,1
450.04569030230124,3.557569320761911,208.23905998123618,119.974409974117,763.75403285542,133.91991576181331,21.06217519854193,48.69755733593323,88.68762249481436,401.8363899574347,66.40973544027804,275.4965556521834,96.81134018425003,2.2609804733779586,3,1
456.55407254619524,4.084502793436944,217.03182091786394,140.23068802525228,771.9823421970078,115.53601501184484,24.769019007584987,53.91520453643221,80.10485449943428,528.2756869248043,75.97524879805493,280.7499736125929,96.07112423846793,1.7436407777145142,9,1
467.85969412179514,3.807532745774532,181.8063912137505,135.4780710322151,791.2320912802579,129.65573558793184,28.794747684916906,49.28314867514016,89.58482090543185,506.62362019349877,70.67444603213657,375.74911190419937,94.3071055743516,1.8854980537782153,7,1
464.24331203161984,3.303830483502327,190.97394271312672,159.26142946390988,806.5875054873646,111.9366878112039,28.009411009916697,44.03140608865637,104.90309519635855,475.59687023944116,68.91689178958916,290.92260285977915,93.82867215286628,1.820822747507394,5,1
427.72653047325144,3.5081940139554315,179.6417701904568,139.89878640660191,818.1225434312805,127.58756192656038,25.695378287877773,58.35359148088791,97.87588001947725,441.1538895209982,69.58259125962289,273.56247167483554,99.99297980927828,2.3599310872929395,6,1
411.69118297647066,3.4857887892366692,183.55668786621186,163.31705903368274,799.253731377852,120.01655855621951,28.336804879105323,52.17812439753593,85.65065804899737,418.5368680465863,72.21958397927413,360.6536247239895,96.36291648816739,2.380893776240293,6,0
464.0147986685891,3.025346970996162,174.24789432693876,170.9772598960398,770.9278456828622,123.52024828789281,21.82144424591747,48.72945644200821,90.24033091617028,502.06973392835886,69.63908292734948,326.64764394577185,105.996128172448,1.554805756917832,4,1
429.4968195237687,3.217880325054694,181.99103077243947,161.71763004431398,701.8320678367239,120.07153256097487,24.023637013284983,50.82319265724869,79.62849299532004,565.951438629198,69.59728163480563,321.74476681756227,97.10519204219786,1.6863710042963906,4,1
446.62851897160976,3.331771727906042,228.38911361595677,146.76917566709886,771.2345695799104,126.41625232441208,26.187414822190625,52.37020978280829,82.24704524561355,494.4577033427608,75.3298253416269,275.007171170959,100.47127918685841,1.6370606873279445,2,1
432.4483046091096,2.889133849143219,181.69045941819417,152.1167174505839,751.3774681156498,94.32414882066242,24.608755519548666,42.85571693053282,91.19552922090973,485.54658453233816,62.907978362563675,335.7445007305952,98.67678115779914,2.091676018877042,7,0
422.9702934362997,3.514248040475493,202.5291843812138,127.1252258978391,823.3033374139302,105.8017468654243,24.25953000857033,50.78847109981405,86.04436317743638,499.0252863001663,63.742234302025196,324.48823764698517,92.98071281307925,2.453347426229111,7,1
458.1219409230718,3.425278446604088,189.9426249265809,147.99330941218142,845.4643698346847,124.17080498008644,21.398068803036715,47.749382633530544,81.64320168497265,587.1682044763508,73.88481679995968,304.41268745514043,105.4472041579016,2.098332663045052,4,1
461.3873274045397,2.998131829606528,223.57731874073878,137.0934229789975,846.9285533529969,99.56461646103764,18.755975834071865,52.53649992814876,93.91872611790313,530.0761690661253,82.07924893541816,248.5109063138326,103.47741042322497,0.9046761527536586,4,0
441.3523439890992,3.6212638595831996,226.22324593207233,160.4148957172395,837.847636806391,114.69419644352791,27.45359927484891,46.29909037696861,89.3419993067734,462.6569899319844,74.38247725076026,299.4023999256652,104.05261044461524,2.379876593133477,5,1
411.13436561782635,3.714761823407288,217.28139964277895,188.59128583866712,793.3237132273756,119.4565915896335,25.729664719756677,46.97649072451459,77.45959702647168,501.12415615608415,79.32104398036363,351.89792142496134,102.97473330124477,1.3255045660564453,6,0
441.80633327621274,3.5681103436594666,206.1226910620551,157.49732453960715,773.9022217262052,111.71859862387103,27.705995134630278,58.31435549282029,73.3988242706577,513.2974764461976,67.82814193142136,306.6114845922612,96.2025748250244,1.6423798047730198,4,1
455.8770600810382,3.402779547437309,195.37880926318203,120.13289776568,762.6448623166467,113.08438597306227,23.68829217352488,56.154560454410685,85.43990801140596,457.7464453368462,66.81459410831091,288.7060041875441,96.29975517381611,2.0992156825252106,5,1
427.81632646838807,3.6774326455255566,176.162505916175,144.5815471062844,724.6250541699125,122.71582200153593,22.861666345517218,33.52219410016346,77.29387885246777,530.3654648937024,72.28266586623026,293.14627970733994,102.25993820596558,1.9580570713820535,6,1
452.7503987966873,3.7040661081430075,238.87057762244393,151.8373638806168,849.5926850253929,130.09294955779808,25.0196438999099,55.78380991232156,75.04870874823477,467.2876481142258,74.76824479913515,295.2224307955855,107.714597829921,2.436367600347064,5,1
449.7703522624051,3.5922210709159064,184.80653964494894,151.31036137890396,791.2644481035013,110.41550618745192,27.56259894583845,49.631739868711215,99.03175361121669,439.56216930639715,63.442245493588224,276.01157358669184,101.929894489216,1.6946236838505362,4,1
458.6893724940163,3.252616324869572,213.27292694065682,139.0378031158687,737.6829853189563,114.2494180381263,24.305643355037038,46.45908968550494,89.21831288107765,503.04534215359115,68.93390813585083,298.76265511911555,104.89233338425487,1.5166931085549789,9,1
451.7937055262123,3.582980229653354,221.19131145246794,153.67937613955402,758.6754312144883,112.68739026672955,27.40535555298546,44.96412632146175,87.87642897419597,496.7137656203858,69.86491416177974,343.2820358863665,97.37063833851043,1.844178637457125,5,1
435.4039658867767,3.858644195247644,188.8943900618934,131.3624874462092,756.6513271783724,95.7862024812272,21.98107598322074,45.25441185860006,88.49275347079401,499.9591239118922,66.60564892157313,339.8836463673294,105.4892545498499,2.4885096678214067,8,1
467.94857252496735,3.321011282416481,220.76025054631924,135.82636915972398,802.1512242507563,121.41711790317508,24.515658600490397,46.600320276207924,80.89734279365624,469.4142152934885,67.18889086727128,277.3699226902781,97.90265803932613,2.314836435541077,7,1
447.62205640459547,4.129381801739729,215.2842640667771,159.68696462405566,853.3733925535342,129.34717745828493,24.789657567765907,44.36433708159078,93.28780932011335,474.99549528515837,74.21534650529597,338.27692153652083,101.200796356231,2.0435740039612087,6,1
449.59043190735105,3.342310719804385,234.55927670763532,134.76505153680262,782.6005225202208,130.16643207315883,28.67916983176576,43.22700169463679,88.95439738613968,545.1378664147644,72.34842240545412,322.8342393795825,98.16919452310593,2.6629815940014288,5,1
436.0009806139021,3.5097221040020408,190.61307067146578,158.07317408238384,687.3733242608175,111.29233623559261,25.622882194047726,44.79809924578045,83.94073075216471,517.6434246000299,73.99225710929727,319.0001561283499,104.44578086838447,2.5724281214025786,12,1
443.35076623212734,3.2982543211980992,174.2827196544057,129.45804338015913,790.540983242054,107.48301951479857,30.238232554882586,51.61696927532844,85.1389705238,461.7301569369086,71.68437345186386,312.95735644920404,104.5138099464257,2.394241118071383,6,0
436.72795928959647,3.5669812507760783,189.8902048911098,176.47238825687603,792.1903049951402,120.21605547591685,20.956945600157553,50.250450742853985,80.18033029430164,421.9721242231957,65.63371661573731,272.08870863661633,92.61609459928415,1.411008088325708,3,1
447.40580910114863,2.9773334922094175,204.17707085068665,138.38595116393918,788.7539884532239,128.29273686566466,25.38975671323384,52.779282257759284,86.75005701678532,463.4233439155116,72.11551525919586,287.83265445128654,106.6264891711109,2.3916195186539357,4,1
475.67562720213516,3.3361874603549837,201.16425454170113,146.64500142294833,768.6269416762149,121.54850448310384,25.538194117541337,49.66815080394973,88.08297695373989,506.29196288640765,65.23953548811245,324.98755209363975,111.88204596379597,1.8988208767709105,11,0
429.4214828560297,3.17236363989543,192.131242074509,154.9591989163561,810.8719540362921,122.8930463587376,26.8602795927606,43.46660334677604,86.54173336696029,474.72273126582235,68.44123330482829,263.79388968375156,98.22333658484355,1.8025278846454578,2,1
425.79657903184886,3.5406015043676873,161.81605082045513,141.51975071248359,803.3070557574501,131.41830927736234,22.559920190653326,52.47220461746803,90.44123645873269,471.61399179292715,64.81875672590887,268.7767468381237,99.36599214168389,1.6587242643613966,4,1
472.06755491240415,3.798334212652672,209.40965992258214,152.15108941606957,798.7584842936676,112.60863440769296,30.053339018232506,44.976553605625426,89.37190636190596,476.43358244277346,66.94556103964567,309.1859227429772,106.19714897120076,1.9141417180578286,4,1
446.86014484272204,3.6938018561343653,239.446889581644,158.6303508678019,820.6320680721483,117.8002991332697,25.038891824415277,53.23307150994467,91.84614830931686,497.0916974905485,70.45239423677258,276.3140201802269,100.33383727652858,1.6871231224246421,7,1
439.96390892010123,2.7885021917423325,209.28502476246007,164.4091984875523,778.5083588426073,136.34605511761202,21.738797461195247,44.1703999852152,97.54477629537276,531.3851165183339,67.71254697752339,324.716830611023,99.98012844983452,2.0848771499755356,6,1
465.59857031094117,4.112620895878364,212.18271038107028,161.87246153959435,775.6707165149674,118.03188876902374,24.951925028759145,46.56261686798237,94.74418781770464,499.9832318421723,65.5841879498776,277.3734613123036,109.48484366943707,1.913528419493998,4,1
440.91576690394703,3.5885839821862606,211.44890612310203,147.4228430429599,869.00616447927,107.32663034033429,24.060515431359658,48.193041797160426,97.63671872408268,502.477480860706,75.6889873579104,307.3314043458944,93.22851419295986,2.1102692463225314,10,1
477.39014570320404,3.2670502578521,207.940933397648,147.80052338934595,827.9677704857718,113.30643903749706,33.34970542674199,53.37202400528474,83.21812616139017,491.0055854446872,69.40204141311071,309.8421469395219,96.05518434933136,2.276635768994034,1,1
460.16888807008905,3.547138375697282,218.6333193373619,185.23662837037548,841.34730304714,110.61820148778757,28.14983079857504,50.879986260636976,85.93108084729074,480.02572671381046,67.36035976783538,285.53715966307567,102.0891149677793,1.852817414239092,3,1
442.68132887781445,3.5528569467508078,207.90747362371332,164.24833602373937,861.3052292667035,123.5716258570127,25.14898406712465,50.10000661075462,95.22877347156773,535.7696348527971,64.58800444649012,292.8106011103622,91.90227703062149,1.6313533859753164,6,1
482.35962319898255,3.299945384914531,193.7464566069345,136.1726451551968,826.29720903124,111.04052996411221,24.664249944402385,59.42834392527653,95.37182137145669,529.6960827137679,60.64002557428426,279.59965559880135,98.13495408298468,0.996798684468089,5,1
440.9142761549499,3.5593750002026225,184.08022179982493,151.4998224564833,846.4194339568086,122.71034252861244,27.853170587444396,40.81508419387427,84.57103505970494,581.811196706642,68.88976493134439,299.4418588304329,98.08917184962387,2.3853268582837512,6,1
461.1314305801396,3.3177583137139077,195.0205268943865,144.9728529183271,721.032741896487,112.6393478145935,27.996586480984643,44.80811178649724,94.89267140625394,524.4225719355701,63.108906482400144,271.1493827973622,104.80886910111158,2.039382631540243,6,1
454.4893887060974,3.378691402192993,206.2825899290133,147.96998649115335,810.2076935998014,98.76621461601772,16.265350242038053,44.59405760980504,82.45174306683246,480.06342712770146,73.56018229680477,293.2947674550882,103.4642651725096,1.9119118097941923,2,1
469.52611934098195,3.2941162592734745,193.67834077754054,131.5575726343787,790.8640769092837,123.06619786981922,26.9289794642,41.146738450388625,93.84844579313435,463.8139476355924,70.14745597299265,322.4547302338565,91.58386375585339,2.5859581912636544,8,1
473.4226679509028,3.0701986130781043,206.2867736626286,143.8211514842107,883.8842045449904,121.48463681546889,25.08389963193588,46.40240243556986,89.78963039307487,538.1178104284646,77.79180389569068,265.89746762817987,96.53438329157726,1.3557394033073378,8,1
450.4800622359865,3.5437509410646153,208.78300267400834,177.1733365979087,846.382276590165,125.1775781570884,21.06656853463907,53.43884581898353,78.92451516874931,467.4005246275956,71.11537136618566,285.3879176406632,96.549718579532,2.0281198809557273,0,1
438.69873194480726,3.6755898309549013,216.66358862540363,158.68614451313255,768.477740460341,113.27012780834744,27.64064241887253,47.041763007421245,86.52740942592474,532.3894674608829,66.36671101370175,315.5478722995485,98.9171206162483,1.5179706797647008,6,1
456.89958214408676,3.654465078822912,225.65589937677962,112.6325788777281,818.6397079264603,112.20455524640623,31.738564040674795,48.334985140068454,107.45814247756394,469.6034402442954,60.59996198815775,237.67065654958014,94.51226405195327,2.328002927088108,2,1
439.83426945371843,3.7459775757905702,201.56014836957715,168.2508523874692,808.384066672462,124.01466858481545,26.670387840483343,41.38722586059859,91.62224290243996,513.9663353514912,74.03271931870879,355.6675210919801,102.25823970985833,0.8869293604454431,5,1
480.20080871289935,3.5973020630044603,173.84446869704678,166.3444428436374,822.7165716576114,135.19019572530982,28.301285326770593,46.01737212419826,108.40359981374608,457.6099514053455,63.50525869732305,331.357737420928,96.52906465348129,2.4020078313679325,4,1
452.0480299662411,3.340182350534929,193.0979180636162,144.61072043540375,749.0578765312674,120.11168009506328,30.41235727589321,47.69150642206208,78.44858776099971,531.1954141732832,67.9592773865512,253.8499325928804,102.94310968001861,2.3813300935831365,5,1
444.5201767303184,3.7518991593293567,200.881251348132,160.75895315674822,818.0008232619113,124.24585096047144,22.509213547839845,53.21200211273557,96.00593434131073,450.65313377963,78.37044123277457,236.87412600204743,99.98572878084151,1.5384937834322951,3,1
452.77020458797364,3.0927447380474193,163.2846248764582,137.109011837742,788.5924325355883,116.78412315574293,19.427285664499248,41.62541801040889,69.72531046554307,510.91829318026805,73.05491674524363,300.8885276200219,95.13462430494805,2.0331698545347185,3,1
429.7931056570545,3.229798585246256,227.77329040204964,142.94616425600464,814.12248820278,104.56369478126315,26.970598189928506,47.72495627139431,89.99811612068173,492.0864026309195,71.94932727267471,266.39267412293657,106.94138651372748,1.5492383299901373,5,0
435.42578942234024,3.2107399785730264,202.84755825020932,172.47819541004782,763.7807417438916,129.67429419154058,24.257165390675645,55.43409015034445,95.04973902121057,504.0722574890504,74.72161221560054,328.84479870595237,107.08863317141521,2.2137982303060344,8,1
468.0062086191664,3.8240168177417933,207.6270566916057,145.92404940195436,770.74684143017,129.08414239086162,20.87747964288537,47.77458357188368,96.7031207599702,484.1678466335346,74.53524909452764,311.8200648639506,101.4517265760489,2.410114553856334,5,1
440.1465858154291,3.7828365542420226,227.31052925052532,121.95402507067513,858.6921010183352,127.10774025175193,24.76549019159262,39.422192929406606,83.6058422033567,483.2296021051604,77.90473215977084,303.7013704901181,98.8039689357799,1.4975101670811988,1,1
434.2963352597709,3.6461915711134987,187.39714339715306,149.05045165827994,747.4226220829919,118.18054561657581,27.18264212137186,56.39587888674096,98.31272337581389,506.19124816039084,66.98910324765566,282.89230844929193,94.7185359331261,1.3516256715615902,2,1
458.0497912879093,3.821578959563539,211.4808386176806,148.82117410628464,751.1122799478976,125.9705609973854,24.55308500570692,53.674484712691665,85.73028191964244,459.91446487640593,68.11657923284618,348.0002291936806,105.35556684936215,2.5482185753501185,3,1
467.785562319945,3.2362151652764037,197.80271753796129,167.97552854060189,797.4209371392211,128.9376179738783,22.639517107794887,54.346985875393955,88.68722199110083,459.67911753333294,65.38807685469156,322.60356302165053,104.11319767511566,2.9705852957557304,4,1
460.784299659976,3.6045785359582942,196.3182626596816,150.2150463326364,761.4054812407023,136.20158684956706,24.32947881911047,41.28108176627303,86.53342224514692,485.65802001446355,69.83651181808014,318.0949742706194,95.93002027493488,2.247223528301046,7,1
464.94071528708724,3.4624476714850507,184.5561522439124,143.6762653283956,755.74856838686,129.88526104647443,24.941570604095965,57.562278629236076,80.90888519414135,484.1011944112397,69.33883635414902,336.00167893882326,96.56593633159592,2.2842207442460607,4,1
438.64807367145806,3.754064631165474,233.31206427373056,165.6758421784681,805.2537985604148,120.6382122503364,19.211553212121753,46.13361957444401,102.55775669936688,459.78414144782505,61.22523881332213,269.4341740952139,102.28460232087856,1.8339797104205757,4,1
428.67283999887235,3.465432730234341,192.4899991984886,151.81185348751666,724.7467071548148,106.91746744575629,24.57167514048792,47.45280527889884,90.38414253726461,536.9685877165866,66.73049621452726,338.5421360711727,94.12278126324416,2.0900140029400966,6,1
472.5200047793323,3.3845171334769755,213.98928493791405,138.74965977651425,749.601888254318,121.55658297671741,20.966978583565325,46.48611417003998,98.69854702926902,486.6210632627358,77.19558267099484,292.0617511091209,96.87156788125304,2.1753606426197845,7,1
445.159802417368,3.662272555568297,162.49985225056128,167.32496340812426,902.7047791461822,122.56577395849308,26.97707785606329,54.73468590977603,98.3576899341168,490.93351188015555,71.22104297443542,310.0418908980735,94.79717167513684,1.9087135321025919,6,1
446.2375047531743,3.76285075015737,223.59977059379574,152.90492646775198,822.9737529484505,127.09029775318304,20.316872273239667,49.10100823747352,82.25647828581613,446.8988669612181,73.57699309043356,295.306109709842,94.95832995182823,2.674930261007253,6,1
469.92291212773586,3.2994964415459593,221.04422311914118,150.04388950019157,762.6718323865044,133.53891859323426,28.03807661365281,52.408705162938126,99.7290179813728,582.8654341844848,69.3972766607466,243.66403180879246,96.3996775290115,2.088372378017248,8,1
458.3434501410099,3.481677298594287,201.94868220594606,152.6686258711748,820.9107539133098,119.04849487943221,23.772504792358177,50.37950511442184,94.02731394839458,597.0826958221965,60.56453237901079,328.7204478291674,104.5300207725277,2.152800005074145,3,1
456.8383165812241,3.182467809907504,195.4611506772415,133.93997442875104,828.3665238493314,141.0098718981311,23.371072879683965,49.5247899815354,81.67278508421688,468.7840568638261,69.3568203908523,245.2655003127763,91.22726759829814,1.9190184748300767,7,0
482.4750351735163,2.7505816947521184,208.00000011227132,142.08519335732495,849.7207210045119,102.40712979959423,25.883363791905914,45.26607968126902,93.59080665073203,549.0434552467639,75.2084827876049,271.00438199962275,102.16742139989485,1.9698303622829447,5,1
440.3472265442979,3.560137889424119,245.7758132176058,150.05373902749176,793.6421985271635,124.19341872461625,22.401896664329826,59.06070293653883,81.81625692105546,496.3274646504964,64.07158104378045,286.41526108715635,101.28973666405099,2.6093551355711506,4,1
463.91760192121853,3.6826716068763896,164.7352660219303,147.0800445746298,848.8248851386445,112.01479607815972,25.836237262390192,42.68303185747386,102.85166694382912,564.1507837125242,73.73519463371818,241.39153361972163,104.84171882042465,2.0729530155141105,4,1
450.8551968734563,3.5786200427260177,215.64054775148256,169.08642574224893,698.0776737558914,100.92778000311196,22.80367367593489,52.06126987017342,96.51029395937677,513.4493234560155,61.49084165353662,266.98132131588875,101.2852449356525,2.08464752625597,1,1
454.02888418294884,2.9151314846736898,181.76765395692195,153.26108779090504,747.1845934762123,117.98225623700841,23.32979646302569,51.88328296053639,89.43081150247171,503.99048675069594,70.10095619116166,307.34460272352095,98.10580337666933,2.091101038946372,4,1
472.92702639618796,3.3947451709770577,199.60163207400538,162.82355883954602,808.1935700868228,105.42827301579044,26.216062507987406,55.771781430762125,100.11842894573746,400.02921841525676,72.72259225073314,289.6004642539339,95.92345137280067,1.8177436815429135,6,1
457.61753634434433,2.8344956719846754,195.04239761842675,150.14093031863774,816.4816766403895,118.38572101967183,21.584257798796852,56.94045016189639,77.3440988423717,464.8557610629327,68.43943737865304,292.0754137882455,104.95205836954726,1.296029992173056,9,0
458.0744411857445,3.9109103322962553,191.4336348440449,165.84432725619183,754.410885616568,120.34769248094457,21.20698809471293,49.313057002916125,84.00526959903966,500.8208267829977,82.36235770226675,272.5498064703423,102.48474042127647,2.786287073555808,5,1
466.08761005964703,3.174183625364574,199.7906974189454,155.9629163485973,812.970999563158,131.1854140933595,25.744676522231025,52.651971529623765,87.98064222607702,507.94665010815913,67.53404781455698,301.3854397127367,97.53432170591893,2.5341470059500137,2,1
444.5257090568567,3.876621082837969,177.3165770944442,150.2013072808269,768.807987565637,104.92414865236063,24.919300442531846,58.82436855226255,107.88547745140414,451.4066514425046,67.10791881160898,290.24255924410204,104.5445586208333,2.624521826142445,4,1
437.4118549899149,3.7837608931052436,220.58360872255935,149.8007536656147,786.1520452886417,129.08445165645773,25.506078234428177,49.67411616538874,81.43613679301275,470.84913885294884,71.02246020927502,250.771037969449,97.77060892396943,1.463740565473727,5,1
434.3278620896845,3.2298228942391813,164.11712977602798,135.68342060563555,851.2386900332506,120.98080450279794,25.982917710164262,44.66783262467412,76.34155246607462,522.1378806900328,66.22513432081395,293.9724399128722,99.99529067253002,2.722460127321301,7,1
420.50465115936,3.1601645146196766,210.79529025656683,157.60373580204467,845.44687484443,130.28849153609593,25.172126661420943,48.07765943650289,78.44491588401384,444.6715708106657,62.793312030923445,262.74264519245577,96.97758145727686,2.9834353935126394,3,1
480.8431069491048,3.6051110649159015,193.46928294930856,149.39692898195432,750.1469836318369,115.68248824968872,26.824277871901206,43.476770006927666,97.24972695364481,505.34918894894156,64.51165112538891,326.93091335827694,102.66920952200114,2.5224112071363956,2,1
433.45187451417473,3.2467027888450786,176.58150212385092,142.47012059728192,747.1374268989948,106.67755413236554,25.292308860935975,51.859084054973614,85.24646183568915,549.5181412595622,73.78993379773948,288.25479795904187,95.0290432490506,2.8239112062601563,6,1
446.68119564621344,3.530745392647462,204.04766741197392,166.59692656218107,779.4413302223342,107.82500673784133,18.978088300974093,55.322281040703174,88.72730668505109,515.4187851644729,68.47530220562322,375.6457329219236,98.50705655966924,2.3989243041298858,4,0
445.8478005016662,3.3551517227579244,168.86097826587044,131.24675961157797,798.6626849413537,107.08192546332884,19.756346216014435,49.394792539662305,96.10266113339587,513.4194697266391,78.51010475250963,329.0070760956436,96.72723108374443,1.5766961983100258,6,1
454.6111004671365,2.9656524756603098,200.79427643439269,143.6625615685135,767.105075571263,124.77814152920655,30.78384754072625,41.8951997527318,88.7353229763367,419.1939420328895,67.79381877463733,296.09192474138496,101.31855980831008,2.253815935216104,7,0
462.23605818808943,2.8308595942626624,171.5424618437689,165.415781231693,852.0321221399834,134.769220222147,25.00021560117659,55.10825417528839,91.63317283606445,467.12348894328414,73.55255177366149,317.3843649967176,101.94243959120516,1.4898286501123834,5,0
462.9071023253962,3.568005274548379,209.22544168635662,154.7328441138038,817.3694920854277,114.3504847334478,27.85072495515129,41.118505192171106,94.28172118087757,582.1680733436416,72.55420989730935,237.30602433865113,94.47919536454162,1.701312930750143,8,1
441.2538384214659,3.3315326761008124,181.5128533273925,149.28211608520863,820.3042554937215,126.29135298257783,23.962888283118772,42.2702261103848,86.55458886431828,476.0335232981627,67.7192459640999,328.87138220729264,102.03215694412373,2.1581402142946344,1,1
447.4931742932038,3.3340730549257604,190.98011965941382,153.7650531472522,736.6730585527514,104.7655794186438,24.82595471681821,49.108308062526405,88.66946352056253,550.5790483818827,65.60595535417045,275.39128508527523,92.61638308154483,2.091009235440049,2,1
454.23869925732447,3.7087591517281355,205.87898775886325,152.69121256573263,858.364535869189,121.803212491773,23.63990603718747,51.2589262283775,91.93564321856809,475.5663644257487,61.34098150537026,302.6919911113306,110.9598658571948,2.2315377031680317,6,0
446.2696331072468,3.8520326829897336,184.54915776315528,127.25006180571118,658.9915588879654,126.68562616337127,32.3977819943841,52.11123749379177,96.94543418442576,488.8871799396215,72.76560389840046,278.17132461449967,97.44263465359951,1.1039555031377617,2,1
474.1101836402999,3.418236583591457,198.84072000663394,144.76107171978057,841.7027725924685,105.51875224723132,25.759727267092426,49.66930223976763,83.6610458865548,520.6234738141408,75.99129866275072,281.36044874269913,105.24630332484472,1.9228810266212322,5,1
457.36462427457377,3.3978203879270414,169.72338997510292,174.24782481770623,846.7155868835385,117.96116531020145,23.395426283481406,58.800218825674285,65.83539262536176,504.0277206397604,62.05034664122883,294.56603730061727,101.00583196282916,2.274499248832769,7,1
461.02316679074727,3.650042909934165,212.6175120719231,140.1101379783425,778.3799406361019,127.15917140485566,20.04538085970943,50.32584170541601,95.43666519508517,515.2604980400432,68.14777532501662,302.3049832501985,101.20897750509586,2.374186836279621,5,1
459.94321903001116,3.0929193290901273,235.2982761110154,145.22548478843498,863.6455108623712,90.66229352770523,30.921200328207554,55.17334050876468,97.42172735000068,467.26438981092053,66.66540834903626,299.1925235763212,94.16963037076872,2.406886490291634,2,1
467.60210786227987,3.566945916424309,255.84417735819923,141.87568855036218,796.8451223522827,133.35453061701742,24.51016484431509,53.93477282047349,91.60027329704137,454.54919242124976,72.75684575160103,299.94046127585915,104.2172042954082,2.125629130528312,7,1
452.7153233805556,3.6655657915466464,201.82336293332878,148.69477165022795,803.1215851663721,123.53679375891048,27.232687358684792,43.53563133897735,92.14634575165229,464.56513542437995,68.35673656023666,251.2295187755567,100.243235659572,1.8103879250112722,4,1
430.5475207806623,3.7040690625252886,215.76408281594374,141.25315753013552,816.9764393702108,127.16727647717343,27.567991870919638,49.15134756357239,85.48552084687864,478.70727434150535,76.61490285208909,369.9614881279233,102.35069844342195,2.250735442588019,6,1
455.99531927628965,2.9189741892492607,164.38748654185022,157.3011225323709,959.3287455905528,115.87280720805235,23.611508429708888,60.61660256640509,94.0014673722794,490.82874471770356,68.07803404516575,306.9594098720403,99.54642838577442,1.850143442354892,4,1
440.22964659312254,3.271593419057318,230.05468652611177,152.959701184354,867.2216954041502,102.77277518434644,27.01735832615847,47.47824573029871,96.82533455747351,541.4910152255928,63.81808270232048,313.12702036911395,100.65021531458312,2.4505281934494576,8,1
442.0707497737536,3.23652102415296,215.52457009448213,161.60321422660527,835.0565600356459,125.34062956316951,23.187585139745146,46.62689737821655,90.45197073134787,503.4936582410019,67.65597337394594,289.80026667614817,95.56414202884116,2.2136539766472327,4,1
458.7954602813264,3.529966086322764,190.32133110097533,134.2358825071656,754.3597756699403,119.17409674583487,22.028720913881752,50.852877907385114,109.92998664005813,519.3838841003434,68.20692699920623,273.77535916327133,99.23554461584638,1.9691389266061632,6,1
468.57424607150455,3.6442233739303953,224.74361600578018,144.89489275675646,807.1794912739746,120.3211545543232,28.493394077536635,47.65740035369974,77.49007129862896,505.6640405032053,72.6304997274733,304.5310719291052,97.90055395840328,1.615502441121241,2,1
450.3190736510409,3.9490131222337945,194.91047846709316,146.61416052581797,759.3437953076807,130.87606985198954,24.525431860533402,46.03147710248881,91.30369336685078,455.382629858849,68.13240472317258,308.67830731923084,96.47214401121943,2.5597377202690446,8,1
454.6324951889845,3.351510355889578,190.83949633970886,156.8347036513289,841.1055423641407,127.62063873862598,26.555538500807966,47.58358302851207,80.60517630146148,500.69078104022594,72.20048256700188,339.05426632364197,100.67262869847457,2.27952472317093,5,1
475.5332241695286,3.350728250507236,209.50669850854982,138.1016820418945,807.0233487867429,139.2123741708961,26.232762981645312,57.16004835684313,97.03876739165511,505.23128440766146,66.04757863955491,362.32853050544395,101.81693477909258,3.0514848382968616,5,1
453.61129769232855,3.8449016056636243,178.7329100033936,163.73480706387517,743.7739160193053,121.53854228873499,26.913795880165868,49.31690654261214,77.34819657566254,530.3969288536523,68.52661660102672,344.31067211970645,101.25386004864923,2.263109631996472,5,1
489.0252467127059,3.5889730815590917,220.43249528799896,167.79623385776412,804.0562291709251,113.08787562208883,20.330389197395125,43.35962483622644,79.32862765825841,457.2564772142614,66.07482861643739,247.0041322974012,99.48869602581767,2.3049584453917107,3,1
458.48264468447314,3.8802954533563923,178.88020376146312,135.16691478546625,757.5291265141848,118.11583153091274,23.24412840605089,42.44126730955918,84.93450447560636,418.3835653940656,65.7667920516193,286.1874557757062,102.05554527515127,1.2673655923015001,5,1
423.5885586126627,3.586618400902951,178.99890420353628,142.63690657659652,807.5608110668774,124.15663372538606,24.026574527510725,61.03402466027235,92.12665735884319,507.0505526068199,76.37416778642006,310.07451359863103,101.21082105990888,2.15524218976403,7,1
461.300124316568,3.152865014386019,181.8062042318333,142.02102737561862,757.0461341817372,130.1585651899298,22.505563981295527,48.88332815282949,85.23622889070707,514.1540000635352,66.42435214270365,287.991430427627,100.48763602247489,1.8417358733377702,4,1
455.71737577324166,3.100061493566658,215.19000075032244,189.48579307016246,801.3743816680407,105.3296604856128,26.287020544049163,52.17289250482709,85.31646989920725,492.8246077473181,68.26197608926117,298.68519549762794,100.8307550998448,2.413216144204555,3,1
469.3462913112412,3.0345463252823213,187.66449276960586,143.5514984218817,837.5234930967547,120.08537615179169,28.56067923278769,46.14311386830195,88.55287636059131,501.12083602907165,75.22302229974714,235.64591267720456,105.91501494883968,2.167342221579541,8,1
460.0977202690494,3.698615550427542,173.04008431265663,175.164381632342,797.3474004037447,136.0954165703837,29.035553966038893,51.60492984635708,88.06207872750795,535.1508951433121,73.75000698135764,327.42639002949915,93.97463219298675,2.4926365905129613,2,1
447.9231602402434,3.8565790469261025,187.88640000128404,131.00052007340085,780.4555866413806,117.5979112899748,23.982385704370348,57.29664825800766,101.89959510654819,481.64777693889965,78.20603608330768,243.73634283580623,98.40701915091053,3.066297556980973,4,0
431.6355264556595,4.054808642415915,199.35915258639025,135.15523550753454,810.1638110528731,129.31011854869104,25.87589758737372,46.73868408128123,95.48728895735175,488.85436631365684,72.4140093225209,252.82531427558,101.69087304311437,1.600818847273884,7,1
446.8646511407096,3.752931599696972,176.3805503267123,139.700932022277,834.8591310396426,124.93117527216005,26.336930513470296,52.29293389974291,87.40338608172284,503.16145778455325,66.99800305156971,269.5598764712506,92.08632048758668,2.4733532797626934,6,1
437.2421931868605,3.8488515732604958,176.96637781931312,137.31466032830215,744.6408365059119,129.5586060652498,26.86376828261059,42.97126862054806,106.7760952897089,451.2074128332263,80.28572324477949,297.073981386936,106.91292241663035,2.3417965834051797,6,1
441.29214825292917,3.3259951002038948,242.2259266819917,145.9815189876225,813.0328077352601,111.90239458400067,22.365594780782068,60.11433059183396,93.93328939884807,493.9241109980898,72.91040372277634,251.3182393446342,101.2740893786224,2.9896473939410986,4,1
458.82867606630913,3.153075254976843,182.78869192372227,139.36832695917752,865.87704095087,111.94598329934419,30.4617408047949,51.34267965122287,82.24830355749161,497.45026730663176,69.22652330599166,268.1882329780551,104.7845088221187,2.352692285015802,3,1
475.04856756527107,3.755023799725266,193.53915262453987,137.7098761089814,828.6828481638357,120.20271892122288,27.779560553039335,47.93603077823854,92.05210991993475,565.481688572811,70.2873277485026,334.46835126928636,105.59880939277441,2.30070519737187,4,1
455.9200729473447,3.62530422567182,192.6552599840143,167.3770799470999,802.8877073333614,104.67778212759688,27.857948031077324,48.51062938356918,94.28410035892252,488.0753736948616,70.89640789725357,296.62918940923726,102.06226464455327,2.4257266155144914,5,1
432.0617540694722,3.532233312302268,191.57286384459115,168.35690433769747,831.9868753349448,117.30259393388343,28.61038017070119,47.449809127428324,84.49900224750921,508.0004495977787,68.81594062605338,313.00640936094186,88.83703147277976,2.4606330544835,2,1
456.6690400233021,3.616211444189897,212.42693479938205,164.23944747562973,822.6248228051342,122.52876657515667,26.602407826797954,47.705474179382534,81.57992871355168,536.7447042155896,63.12072199041416,262.91271647250767,100.73847110865105,2.727185076130418,5,1
467.94947229968477,3.596955644737462,218.962859009441,157.8599843337649,837.6800554579906,137.84635606949772,21.918059730847084,37.7625242882517,90.69167272033954,466.5006109875829,78.1336052612329,298.3849192632831,101.059434567643,1.5903107353067565,9,1
440.8532564352093,3.8851450579560685,193.88091136936816,151.3911459866933,698.8034194508527,124.02718189269822,24.58308180533468,49.51017133951622,87.11822582955172,555.0296154750466,69.89082961912615,295.9240018106589,94.56566622214298,1.8038306111373372,6,1
447.98974249990624,3.888495675445087,175.27043426815302,142.54453964001138,722.3271933168368,126.25228470873103,20.046839814814255,49.30060659697144,101.83302310764354,570.5548092822911,70.91748256351322,276.1418858728083,91.05163271623591,2.867643059740252,2,1
450.220322920938,3.663266105702104,225.48880455697807,135.70263742867363,850.2414574741618,131.64475847050005,26.245217529097253,52.44330768630238,95.92924659267932,498.844148494053,80.3907202969724,298.46768687646426,102.30834651400677,1.020642527301959,5,1
438.2265253037664,3.7537408617688786,198.09317817606635,155.44493555149032,724.7360411919279,110.35342411104943,24.49235902550336,47.38428126779237,84.87379780730735,478.4229575416248,66.58357368391208,243.23624121531248,93.75404831391032,1.9576353779009372,1,1
459.72420650765787,3.6542187657274328,234.60643629714338,132.39554411179802,820.0769317859603,118.34917337629014,24.878432849419205,46.14481842929489,93.40750488758871,565.0847769756156,73.27742662357052,313.15826233008397,110.30708604483392,2.0747799931920836,6,1
448.18577777088325,3.3616490803896144,155.08828204869673,135.0911860623691,782.3975171983855,144.25412591803894,28.61200339025695,49.96112527773512,100.13702514179792,531.825234910726,66.03850658215008,288.0152184734057,101.31568640906578,1.9115440601310845,6,1
456.2929866586054,3.726969402473942,203.9080644256664,167.29369884307215,750.1905377202002,119.20877777615492,23.629017884330622,41.93815940954758,78.8495644328028,503.27876818655346,71.60510581272719,292.28341824529565,106.75755858752454,2.79047401657016,4,1
436.6876173329685,3.0816514793422214,238.37212667752416,178.5097356258313,817.4824878573737,131.16430748782207,24.24363052368377,50.71711593767292,81.81777407209799,557.0737527846281,71.00752873125678,325.5529740635035,100.15581699683891,2.2379688910007896,8,1
443.4381254951488,3.816167465688765,192.93471729123684,155.89942707249722,810.0516751858286,129.63737877173108,25.06591988788965,40.690903702391395,89.91065106176376,552.8396875419728,73.95300548570158,312.96100432374027,103.75769413988141,1.8063429476773813,6,1
460.83572036741657,3.1416431180701894,195.49013153330728,166.59685728441966,905.5171326048189,105.21886285612311,19.480023251759103,55.60409324415398,90.28481574324027,486.5497218416711,76.04084358845166,290.44982432816664,100.2663196561486,1.6827953445013923,6,1
444.4075027186235,3.5857409860384197,205.91023383180678,146.31227523834025,768.7594397732055,123.10479277005933,24.20180903271399,53.42134977830388,89.58241995629712,509.949194131966,67.10239454400164,266.502419126639,105.02786465187836,2.140912789246544,5,1
475.90445776850106,3.2464538124721525,188.82408362230086,129.93488720868473,872.0055060034587,121.46747472205226,17.54261526314145,45.369070617879935,87.51378256969858,523.0716995170383,77.0833742036196,339.8598421436277,89.80834049232327,2.582977018601383,4,0
444.00545721578095,3.666016694922328,193.75856135894534,159.18257427927875,817.6211457192157,123.29958787840435,23.243435314312784,53.30569006669018,87.39151742038383,501.149201195514,77.43740469280657,259.7963399421694,104.44073921944711,2.069204055683789,4,1
453.37027088627826,3.489822432221627,193.24369811617194,158.53933984905095,766.9489059228644,112.4588752020894,27.56556716017848,50.557571121269405,93.07406509457303,444.36517636382877,68.75007307653246,318.88100707803454,103.34382080467108,1.9327898328710837,4,1
463.98886247809634,3.0215732125510004,187.45158531147254,151.07502830820366,839.9623228758622,108.8308048808784,26.341799674753208,44.9549488445757,99.07154042911338,462.46961985207014,69.96708709298436,252.07818167380904,99.2292417095849,1.6523581555776523,7,1
428.72451400600454,3.6262098893055437,224.5771310040112,146.36436812842334,828.2869252226976,115.23989999979149,23.21553906863777,39.885619213854554,86.15237816249258,445.66948858159094,67.5282494002528,327.5361990943538,97.95418057667604,2.18701941904465,2,0
423.58786782028835,3.326623766950187,209.2215606459287,164.43315867871647,801.7921647429025,119.02205002915797,25.12239465467144,51.58217841713226,109.50719476136523,519.7169721209601,68.4727939307818,330.3180255865071,98.50448874745115,2.1592852611854614,7,1
427.11515528144855,3.764344016244011,205.01256464206605,135.21400449858788,813.3147678220312,131.84984447600317,21.775031298608784,46.028590764324825,105.68553148592254,452.6259073150502,63.98262172374966,242.62167470434596,101.41383484190999,1.6378907169519068,8,1
468.9387615514077,3.5003977066203222,216.17142013780233,138.39329131664013,770.1506484477234,138.17310819725606,24.992969790551438,55.474847848480394,100.63404503664066,507.6967228326972,73.88767886164595,313.480051580638,106.07019682327983,2.513208087996561,4,1
441.7221278116133,3.6186262956164112,194.71288333593066,134.87840239859358,758.7106437372746,133.9659784622318,33.79096085647753,50.070168669409256,94.97986667649249,573.2761530510063,59.74853053737614,310.99510943249567,97.32905396111244,2.8530216546268896,2,1
488.3729892850238,3.2127293134954362,184.515923632942,151.2745944395374,837.9721086911292,128.60185210781844,30.537403961115793,46.50208651751341,106.06390485176125,557.1108073964858,66.51452574618656,321.09147914058076,91.49116454420596,2.0244989839326886,10,0
441.5362860201392,3.323200330571791,187.94751390770887,133.68160481836114,788.8030287843363,109.9565973770041,25.157866390051783,58.98919366545236,87.67907708000473,426.50333412264087,69.76918974465217,310.95720825054957,112.42290492122532,2.1510688215563265,5,0
452.7682695479555,3.3624084091696744,200.03566082209218,139.73636729227135,795.9958500875454,115.91103825010505,25.480432494746122,52.88223246301503,83.33916470407813,448.8519411691598,76.49898665213969,271.1305292162933,103.35787282256845,1.4475326896428977,3,1
473.13164928851813,3.7570107440727667,178.81576583254196,139.41366656659204,813.9910797972138,122.09926052412997,22.061304056096347,31.72456742447947,85.79222352476813,468.93934303280565,67.27377715349047,293.4830109759039,98.04394192979008,2.368594762686879,3,1
480.09139332238686,4.003213126341647,189.9947796682665,146.09087501499062,813.2644172391904,113.67560961923824,22.594632676146848,47.568041156045666,81.97645757527934,453.2390524312253,72.1392583555129,349.93939609301907,105.94423359498523,2.2320871084637313,5,0
480.922553649546,3.258448474477137,189.6776671625713,127.68938330394035,728.5336764512967,125.77205652527951,26.08655296631408,43.07955503993789,90.97441057850696,433.84742490713063,69.59507942774884,266.7655957215128,104.66846950907552,1.8369477602605044,2,1
468.12549345889715,3.823054443397304,242.49112459658028,151.30807488055902,864.3126043227429,127.20486108254288,23.425322303090546,46.00101031139846,92.39864371302194,499.5663864109904,74.72559450236167,309.68573875053517,102.4614118683495,1.6282537405239998,4,1
465.36093788717193,2.8490967746822893,144.52370120132167,168.70955475997016,806.0591075950339,125.36290062565469,27.712448784554745,49.27633800540732,91.60671870944886,528.2040219766626,71.87792874478686,334.5376162186515,97.61474154002752,2.9237851218108304,2,1
458.88790423801777,3.1417431796723134,196.40760557188733,152.03237058475142,789.8673368588925,130.25134604557581,29.70905704293327,51.77024254293773,89.9005491825456,538.1613615489155,74.15104694019861,270.27741573418064,103.33661259492169,2.1913851180365005,4,1
461.67541614249956,3.2123664631439675,234.5138758562954,173.11981717201982,821.5423002584873,110.95408786286926,25.997862354343116,51.30682871056787,91.06523622537293,481.02095317024765,67.24682542422705,257.4964005865256,105.44779411846355,1.541164352059635,4,1
441.732214255072,3.0942473931677834,202.43688928264908,170.00997278815387,811.8271096807432,129.32828704092196,25.30521161751978,55.38936538282401,103.89059047079911,489.1238519873763,64.92987552920832,262.0169299904663,91.39963633854578,2.4277721462076522,6,1
437.7270167486654,3.024923483063726,215.06834946842184,161.66602570871783,838.3531344744852,113.04354549879804,19.957661125268046,53.18299188754333,94.96041494111267,514.2270898049902,71.83564159526681,311.849140847292,101.12247490986056,2.114828656403898,6,0
449.94938313883574,3.6238996736413394,201.99652630199535,151.12028763955328,826.899183607547,110.59064047357114,27.24283073581615,52.87373464562752,97.38007037283857,495.66057752643405,67.5613599048037,261.76188681024917,101.49087851388734,2.029446165163529,5,1
447.44723066212606,3.435779690681642,186.6533323756704,150.3375058236816,835.8923114498133,125.32116134186381,21.568986095382826,51.00746161566637,91.5263194934943,532.424271043832,70.15161935924986,295.9391987810377,101.33038330714436,2.4892786477688507,3,1
443.20157926009085,3.613821619281533,155.16168130982174,161.4569965854489,867.5496952863758,132.15873562198982,23.745972614099742,56.43399426362951,77.07529041225538,517.2145945133806,71.58637470132045,341.1381418890966,100.23091808258089,0.6936184560090535,14,0
460.44581171185075,3.707141805836454,204.10911374072606,144.12494085743953,844.1812274485486,124.8801348637601,27.878727677155403,48.41861728404541,75.4889402362439,484.94782305943886,76.20953765327363,298.4607562677411,105.93036537676952,1.096480194441158,6,1
464.32957812855767,3.57968509795176,184.48786790795216,121.76218872798805,791.9756889835719,120.20804023772544,28.089274492927096,48.548483656324045,106.66247992166812,425.73454753386227,73.93285321695,276.66561635517587,98.94341533461419,2.6896093622683135,6,1
451.32610329437773,3.6973289528451123,183.99329187669392,157.3800608115444,743.8549421961584,123.10153826101507,23.600477417949648,40.47213323513735,85.74542179815023,559.9612642192798,66.59495163613015,303.76229018140157,99.98607275355515,1.9355389417764992,4,1
472.1629512158289,3.4791403141273194,190.02025488041775,133.03397055097543,883.3898966502258,121.3642691806728,23.77325339524004,55.28082021905018,85.06598924678454,472.55670842222713,64.27488881121222,297.93981437795026,101.57832659039228,1.786613859560667,6,0
432.8746632879974,3.1439019835082767,234.89722813246988,135.56788157714422,788.1138313326444,108.74049103864606,22.902043380229983,49.615371221104226,91.965305931018,514.3023458292104,78.53690552377223,313.5797291640973,99.10965236347592,1.3311215058336627,6,1
447.09510811080423,3.817344254246239,248.09675084507944,150.0033592199368,776.3446293319739,107.57379855055085,21.40643876402227,64.66802853085636,94.40322382663942,423.3363332512361,62.086701640128275,348.5743366145656,93.06999371624423,2.096924674574652,6,1
439.24766519095795,3.323266360165662,204.34415875056803,148.57312683669795,713.1636591117781,119.21174120526545,23.095613553687276,47.97233654118771,95.4148970986753,499.5473366645678,67.73748576154475,311.90306576510926,101.07065021844467,2.1586279028382798,11,0
422.0019507439041,3.219321110371272,190.70465552176546,128.81886590526554,816.9236552656056,120.79856835769304,20.160609943255935,50.44289064708368,104.19534826304003,504.01047843448794,73.22622410161058,361.01347535297714,101.12728188685729,2.720407320997581,4,1
448.7597897123595,3.4466246372586804,176.4554716509758,152.4823734619971,807.4443301976885,120.11332378367734,27.049187744524794,52.73252476804207,102.00589106126353,505.9440829019065,78.19380623475016,313.6590571043263,98.17417459292275,2.1862225875946564,6,1
448.17378737425076,3.2261567242110463,209.37080323092138,164.49209491291572,724.2442531875259,126.76101613649914,26.183570815485627,44.490500135056436,83.51253420288943,620.5517313087198,69.05169237437903,276.9800612187587,99.33842541735349,1.848596050140793,3,1
472.70174614863197,3.37477088540317,235.65811200130287,133.07487644601326,822.6637021066588,117.8452328383566,26.68158785461154,51.792738569396136,97.74987658737432,474.7552650482627,70.13671497135446,368.649089826858,84.1006488018001,2.202838375934809,1,1
459.4621752683217,3.60321617646904,195.05319225949685,169.0872499627314,775.0904039649281,125.62979181904856,22.136787848274572,50.17330716028593,86.92727265431361,532.8265690782678,65.62486289201287,296.2554594796435,106.04203024667068,2.5547442811223045,11,1
434.6371976350619,3.604502521773838,152.4200791849355,126.59743762305084,934.5157503644347,118.55413232673553,21.41478830945483,48.48155905161581,88.89993004455378,520.929298088375,70.63308056067602,268.3532330432698,104.505150879303,2.445609840259526,6,1
477.8113884950128,3.230650980072311,213.40099343631047,181.7598621655643,771.5319403954566,138.23358962036465,25.16054282294068,55.86301979371503,81.2480863523891,472.85444029329653,64.2492301034956,369.711859908898,93.3108440975874,2.3107173956608724,4,1
468.3155054328803,3.3536883881153767,219.70799422900097,143.83109354274774,778.2403333901103,120.80713726726447,25.192307694850676,45.48125641044672,76.45541716934872,532.2267761272371,66.24857523390673,278.00649341458563,96.62266377486219,2.137290924656276,2,1
458.73146555202925,3.822299901431073,168.28308719228306,152.18425495240336,756.2611887872816,143.40722611525678,24.558190517461163,51.37451056541111,89.74750629894169,493.4271625227679,73.81945277069241,276.82831703892316,107.24260680520796,1.709336393924774,5,1
446.60273851725253,3.6489200353201823,203.52968367325906,121.61949641271495,863.8938260520986,123.52011591090864,24.131550192436453,57.27332145692523,82.35214467111004,535.0097287030687,67.83211591569037,283.4558847586677,94.22574661339524,1.4836005937524228,6,1
435.6084114491478,4.122519511804563,209.02452032272197,149.06795900296038,781.3612102767623,117.86322829411785,30.13232733308316,46.46689122021851,97.42250942857629,578.4385049368685,74.58624461026535,304.93879239966617,102.39229344618067,1.4044969638111566,7,0
444.4168983589342,3.854038452122458,198.53785395982123,153.42723266577286,763.7542923117252,111.00552023740326,26.278075035378937,48.5155700865385,87.75137405183902,506.031955625364,69.23246436675444,327.92584192346663,97.53991634459777,2.196983143937529,10,0
466.33122929556276,3.8432879205679815,184.18458161829292,148.7075684385076,835.3477504960272,105.57111425942307,30.912035174399474,61.72652281735914,92.46872175159899,488.75499083726197,63.155799535645926,220.53625158935438,102.05070978342583,2.249140034967538,3,1
478.26879458901914,3.0836394348632594,220.31874447127112,141.5537838442144,730.9823532293408,110.08557715603843,28.8068950762949,52.371955325780284,100.94020603132346,542.0622473524165,75.8418263785565,327.7950145593451,100.25069012578533,2.5471522413019487,6,1
473.14865292408285,3.729158105490027,191.93240508062635,135.80153222208278,831.2555273124474,111.2039369083601,30.109812778052035,47.46901261678691,78.11763854574313,555.8661266373737,63.42336957474056,283.3639619301111,98.58384085361455,2.280865926124931,5,0
442.6672586732059,3.4840679594909267,170.29627674600135,166.95789929305965,889.0699858300429,123.94820020412176,21.776611700931994,54.01312380039239,84.2030608916025,464.669698424318,66.99106245569692,287.613166705196,101.94260936625727,2.5254357245729793,5,1
433.20573850066484,3.334705458938525,159.01051028660638,150.46210702496924,828.3303916417544,114.73834628939812,26.77951297299409,47.15953224204487,91.4470689965268,481.88171641847697,69.00150459030928,351.4557543276395,97.53476407075776,1.9347266846790403,4,1
452.11329370366803,3.5504046021597584,225.2169903999862,173.11128564775157,831.8949158129963,121.86927052554498,23.70470353301988,42.17542037919964,92.50019852658609,527.0169308736505,75.02914310329604,306.39924479607,91.07883563522263,2.38542123171816,7,1
423.47340951655724,3.783563460383445,212.33327952942236,142.10276467807614,843.5030108453742,132.81978362376685,20.0098398659214,56.86181972632585,98.8279800101786,494.7187195834112,67.36757588654878,313.43104043595304,95.36138865623133,1.4992647440348237,8,1
454.8475157127717,3.6502494773012635,201.7594709425834,143.47807959941676,885.4854014337759,119.12191648365146,29.48800950866658,44.48470367934493,96.93722503232479,461.82671948052854,65.36641418764958,298.5431965554131,94.76070687559528,1.9699070740620375,5,1
447.78596120552,3.236457859597382,191.19450726298393,162.23391366894245,860.4946980009552,140.79156698466804,24.118922422883113,62.25856312498645,90.77546900584592,521.6277931158158,70.81336535780198,322.90927751647007,91.97940421039564,1.0842571978807256,4,1
443.0094524719764,3.722737674077786,189.42003171593745,125.65537556994654,821.9834861136512,108.24189019660803,21.83469510919995,47.55333812268897,92.42723736477804,526.8595886282709,68.9301713838669,348.5403171886463,101.84700033173853,2.015792328052835,3,1
426.07945399099805,3.308723737377211,178.48526703116778,131.79804959770615,845.1945700318,118.49416451625072,23.75630841025392,60.66632340780927,92.64860712792392,486.62456976412096,67.6630470048042,225.7480415078088,99.13616654694746,2.612393242020516,3,0
457.70400159854574,3.5650049356892857,191.3708871088023,166.46227457029744,755.7032537267445,114.60687076389021,22.61132763167854,43.15664465739971,78.24230108260996,502.45395061324945,71.08242678243923,332.5385397220873,101.7697053290491,2.0351053250413864,3,1
442.00948740507135,3.40899497975686,157.59825569759653,132.42099106165207,838.8146795373661,129.3650660605701,22.91890609715,55.12746793133127,88.74899618116031,476.9370772421552,63.98201892303434,346.41099191626057,102.60375677801687,2.360912496086612,7,1
432.45124746434567,3.4343401244793124,185.27872693062972,122.71423477046179,749.7222014408126,97.6020836963388,24.33518982945205,52.49863136492325,91.98778574397674,456.1905029635211,61.390797295171595,315.0318974370178,103.78234418380121,2.1365926070456607,2,1
406.91606680077524,3.729872892512153,193.78124967297813,178.02790782109636,781.6488790684186,105.56884710822189,30.19244557913423,54.18873112777576,93.66840687028085,480.11741573487257,80.69365053634128,279.6791273188545,102.0346087057439,1.7147870936803196,6,0
449.58727642424043,3.1879418840552307,212.19760094380837,129.09273528188692,645.8718912428382,118.92653177549037,23.001048350366123,54.840113533381306,82.60509247948673,502.9572940070363,70.52093046680788,265.4318265629947,95.1019570160289,1.9066760948243808,3,1
476.5837739500462,4.08355852228308,199.20147073253273,152.76179097492255,820.0714829683731,135.51377721009493,29.97781199265757,47.51127428859414,79.84961669976887,440.99643114122813,70.87090440981135,370.85537060739784,102.89762762625487,2.589842246825426,9,0
474.91888821821806,2.953674179211651,215.8984622775112,151.03627789086406,767.8063994445823,122.25841834037307,27.546510387938564,43.455780789985006,88.12373925985536,483.03948274991365,66.09005309661461,272.85048940131406,101.10902369603853,2.358337027903936,8,0
443.1435561512059,3.320699695023543,226.9827021022686,107.84057525072875,855.5572607602231,106.48452545735766,26.188814690758257,49.74541134830391,105.73892888873195,503.5132052237096,74.48849421747005,345.52924713168755,110.95052389562413,1.6912020997733097,4,1
440.9668190945733,3.6110635669825224,221.16340187648203,145.99024465248286,819.5096305302701,108.0283340730977,27.244360096755624,51.11515128792567,83.44601989817065,547.7863964049947,67.33257369927077,311.71533973427313,100.03959169936503,1.3062642270507423,5,1
457.03161384112536,3.6752942499305927,209.41019694757114,156.72619874218665,856.2047947350812,136.72989702844953,25.040966991512374,47.640776894222476,99.39142597883847,487.49630580797873,56.06926156109733,361.3749241804446,101.91449892866466,2.103423291782237,4,1
435.0242184121756,3.4698572838284885,200.23725358361568,155.3146407227829,745.8201727663732,113.78865201203759,28.85815031159028,51.38776985079931,102.67791714436096,450.1639059956311,67.16483329745684,290.452195070704,99.5258719559285,1.7090600881151234,3,1
454.526878497292,3.482782789099537,180.38423983172882,163.55281025705253,851.9193018579816,110.57036627550237,26.7009407898013,51.6481276558737,90.36373220986555,491.6135994920908,68.59293461037775,251.77257229149336,100.24447925348274,1.9112824951183587,3,1
461.49120417577035,3.623165025598285,214.79888102758633,144.1876302764185,905.2928172181663,134.7737256063086,20.006002044923463,45.44986776728067,84.5612165227724,477.3372278363964,69.14958197832743,300.0651254158783,99.90693322958452,1.2727887084527607,4,1
468.40399835826463,3.4306791567626957,233.5949476444306,160.68756663138242,838.2079149965947,130.1109700558699,25.888755795669894,51.974856408452325,94.10255650926581,522.0871422022946,69.00494168627709,255.4065708629875,97.82688211899674,2.520376428755647,11,1
448.4976888528007,3.9179543773804717,206.84212079300838,139.66006397879892,839.5174504346145,132.74059643266796,27.351919428977844,48.66393988152677,91.55992233679596,486.4837869455108,66.77542691511862,380.3118159362279,100.88676828877458,1.9515110963664108,6,1
446.94489374734553,3.7518047342694807,238.34518296852247,128.84298875380838,808.4798838197468,110.49958119734184,24.13299634419635,46.50009549898314,83.12716815847753,391.57733513682916,66.29239470148316,318.88494672242626,103.10880221061555,2.027329985567378,3,1
436.83026119865156,3.7618473053016905,169.48856583877833,130.5340743647815,773.7665609717318,104.7489435898564,25.378767618141797,53.936875691119965,84.72957738902579,647.6649800479122,68.51010666603985,323.3439134806337,97.9024666031467,1.583534892302416,11,1
437.5967946894021,3.210152982988875,176.91673230440918,128.06834317206878,838.0596186350755,121.33166489362705,23.16142601597678,46.11504394153228,93.62863881716265,505.6945316636372,61.772619564820424,323.36310849078166,104.17786644255114,1.8613076470701908,6,1
446.6028166214771,3.476183472678289,217.10403015496524,165.1437895183679,724.6958544798965,123.35126133073663,20.86712303180932,47.716662050476366,97.46752326534838,503.5676604123432,60.21201853094729,279.1923095813002,103.57155164799897,2.061229888163634,5,1
455.5104826022427,3.4098602153837887,205.28580420306503,127.28139736412166,779.1122437539592,123.64601803704832,20.34886938720628,50.36025425093328,87.4176783894769,438.3436011201187,70.4902774495982,296.03908522448836,95.59868874086676,1.693371386761494,4,1
463.70376939349876,3.1983195872931605,226.27564353143615,154.11058260973954,711.4471598831409,134.78183935639,20.38879603879341,56.87155810327119,89.44693148089557,441.41722936153553,70.57367437132496,303.31093894079316,95.18155137190928,1.8920691249666652,5,1
437.9523157397948,3.60804925518373,199.6905671854652,146.0111370889135,764.8171811342459,102.66232909991751,27.007134227411598,50.96392038862149,95.34910856408864,496.3220416930787,74.39700290026998,358.3166539025837,102.24076700053463,2.6931457122766624,1,1
472.39032853439284,3.3387062726660552,182.64049154943336,148.46027139824054,832.102254594678,128.59695051297766,17.529154874871015,52.64144166237334,88.62010492660852,513.4468532924656,68.72217344814614,265.28724604253,97.06232107510426,1.1249790151823442,7,1
445.9331459843615,3.696621148955071,195.72813515589914,170.4541094279955,825.2696688110232,109.03374955852682,23.000560219109556,48.51178732001752,87.60538421363293,528.0845655670701,64.03186393446235,278.14248330735603,94.77144676365253,2.092280850530667,2,1
449.6794905847735,3.1789425311317006,169.34632058152533,143.4235894917709,802.5456847767737,128.55735320860842,22.703040144263866,49.607551878118294,83.9572734421822,509.4975062927304,60.30176592401017,289.11206681321954,108.58448723076701,1.6072669665242545,8,1
438.79182481278264,4.015712183852546,177.42818653805932,159.17402342324525,808.5200497031005,115.25043295478622,24.153521392037607,49.75561383240203,83.81852301300775,452.5623118732746,65.54901962021567,279.7906002266808,95.16836217850657,2.6682449949171914,4,0
413.63639609590587,3.2311002024223816,219.4488799583602,150.5634502707167,705.7067691067896,111.86028204109488,19.430705350191392,51.46653118008512,111.35106206578604,399.82133563679804,72.1125987202876,256.2322063644735,92.3820227592038,1.9096363495813615,9,0
463.26068094541574,3.5657907011601306,217.4557482893922,147.71971641550954,781.3718859714543,113.90097293050798,26.211664284221857,48.5201621347587,88.43038671936735,495.9911060248718,77.20724451704461,218.85886438725225,96.08153305789443,1.4764227128042309,3,1
461.0526584563865,3.7375577931164203,207.26008569612154,184.4995368657971,765.9324196782395,105.54389799223438,21.180515817520302,56.699999427381044,100.9204665720978,478.6410131756349,70.27042706385757,245.194666029863,101.15824096861282,1.892194981157168,3,1
445.7800866432268,3.328807870939966,165.57844958079062,128.37987381426944,767.0470154742729,120.40428939833467,28.397216622127807,48.13416880748929,103.47194670015257,449.4971310355086,63.93205054831944,332.9708979774447,100.36776038667107,2.174817128867657,3,1
451.00486075837307,3.755740593029885,192.83192848974224,169.33697753156167,829.9789313906876,112.27326609339543,23.134702937233502,41.46379432397316,88.53134168405472,533.1223289642251,65.60039698747465,299.7534329706234,109.43606715082416,3.3878112287884785,4,0
457.73908826556146,3.131244920659875,175.50000222679898,159.8460984823496,756.9746336747345,127.86298230900279,24.71316092976424,63.7139830218501,92.94743846747815,436.97693003280045,65.7564703796784,325.06616748762207,96.15803526113618,0.9450949843351975,3,1
426.56181214670187,3.935635309754768,223.5306650757553,142.80712508052324,769.7659574936295,126.40056081032917,25.01132156966562,48.36315654528124,90.81982785626425,524.6787535782634,67.97005699217594,282.52459212274914,101.18078203493961,1.4004419325077837,6,1
442.0642098398056,3.5042447794897273,188.32555732874798,174.43977776162419,695.6465377145241,136.8815705290279,25.732723158581717,56.565848935456735,77.10254119473059,443.59448099930074,75.60447712497435,297.0499301922272,105.64244444194574,2.6526094402340243,7,1
461.9139701943274,3.321076577609336,178.285045784369,122.27834831417195,785.2938409811915,123.66327483541077,25.111043132488426,57.023954209798795,77.5842159020147,505.3635474233332,75.99454725078391,348.3947250287665,96.70492075753326,1.2455201786836378,5,1
431.18565865246126,3.4102454682717696,200.5959233024285,142.17350014051394,745.608122614319,125.20677767080073,23.718668353802105,54.726071561251906,90.39078773523418,537.3589728807449,69.13872052612557,346.5816781697225,103.51862104034485,2.0048159614245606,5,1
454.40336898249944,3.742675780817816,187.19691086330778,131.87276693596385,803.9601464344822,134.00099811827815,26.02914559208213,49.00986390201299,86.60069169113123,486.48266737590905,70.915350550568,328.2591639777682,90.83914449570513,1.7583175604808747,6,1
429.65127293064893,3.3246634124448686,229.67487820407413,156.1812519730719,752.4445976628767,113.72337303973303,26.398441391484862,51.43342409937171,105.13264270714872,567.5967933802729,66.01221053563268,306.07253361871255,108.7937726970537,1.6797879766125807,4,1
456.9964497365029,3.2751926931731665,185.30378204931617,133.30403848219234,805.2271122774608,105.11741787176967,22.704595998671138,43.627448953475366,88.10741649044306,576.7154530237401,61.45045777823147,315.5390828264772,104.97378880753608,1.9139036921957562,2,1
449.46537776553777,3.4335390207248784,172.01543481550738,156.49595920111977,792.7657119628828,122.00094059128394,26.279103456920673,59.95073886909138,105.607431976545,509.4870000007862,78.94169176731373,311.1191489593618,96.59662501395515,1.8336586394203886,4,1
425.77302276141734,3.1469113661690096,156.9417296848497,147.2034537626767,883.602088652116,105.77366530785596,28.57516090720509,45.74097000908665,86.18886883091565,521.655414823611,58.3875647470323,294.9921961903765,104.14908888916858,2.5285308071099584,8,0
467.47109031685756,4.046163172382545,199.3842699517317,142.80969086015872,824.8608990226597,144.5393867292539,27.117682588313656,48.73049518629562,105.29760336487146,542.4283546526608,60.82079841167724,287.86890571678805,106.56591449729967,2.664147353721516,5,1
438.98112634802925,3.330081622635583,188.76139772284148,155.82970869049967,708.0181063718849,134.55498292078943,27.797125724941562,50.49493243520126,94.05139597557877,521.7770548994196,78.98202927579823,333.6710383590338,93.55665708091635,2.213151981830376,8,1
437.84621344478427,3.749485035854121,171.42190786976545,145.97067564092904,736.7555577948646,141.6397633330158,25.515762546722335,49.4628012258152,94.50633516616958,517.4897287039418,70.08307702335223,261.13117353311594,97.00061050512609,1.8819637310808166,4,1
453.00853795846416,3.5628410250943316,223.7845292251157,133.6704773541144,802.7604004496167,120.6244697666313,22.191548661775364,46.71563358853303,85.90588834613081,479.0372238889565,64.37042546455979,344.6207483174593,106.73041706921467,2.1292349354042086,5,1
467.2295602414307,3.2046397848554093,213.34490294858483,192.02059484452468,753.5076025803675,125.50573593701598,22.571066620889063,56.97169526027344,94.6153374432295,432.50575299289153,73.41351815544655,291.7367157975656,100.33736444719982,2.4025127833722175,4,1
434.7626727153241,3.4982135872361813,199.4356424212554,142.69249225456284,651.5815784882074,115.40524568047356,25.959663903563236,54.7513964174414,103.54170746465,444.3961834700209,73.86526653022989,260.57839485906953,102.18083082849742,2.50084915320209,8,1
450.92519774771955,3.7352008337932245,227.28652488341734,116.73586379771979,867.4773156916872,128.8292480558675,27.828291175456933,51.61023602162847,88.8413800475189,595.2946943504608,63.33657177426128,283.63485426910165,100.35098614303145,2.185023423492506,2,1
456.4322475049586,3.443521599474108,213.25072066797225,137.36851965417918,836.0112008452704,107.84456787948943,33.35773574198217,48.00223472001625,87.28482547706706,512.8983583122,67.33577311765212,273.76776338726177,104.45744421832906,2.7638307760213427,3,1
460.39658410894714,3.8579338837553085,183.54288196963137,130.99084967440905,826.0488436745886,94.56906810525221,27.94546583331581,55.321379359222355,88.0258996891193,490.17266074434673,74.3812293185286,282.7297694368845,102.56465820274016,1.6917439730375774,3,1
452.6466233291584,3.806454617834559,179.2155967201847,162.39218424060775,769.6338477264543,112.09289380511433,21.488692727507495,47.67765683611217,102.9608928400515,550.5330903647164,65.91547126814754,282.18139443938503,100.53108631961001,2.5699781478923773,5,1
444.49458241375015,3.775674456397499,216.35963088907724,154.8247898938738,821.3838385504965,105.44526524382684,22.69818228292005,57.85195920168908,96.8428096560087,470.02168108552684,71.41081869306916,280.9891568587433,89.4915367609134,2.3521799313803187,4,1
437.58614669026923,3.362102968318101,207.92733912934702,155.98069202685517,764.7819837889559,134.77926736159534,31.835551947867998,50.55610457741714,101.58143992376895,523.3243306965276,77.12406093183137,290.76128795580496,103.20005315257471,1.6949998116323142,5,1
451.29215824569565,3.176047265665554,203.39495535941325,144.44966301244133,810.2428650108845,138.15677455080316,24.356833204069666,56.148907634863576,92.50898168387415,503.08768134240154,58.03757584229441,298.0568000381678,103.64620488329605,2.116342941338987,9,1
433.9179148202159,3.315923718391162,183.07004394262185,145.80974629414618,753.9708387081761,105.9707092758689,25.142543904283865,49.43089836908209,90.31455485422265,518.4011000441441,68.2937584033562,322.91578905542906,93.80230563621487,2.1507147891486667,6,1
406.1797427475809,3.5588722822000163,212.15895134011507,144.436033445885,875.8144225278007,132.9171560752124,22.118749238772313,50.35766591020472,93.39155231256505,486.5436052282457,71.30817999283744,292.651421040387,94.14200545882198,1.928983779821659,3,0
456.54839706236504,3.663736014059707,184.89002233732103,148.78210223796796,721.4881672959077,129.5138498350077,29.69531021672273,56.127105307293334,98.56126827530032,461.41222770838476,61.039753070282956,309.7806241988278,102.58799297834798,1.923532250031064,4,1
463.5590226162929,2.848528578571866,197.96026690812644,162.53000153047253,861.6141914755416,104.30223315281124,26.500999621961874,60.96962575902222,88.02305405929708,467.0851570744143,67.35194304873765,300.22593936145614,100.97162534067135,1.2375861841572022,5,1
414.5560134668724,3.497566039516475,228.9388829277396,155.0411311875802,801.9457914008665,116.09732469068382,22.676195956344067,57.801834087524405,100.94941594685429,468.6446319095881,75.22249322070907,316.2174231147888,90.1260320903917,1.6553663934994314,5,1
434.85403942935096,3.5474267675969555,186.7833152837971,157.501692444313,775.5266502329005,114.1983627787548,22.018524133428187,54.38567309688925,92.92664445652701,499.8811875071138,66.47842425628055,301.4002601896758,95.88989147927211,1.880813933905237,9,0
459.28731391507796,3.4167367231053345,168.54021485854278,157.49338362373805,808.350146084787,127.479953986272,25.921611837693618,52.94641716478798,70.74977489575858,437.7545927810423,62.5783678205712,280.5953467404909,101.56921549451017,1.7137158051682997,8,1
480.86243204567546,3.8873821517047635,178.9490561625978,163.26663656072606,836.667400358909,107.71220649094987,25.13261852464136,47.46525654870187,97.06794741684156,450.10285539911627,75.65415911581131,272.4540104207824,103.38338434584433,1.5721679657886334,7,1
450.31190561513114,3.626534022275261,219.88597653375245,154.32225062310383,868.3373368347198,119.01127374340517,27.49633065166338,51.476148705527166,79.82155989390414,505.42097190116806,72.22250846765216,306.30688795512646,97.078403900871,2.530545676559507,5,1
439.07995588156297,3.893057572424269,205.09462274760418,155.3827210901838,815.6571511566766,113.14065496050382,26.6409054193816,45.43475408001634,96.8733820853919,494.8929982234434,69.65571854247689,338.20135469701916,99.26271755750818,1.9480374566776602,3,1
447.2565533834274,3.43521184389493,197.42245242622494,167.83209361789736,755.4651957368861,124.73341183385143,24.20655895369413,51.87891066842387,97.21214398590533,507.6092613702679,69.50804086445989,293.126261189708,95.60323947152689,3.083370860268216,3,0
470.62314628722277,3.7812432477520774,189.81812389376861,140.02431122995333,802.7815061882894,117.83207968312071,23.3685952136159,52.20025330346787,92.63914077904967,498.1982586266756,75.14141235552471,278.97409038515394,106.61961837080766,2.1113737495331315,9,1
440.310537313132,3.990519918358256,209.7071981510638,137.1638613007274,890.8396618331186,114.64754296059604,24.520173555103497,40.19577429265904,94.34944719101355,600.7580082755285,71.47264162504615,292.3148797418529,100.87294138763005,2.5200775963423485,7,1
438.0121199002462,3.8935080347817985,183.01790298019552,132.21117601219717,867.3839042756312,117.86703424367921,23.34795746002971,50.19369304595853,98.7909663027519,505.0695373596349,73.22806073134271,283.15816467292535,96.66155858592627,1.8959389775158662,7,1
442.7588471672695,3.17235752197138,206.1133113728519,152.74371845430383,845.4381739062179,140.36042832840113,24.609413401585716,52.074374495445525,86.03497860951418,484.836814020509,66.53716802596458,279.99058442664256,94.21849283912591,1.6691626170390137,5,1
435.7000708761193,3.423897176737286,185.37490862374085,122.19401638171315,839.7843510061193,115.83100363880611,25.049322785858145,49.581450714304886,96.34743727761983,504.0452714144604,60.41322495596628,256.6921625549925,93.66556315600516,2.131424602567897,5,1
451.8400547399219,3.396450588365061,182.04681229449892,156.93231144089515,834.9725045303271,109.58994781716213,22.30620731985983,51.790244194282856,99.30418642365629,540.7982017004132,73.10956850104228,292.66775141214333,109.05777359626165,2.6477580353805736,6,1
474.37017687704343,3.646776360522898,187.25025130349977,148.3621035824917,857.9377417254935,125.83433569155966,26.89203958629364,43.29138878321843,104.08066078030782,498.0148644249014,75.5046396083309,307.0733146153016,99.13244077902442,1.9554637822728038,5,0
454.84618909674043,3.70590606650436,192.49185107032076,167.01959549731586,777.1685607139048,118.56475330577044,23.88871685659099,46.120678472198705,81.15375771152237,527.3891343454499,68.87719016163759,267.5428752840584,98.00239454910876,2.2233890918905965,3,1
446.21469746810567,3.248332197792279,199.02340328132593,139.92124034302515,732.2456967112497,105.84766069133528,22.47434694914397,55.17469081581966,93.26812851990215,515.8418385760887,74.43878291896756,273.6498074919644,98.93378092734149,2.1287802157261964,4,1
445.62283096626686,3.520351554175081,204.7091159022223,146.95022571873739,803.4501750368531,142.31496335202468,23.945177715154397,50.00285832822888,82.30808640750828,488.3833769262942,68.32393603411542,271.5581401653536,96.84895106931589,1.950999538870094,4,1
426.55213786955017,2.8940218003531593,126.23269417143112,166.83304999940054,759.1209206611154,116.47521054413352,25.72677446986086,51.69939490657454,81.96862385838801,504.4350319552781,69.54650419340764,258.39966098861396,99.46494753460712,1.9765877672943821,5,0
463.2466466572074,3.932583501740567,183.84698884506471,170.74703470167228,747.2489622311408,116.22130546038649,25.24911459943991,47.267394196457104,92.87222217924784,563.956884567683,78.76214394193636,271.332236890822,100.17464201802484,1.5007626856398792,6,1
448.832442044808,3.346287727796992,192.16860045287922,139.7977145137227,763.9860711706034,121.59835351908097,26.266354344713385,50.09747011638428,90.61964651836911,509.72313180151855,68.54239973146785,294.0643071352212,100.07501766071094,1.9944557332483768,1,1
447.2928012961406,3.5167591819533492,230.1012407721666,152.7267184888074,924.2656962266843,137.3011676920884,27.695038375226588,38.489939099324005,99.16001182817588,460.5591590331572,68.24715303723303,259.73826581865484,93.68701100661772,2.3266469816971656,5,1
497.8966135176729,3.4071050858035816,178.39994783235736,154.41628466526072,806.8062317037923,103.20254673481004,28.9148206120241,54.23005969210383,87.23058840324633,487.21958291468496,60.65010238396343,295.8737259760549,104.46215490024096,2.1478560590718496,7,1
454.4812936254853,3.8438082725040243,203.25593236199825,155.60480108431722,818.0953918180494,122.7598584942054,25.85645848806416,59.03966419476235,88.92758851042392,415.43011001068777,73.45036579990496,278.89599622618755,97.23520283429717,2.092090263818227,4,1
438.72313424857225,2.648748067580786,229.90060619471674,146.06136511026565,738.8818596497873,140.87272161793626,21.79179283829351,44.6749122539268,91.69203409870548,505.4959482701152,66.45079317272847,272.13053823539116,96.70668326394593,2.362505723110431,8,1
443.60463605691683,3.4950168973022273,173.74062940105455,169.22075097185453,707.8123520603685,121.28728680739648,24.192667592409098,45.29833906245216,83.10536918850835,552.4824937513125,70.73612505506347,311.316264491194,96.48086991733729,2.097467455175942,4,1
467.22668563795133,3.4682543727506907,207.87950451728804,121.65444774567682,759.0473678440597,107.64666020696521,21.987044846850974,52.20439949118741,84.21544123987255,446.34376927464587,68.42480456283641,280.79623184058295,94.73764153434452,2.00695796942591,7,1
451.69905615806647,3.363909083722495,183.9545633213096,143.68304647798374,871.9097792604374,113.81603147039347,30.090562221136846,57.36939645253373,98.92878932618042,505.98930938032197,67.77103642254029,285.8995840179705,101.33898832643656,2.367580203480516,1,1
428.4258303252395,4.01786796369069,189.9073251542153,156.7189609915942,816.7137733038261,122.06882529756791,30.962202647581492,49.98951341308528,85.60835966975112,539.4172722347714,69.41135255069179,338.9402043000065,104.4749098617,2.068299809174484,4,0
463.78843401862804,3.2338011623432688,183.9377833209337,156.85837217924015,829.9297545722196,133.30803915639862,26.95093359248903,43.85340989593748,99.45981253159748,543.6455453278594,69.79573830220296,272.39833098774085,96.38505390683093,1.881702352928779,5,1
439.9778387169151,3.731538853170698,185.3628538316823,170.29138545922143,836.9283019601031,116.60664155583939,27.575376527917093,48.95691381681063,94.85850064534635,551.1920468910332,75.88039529817613,346.9762364277709,90.78437107309114,2.2341351275734675,5,1
478.0994666432632,3.606875836611825,254.43824295812988,167.97338089801931,770.4325310100861,128.2665179743243,25.752829579709978,44.85033959844104,77.61975179608852,425.26984674617984,77.60105928346289,289.5662661284202,94.86442701195789,1.9823907972163892,6,1
466.2007209857197,3.8784557757606546,216.8891174414333,145.71687562039165,869.3982791986684,105.6463117295311,26.098167746382373,46.655768535656115,94.2430295347023,520.1972381844724,73.25357551220795,265.91596101384107,97.75857025352974,1.8592432714063987,5,1
443.2901715651187,3.2998432745667485,222.0347572357242,169.49806865295906,768.3596200388909,105.56281630404945,20.207637345012632,48.47979450423342,94.17983858475301,439.7773925962158,76.35777956735429,283.3815497681395,93.84282344284374,2.077711112600372,2,1
469.2152454260267,3.2801093302628725,209.83986973672992,139.28937384333818,870.3116179631277,115.1719931131505,24.778202904229268,45.353377058791864,93.38342886809028,460.0667145371011,74.27073735373358,302.06324719867115,97.00634155498965,2.083545422960366,5,1
451.0178326579111,3.8288209722432196,167.87486423196083,163.96331074187756,822.115107806767,134.38028721873263,22.35654081296122,46.110471379127176,88.86498618893592,532.8448903843403,72.4730705096791,337.6351157952214,97.24236587859633,1.4481876380325076,6,1
462.7916051268333,3.6275963924990333,207.89915940646614,177.1578371763149,710.5477422876838,120.6887463951377,25.84406961261511,50.37267000111122,82.47946035686519,506.32188487406466,77.27571467646722,323.9647442568984,99.92254988941536,2.1666152336500617,6,1
457.27099225941714,3.0365187959969724,221.45859229014692,168.22416160282455,762.5995256699732,122.8981119556662,24.8211704638344,51.07517906068615,100.76970212890096,529.0534429695749,63.45762684537338,301.91720549507124,92.72522766873854,2.923256424542585,4,1
437.3046501751369,3.3382084956610187,182.93201051921778,151.58655575286184,710.7530733563948,122.78079595573527,30.84046588703834,42.880098330895166,89.18736329021732,462.83533580793204,66.57768899375381,337.7986794446737,102.90056686496153,1.5101944040957478,3,1
440.34675251523805,3.6159147961544185,219.30653334322253,145.02331842341817,858.1641066397104,131.0920798258673,27.749883066168525,51.98190861254669,82.93275071731705,558.944124406515,65.89549236571953,243.56888856397543,108.30469409349895,1.748712138180756,4,1
465.4494122637174,3.751329266463977,214.08672419708157,127.0711305561107,798.7632289598799,113.89779307462146,25.853535947564936,48.09033068434301,93.65974948870407,527.533357353642,68.4930604168027,307.4832459017956,107.14558602740051,3.390013111619474,6,1
444.9783700184019,3.2962308040421133,237.0408008962734,154.65809456871307,688.582878002511,126.88285108488232,24.199180938581122,53.60130761776304,84.05776023413394,535.5719247717384,73.42950179042147,309.298191798768,97.07977926350871,1.5889336558392348,3,1
443.94527305137007,2.6257232030549176,191.64433974972764,133.2717415804362,818.7873440859829,111.6911733614487,30.02806437627979,53.9024876034393,82.40731177371903,456.79332895539454,64.42448273906626,309.6642740273695,103.34327580579179,2.6431950385815,5,0
435.67316130975973,3.65696695572111,178.04778035448547,138.10298004579096,773.141786880584,139.8327265592076,24.91013606162041,47.277294095224754,86.9962191023805,546.8560496085047,72.51399598405553,251.69546502033873,102.75126902951006,1.8856469221546333,2,1
456.3539859839019,3.1339037930168074,192.76743781254908,132.13881298894992,725.8097072483338,111.9960889570331,25.99502188490583,53.070738470188665,84.6768178854554,487.3535369343839,67.06469540797882,269.4926279496458,99.78237418535385,2.0300699961548614,7,1
480.93787378864715,2.8947983605632768,228.71141986327245,143.09411501015018,883.8982918484348,111.17610696921379,25.126748813280503,45.81521980150585,82.7020619841234,475.55094919418434,68.26467973406528,295.0057673352682,100.88502820587561,1.9344160964732529,4,1
433.98700628618593,2.6503022225047577,163.43188238316074,149.58045878269527,805.364293304829,125.49669813488049,23.78753828287803,56.61881031417645,96.45129409809407,525.0185416018264,71.00207831716928,333.44374514884436,103.41521898429522,2.212850310740333,6,1
450.36329185009134,3.744194258059322,158.63248569137937,154.10421871748557,785.3284298843344,120.79788431432324,25.10951866715656,46.004318995717675,89.08937748430081,523.3284709915175,78.4062406953075,357.45793487152986,104.4168790218672,1.2101234117505122,7,1
471.18330833123144,3.53858523512149,201.78790557863226,140.99240046879055,780.0287609506992,123.26852406260934,19.114099447965053,51.76374804312756,100.01823956412714,466.1272460897065,66.43826473872936,280.0669424524973,95.94163868299137,2.0931302286990956,2,1
448.8053791313143,3.4323030857863244,191.14821414451688,166.03925559592776,724.3360265421114,122.27313795492319,20.35688079627644,49.0619542767786,83.16392417816051,582.2520404077009,69.59953303253282,260.70459624086715,103.73845694991341,1.798319075317718,2,1
456.78557694374604,3.9167073088888285,200.1545578635137,146.87692113015052,734.7725550207945,109.09607801192561,26.04889162500888,44.915527428812,76.17951169890931,572.5740230555909,64.60887387201473,324.47284309275364,108.33231261742722,1.0684630525280019,6,0
434.0640970777968,3.6911974049069216,218.9062354247173,138.18416350101722,864.2458392437542,136.13358929079484,29.704599071582457,54.504578808926546,91.19016279399533,524.2014056324708,66.3902614182764,378.4311003390265,104.4109082100877,2.560444513844611,4,1
456.42460645811474,3.984890012816575,188.94861307762295,153.39438400865154,776.3058565107141,128.9354220588911,26.044663312432505,46.92934095566604,104.84783137445132,517.2161369092676,64.56329282537763,333.2082189990355,107.6823145764493,0.9462486166691011,6,1
447.19283602493175,3.082179358349901,162.5398833813876,179.45329250315723,801.1033850468432,133.58949951267115,22.838893435310037,41.49963917510847,94.24789463489601,513.1914490504118,71.22392543983285,277.54101828017923,87.08240321577483,3.0742231151963555,1,0
464.78594993519795,3.489634812813811,240.88963114399888,155.02740849802677,697.7834761899462,114.71669110889576,20.671438737797992,35.58993318415985,115.72299356970265,438.00013495925316,72.1265438474439,385.8341787965163,102.97854531314047,2.308476592577104,2,1
467.81079077347124,3.0149859875155958,180.05543425122448,144.55716558939588,734.0953982102247,124.16523544715172,27.353581781426914,45.62477652786015,92.6564729675927,504.5122955168585,73.43524673361914,320.6039886140674,101.32125634954103,1.3195021056111416,7,1
488.8434546302792,3.4311853004433597,178.81925755975806,127.08807965821944,830.4906259937377,121.97368462234691,23.298414546954696,56.879542096494866,91.88441769030473,503.98166327582993,66.23175144546829,276.2696035922492,105.13542348611783,2.6690468240086025,5,0
458.6944975982036,3.4254152438699967,222.07440027445193,146.70881518541896,818.8855880056917,131.28002626201507,26.92970625565768,56.2886923375183,72.75709863153666,476.95953255046476,72.53971539272513,358.0290649901313,94.371869212108,1.6248102661541184,6,1
454.8869447487325,3.6879840911789215,192.31021757916963,153.52392187632174,887.6687599362158,131.60248131829619,26.169595474197152,46.407007988262336,93.42357952470823,487.6260331199366,70.56550039124009,273.9002456580348,97.46929454114141,1.6475880585599167,7,1
452.91576452366,3.5136691643425695,198.73220295930378,144.18628663116644,867.1478165815613,121.93050802958115,26.43490117676407,48.1277254264931,91.34934208015433,404.7483042113811,69.71123751374336,281.3673444401417,104.50268366490324,1.0995148436153717,6,1
444.70250560783967,3.6870221414839746,209.65580248120636,125.01923042638501,788.4644513757588,104.82048868156748,25.100805122060667,47.67543462221988,86.74063041436371,456.10908279500035,63.792885862461446,321.7986246702337,94.70165721271084,1.5680185500534636,4,1
455.0772576519254,3.711032039941668,221.6716620621999,137.2415191574485,823.6476782356635,137.7966188708769,26.150933154908923,43.33283927275215,88.90576906352744,536.8730516602916,70.76626749659057,299.25284046332234,101.2115712872569,1.6269156140507697,7,1
445.56897884791454,4.146478603214943,193.33078613636457,171.81807691331636,784.1698278548463,125.55987433690139,24.641636796230994,45.25584064188328,89.45519540526257,569.2478760655745,70.92478309955582,301.110213960143,99.91530708547225,2.4090730428126044,3,1
452.5269146440442,3.4054110034141627,230.399040118286,171.5100150559569,902.7404909319324,113.91562958608858,23.09408039689539,54.90574759700392,88.56056677654348,462.26477258816914,70.50864222271117,301.1607450492839,99.02034666566993,2.5835969330646287,4,1
469.7639630341194,3.2176931898000865,157.2840030253039,136.70041246193102,857.45073480262,124.06542138266695,22.109502818451844,52.519439356897,106.71771970500768,507.31394619903756,72.00025378638605,333.43439777610484,102.86349321048445,1.3796056106778782,7,1
434.90186152080537,3.5738250845949224,215.19574473906155,160.09135180799132,808.4842545428876,104.88906451547477,17.844973606087066,51.36544429264944,87.03310377755993,543.9352931758926,73.47297829534715,230.2682808086513,94.42249606310317,2.1352699846789394,3,1
467.0981784169357,3.259315991858137,183.20944883964685,132.3214082284474,810.0197392438175,130.55353067471043,24.456671312786472,43.324266941695704,91.35450979083086,479.19139896420984,64.50988345521141,308.5354165765941,96.09941609184938,1.0798726733712476,5,1
469.75672601009796,3.944588230530961,227.44542633215983,171.0647442299243,872.2425143629904,105.28788255720846,29.55813454885586,50.50351607016989,86.76879133291034,527.0499270893846,68.91651956785824,291.2938986875845,99.3037560227652,2.137172387444346,4,1
448.2289720951338,3.41503458831643,202.8408895766109,153.67853771841354,828.9788923556923,117.79165507962918,27.190240277612794,38.48077515255989,96.26744949315105,498.6484121767936,72.57883800782122,277.42511902408154,93.99408817414543,3.08104009037046,4,1
418.17217651487107,3.330327089637803,186.54189335981198,164.244622479248,877.9314008535043,122.4445444960555,25.683127355427875,54.214013456302666,91.41410959977766,547.616079537014,68.65802589562499,277.34590746199996,106.15460901166522,1.1100937855979012,6,1
440.8826701935835,3.3586052836546645,213.25682186043264,124.27359979226192,690.3176036870564,130.38839711982092,22.797985017132547,51.29287450368571,87.76071541463615,448.7019704132551,74.79711778530923,220.8867099234234,96.00616431284979,1.4926667289165834,7,1
469.45491819841664,3.7155252270414922,217.86376694414503,160.16455652887333,823.0614130749399,121.06544676434375,27.992017677277232,43.27383773950085,74.59225643274254,455.8169348492939,70.45089248346282,276.0474568919642,103.93164800020448,2.363637607286811,11,0
449.6569790655168,3.452675905030554,212.83788245717275,149.88488904473246,774.2282567659307,126.3496287361255,24.642072064590927,58.082127787450204,91.94646580231,511.18156675771246,60.225386794382246,338.71388174818014,95.62248346526343,2.4225972374850806,5,1
435.01046651557635,3.3074999539608854,179.4060752073388,162.77893606186265,887.8188993813997,119.71833091550447,29.724802941367177,41.01917670415709,87.523389811362,503.84824399601746,74.19714459598848,324.9616463408262,103.52098603071376,1.5294416274629974,8,1
442.42837618157677,3.999605575287059,190.3196575275583,163.72301697146776,877.3199343594914,119.67814049055717,22.056738210115956,52.65153091124801,89.51407474490318,497.7470441402668,69.41448386572335,294.2585471281652,91.95575662776552,2.736790867679048,8,1
462.6093003975683,3.243149047801475,199.9185432575713,150.98677034212125,801.6417904550653,120.85477250348298,22.750091416082032,52.77585884489331,80.54033642203733,523.0333664081793,61.15144583437357,257.6623283447803,107.04307700522254,1.5922107837636634,4,1
458.2010035230207,3.510669822209898,199.17480694699879,140.98755541356127,876.7815489405516,118.10942079147625,22.458190167341115,43.8016478032376,101.46625738176157,462.7740174176906,68.73855069856602,324.65609316777386,105.67566502553316,2.8367338038014993,2,1
446.41601851245457,3.695691845483069,214.99490950876697,161.6954427326924,889.1557259996252,103.13429756918565,20.55364488869796,49.810746545949414,96.85394540675098,445.2225755351429,63.65817810692693,339.29545234981254,97.23708245938724,2.234325844020462,5,1
444.4976338227797,3.010599466874878,159.70197534986784,149.09768250892307,803.7203335963073,112.31676506303371,22.188865944424712,41.815860789235686,101.44564798112505,479.995675678851,73.76565642797077,331.0258401239299,95.87179683961433,2.6356075260185152,5,1
444.1236277643427,3.6440781504217776,206.68654109107007,136.90822569708536,923.5966886215929,122.44774841111699,25.309648779297753,35.76812841836593,99.17583440624763,484.46885765207605,69.82079509926918,270.9382333504089,102.2890125625006,2.185414063132731,3,1
436.16384723252247,3.1834676973558653,194.2003729112672,136.19771652813472,798.4329423665139,117.50878996511281,22.863396925448118,44.660618865341704,94.7385384170197,488.65011275768353,65.38127317599117,274.0536395741194,92.36946889098125,2.328482052177165,9,0
474.23063534204164,3.7468348342502007,183.22998767232096,127.84253375531428,789.2739524832045,118.44190917818094,13.43087401227821,46.916875288690015,80.86173993018846,550.7618284541551,74.0542402848143,349.6773377653264,100.17376043397125,2.3550662632896184,2,0
445.1651929618299,3.211204696424307,185.150264444608,142.34563260655406,843.2936294292172,116.76646330561285,28.222819892260365,53.221280904053955,104.74709731257487,530.8166898719684,72.29262832998124,263.7218687550912,95.9620578254108,2.572393271316697,9,0
468.25737781238246,3.707830709554658,195.70924670964072,166.54038069111567,782.3104634428843,111.36401607268182,19.947718811957785,50.337040425304096,82.57891879289991,521.3295947662172,68.82117631487321,314.3464009654671,98.72844942361013,1.9835860999212842,5,0
472.8197407788368,3.8317499198884137,127.97829791080964,152.6674469955815,804.2669887897447,115.06900539023707,26.76768485465991,50.46772729693073,87.8527390074003,508.87998378517244,63.772012802318194,246.66791558780417,96.78075614463165,1.5500480824572758,2,1
464.9746634722194,3.7584309576898414,185.974208584169,142.0534844111544,870.4717212025455,116.93168255611405,25.093643769008693,44.92789188358208,95.65521824501536,482.6324617713778,65.78763103231704,290.9905389787825,96.0081568355311,1.9605304364985017,12,1
443.52569530922926,3.5753949944714307,182.48370350707413,162.07283907270119,800.9609426108635,120.0514314054185,31.352118449261027,47.34994347979307,96.05232629749923,465.8421937286622,65.7127104514698,317.5545120220307,108.52397078812294,1.6662560843795333,7,1
456.05595135504916,3.43060971712109,210.6556641864525,137.51285067414918,715.2491103512347,123.93378344469713,27.99087244456786,45.35036695065419,94.57789381555646,452.11370317231916,73.73248601632194,299.10102128573664,103.90271741668487,1.6989639460812176,3,1
449.63706590413625,3.327074127099547,183.8894663497896,151.43025411499167,818.3659693924599,118.19449709114261,23.48618621354508,43.875129964850956,86.79769214936728,472.219725981173,61.595513571778866,315.7173996316532,92.60068508913928,2.827388619900204,4,1
436.4444720890481,3.941310407245131,195.6977239965902,147.30554440911726,765.1853210473803,109.7034474430758,22.893809312934064,47.031502865063715,85.1445469811562,498.28312046556044,69.76382591718459,263.2138477303876,95.62093297616296,2.311363945378173,0,1
454.86538922582406,3.290151433949707,230.84553255322604,161.6869593838253,843.2635578647273,106.01917960081217,29.508183042397857,50.37256192548167,110.2762605488491,453.80063199269335,68.74857804613957,275.39994106513035,104.28724514667456,2.2883687411164573,2,1
432.31440313260293,3.188880177929001,219.88703039630846,126.34157443620748,834.8094857913122,145.97437207375225,20.572386708695767,47.136807402878986,89.68548849200133,506.78079030946435,75.17769508887709,314.45455135496604,104.84343421902254,2.536321771210563,7,1
467.81519082692347,3.699610680509849,218.04542799886906,137.24703381278016,873.5700174083261,108.70184969735436,25.572639807756126,48.38248665287514,88.70582892288931,492.2224749105742,71.1636827883766,320.9066442615713,93.07458652173577,2.308755246382697,3,1
443.0307405405241,3.2611589590440513,190.00255139178296,125.42631511358199,845.3766150396349,114.81374998735618,24.606638610250982,53.47457405455695,84.29154807248997,484.1080635382719,72.67605142571834,306.5943855918859,103.49302424345652,2.9335387474168875,6,1
453.01739483809257,3.214980950760162,210.86064558579304,146.10604917286096,854.5122141829032,125.17000302513935,23.970321793885972,47.49622790654648,91.95736279256766,546.4613160484655,67.37319998134991,328.4117322497494,101.32514558066511,0.9526778358436079,5,1
454.2493180731921,3.0669187213490705,195.3220439909281,168.17141255448647,766.5451619931143,123.60860609565681,26.060541953345275,43.330166845060546,91.58418240462457,401.57525511109077,63.84500906247369,250.2837618428617,90.29165017467199,1.5012036941016111,4,0
446.11642539443886,3.3551270481618447,196.07813578646125,142.41829185519708,840.1993247945252,125.20865692561573,25.568679581526027,52.8172676080062,89.87019033036563,484.6508181886028,68.37262012061754,286.0140614895942,97.98401140803345,1.6496640759134145,3,1
458.8004070221291,3.475185492831052,208.193706874931,142.33974092706524,898.4225644680146,115.57282930467825,26.372202228375233,51.329248242541425,93.05381317430309,405.9025021748209,73.88581192963215,354.6805131967855,99.31918341824749,1.3121417612645514,5,1
442.8764451506621,3.5729275182982096,188.06012823158136,163.07586636276204,765.5675045681617,122.38558070639547,25.416926957089853,51.64329749086157,104.10830001953883,509.5425069171777,73.87445315575884,338.5040648698116,100.24245902683674,2.056461385660646,3,1
463.0694594618587,3.785391873289845,229.86006208886408,166.0282433768295,889.9869145863549,120.61343664240863,26.253044215051744,53.12919328767855,85.23957834967281,530.4872633279571,67.84706214442151,319.0091449502263,93.39708606339988,2.079966347714983,6,1
429.8103047962988,3.658069377099738,196.79739720804125,148.67143399096815,772.5324954399334,116.87868632458712,25.280095578794786,52.28320763653973,90.34466993761696,445.95575183144797,65.69628097675721,295.3389907993349,96.18492247907646,2.9876681193094394,3,0
451.89569369319616,3.442738334134046,212.3672113251933,160.2707228107484,757.4014377475013,122.4540974177134,23.021719338351055,50.14364346235652,84.81721237959556,451.07769664434437,64.71660437546407,331.0444688504991,96.88528130675793,2.451894570926353,2,1
479.0839349858743,3.4405412970860842,229.11200958514596,133.8456818868308,814.8100221677419,130.55365546750707,25.012003780709787,61.957263314260466,92.35758688660502,432.06800673158176,69.31686698636719,312.8742455898482,97.32162141670125,1.746236784255962,1,1
434.9950301309164,3.653047240674555,220.6330754915035,170.6696150088812,835.7955208064404,119.77799776564676,22.85684032088794,43.575156268490225,85.45224398900464,502.54567970852673,70.68275585859666,254.47678906178314,97.40501276373593,2.2471797402487073,4,1
439.83382544212725,3.881771048878571,171.82161794618952,182.23059440905575,845.5875061986133,119.84452846356426,22.658870185807448,47.06791360755721,85.79645606852648,486.3684689518389,77.3659575648788,329.8728734116839,99.33683544542758,1.0865099397856781,3,1
457.7086177448837,3.53789425984496,208.89791790019768,157.81823686783088,751.9118789613399,130.68161034875985,23.991549991846746,54.83667182339084,78.32381300755499,488.85381078433625,70.61665378809437,274.018697570333,101.54818307555209,2.0711276132480343,4,1
452.69372672909395,3.3592607437368773,217.01438788921294,118.735025679858,821.7270048627145,129.61360359818812,24.64173051779247,50.71293146047787,90.7823582625574,485.28113442056474,73.06882996903569,322.79064750054533,108.8711286225729,2.0443936573059864,3,1
455.2594514891034,3.2021401996743366,217.83726044321497,141.62654606403322,765.7222714258247,135.83936440963484,25.10567591904343,53.789615170056194,93.43815697523982,461.05603742528245,66.0976600604789,251.52081633767102,104.35444376773283,1.548951301317516,6,1
457.337806952215,3.066438420676332,177.73410331770737,159.1923798250398,725.5538871964711,102.43769765520423,27.74913648208999,50.848782147684354,104.88381082553836,545.2749609558415,70.20850502464562,347.97057996300623,106.58431694754877,1.8994013156355227,4,1
459.52082202842655,3.699880901613057,186.85929525965352,143.67775504250457,753.5631842233607,129.0511918316939,23.50460775237747,56.870282755799906,93.75601984951876,510.8936272052651,70.70039227768433,291.7531086359364,97.59622157488158,1.6537312553617416,6,1
466.64549762934337,3.673393557091867,219.89116471483243,169.08297831375145,762.4549817022091,126.01580045402179,25.590555779424463,44.962445721833774,86.40252701362144,452.6134585288958,69.2973473607781,266.71991003336467,94.98038424878536,1.533727340888869,5,1
456.14727985392767,3.6732090575319987,184.76479258634708,158.822358966538,826.0797580176254,111.14347602246735,25.354083141831456,56.71229944703355,79.12256729851129,471.97812736669994,69.89090601565037,279.34484300787676,104.00712637773665,2.3372495702639378,4,1
446.38113518072186,3.4614021660943832,194.00607886671372,139.40286748851304,857.6106831534335,122.51587917998845,23.174115137601806,55.85498246602133,80.22970395467617,465.11724902130095,70.63109233810053,289.89452708058883,99.9189453005762,2.516955596907502,6,1
460.088605518041,3.9220804237675253,231.51751619003937,150.4839721615688,726.3396685062366,130.51121747757998,25.221222358619634,43.9485544288481,79.63497328422422,556.2371161389225,72.40518406547157,299.82690850718194,103.65158900064769,2.2549977704907396,8,1
478.4982290234282,3.3547644516245545,199.0440149923042,136.59250169041366,817.5980537104028,111.708410775146,28.00816424553194,53.15332704943837,105.02433628359505,528.4487709073146,75.8455902170688,339.54436909018995,95.58849887707478,1.7809476652902083,4,1
448.0104938042614,3.7865807711621615,185.46451724332314,147.26122682381336,741.1650907114547,124.42562429022807,25.5595186506502,49.78480033881705,92.30248397541096,494.94042172309787,58.67226104180145,302.1042784943222,103.24288549383822,1.6687232017006575,7,1
435.3820604299404,3.488377131503137,182.4476528627419,141.6811013935117,831.4542704507,128.71353675731018,25.679751787081923,46.96708990440468,85.33627024590486,568.2888473981544,75.56868757069344,234.87249606832438,99.12375256795055,1.7965000086567842,7,1
466.6062100393046,3.317494770596199,206.65438659170377,167.62142700349557,768.8634709498126,109.28980437468512,22.884015007171996,40.5569040514114,82.32112315877389,558.0817438079673,61.44595941841011,263.1078446349327,97.69549507765865,1.8899960529056539,3,1
448.194282540696,3.6777590921953283,173.3370398304558,181.74018085246493,747.433549098836,118.57714307554852,30.906576553614627,44.94593164441341,83.15113727684863,490.7715642343292,71.54381410518376,382.726043772483,98.16622117174994,1.563954870904105,8,0
417.40995680978943,3.6228908356051983,195.05328072207163,128.5321750014637,839.9832257673787,123.00968376642412,23.054930889032498,53.540560700922946,85.12560484394898,483.5773871150476,81.77814484544237,304.06166386988775,102.45216708623938,2.5269119935880107,4,1
462.71132515725634,3.607091827780078,206.66461069980045,121.15175570685372,770.6538697277452,112.03868494457045,19.996649618357566,54.069206346302785,100.53004173004122,485.5054417641061,69.7872985578711,328.5237034203145,103.87070658172195,1.8988631343047913,3,1
441.97007721069116,3.5243835266168597,225.98299641095335,146.3224136722292,784.2018024323651,111.20846800906455,27.58055236065423,48.94644759711914,89.760452423538,461.89013616124276,70.90009569707321,290.7496158151848,98.16792921139572,2.382440424989203,6,1
448.6420007654376,3.4886320754849507,213.3509616073999,127.22376451756976,689.0005456221812,118.64955398137226,24.65554888105472,54.08492571571642,78.42026866180841,569.3589779386865,68.44870143039766,269.8616605737941,101.72154914211664,1.3000395787972057,6,1
454.9797049585352,4.216511597861132,185.71869764035642,150.69317405506376,847.3275680711737,128.0163971690369,24.090874537158776,54.72630038947069,108.48367419784297,459.7434998776449,73.33631173632469,285.5615333285459,101.70408197166589,1.6558297543360054,6,1
452.857495196686,3.855276993558852,223.5683863512744,161.2340417070889,841.0454260584554,126.4373400119211,23.363338658765418,50.77319979313174,80.87871088507282,534.7321726170976,71.81104276319871,303.84978252175205,103.69168430015813,2.4296966985762842,4,1
460.6417772570856,3.7168480684956537,194.00969924905044,172.41212845900236,800.2728922140657,111.38587270813657,30.615143872947513,46.38833188074898,85.27331752060906,527.6217252363532,66.61976377610465,286.192909883188,104.93457596641576,2.4367729882086806,6,1
443.4677044414523,3.5335397474610164,175.2859395590118,153.02091838072923,723.620952932212,126.52167885115686,26.063770835814047,52.205270564078226,100.48115510107105,487.80536087105736,69.42823472407589,357.55403299589295,109.05610693636356,1.398735027595578,7,1
457.6965869726412,3.802147160179001,196.55917281469056,147.1026716272563,860.4684589167382,111.64060223833492,26.649253664935255,52.43492353829431,93.32119706087254,572.401804146578,64.40781748111394,281.51241617320125,97.67414806738493,2.151534437998723,4,1
446.10679983624124,3.6553984329174356,228.76338402291404,120.32422625140373,766.6868306819605,103.89830202006566,25.4878468707468,53.36972195175155,86.24061600300632,437.63614715673884,69.40529289383842,268.3549316924922,107.30004949830092,2.164657139275906,4,1
461.08215721331254,3.5078614258322105,203.3048010012985,150.392777237787,777.3323274949706,116.32856428952769,25.81014884033559,54.3270163500112,80.14906459124933,496.81234796084436,67.90313906541631,324.26408279106954,100.5853718753067,1.6458933106484424,6,1
459.2305122601958,3.4089307024202253,200.25043728659574,151.06930890824194,915.6022028179766,131.22969371585737,29.19587383167824,43.189177140393895,82.26647912859978,480.4383934023798,70.68270475795359,327.9600751153484,94.5259939729415,2.1784989965147754,8,1
435.9684194693311,3.4757247987011937,232.74423289405706,159.58435221319118,764.8181777945385,126.55960552141373,24.247436016316914,47.45035377317129,82.74803104738827,538.4237260108341,66.4504305142903,300.89931364615455,96.74757756976364,1.2097741501543997,5,1
466.28973174262546,2.5488722792365834,171.37290305891145,139.37267847706363,837.110498121325,119.98428192626805,20.62918736343781,40.5068932715609,90.0562543827964,514.1426345750067,68.927841549569,281.9356913237782,102.32980060108108,1.536554073514683,3,1
441.9605483232893,3.5631802517892925,174.28801771894456,143.4742109964621,828.1046131041309,115.83294516408942,27.60416396268333,53.734980191776735,91.52849453825043,430.9081928533403,70.04386387594072,242.9802355748095,103.61880355962737,2.299478972828079,2,1
462.12086697421717,3.3534571759668923,167.68307058066335,127.82996617043723,819.5086096440043,116.10237863883569,26.490104836727177,48.93844276009792,88.81076297094926,549.5791777498581,70.39208848978329,336.6216456733233,94.91866071636085,2.0147501293501446,1,1
455.50930970102013,3.9778009994848653,207.4529637296011,115.63060789673902,814.1000271277255,121.08784905860796,25.323939438655128,52.15407035348707,89.68628948860537,519.4184689169828,71.37141857852922,326.0568272976513,96.18057871690885,2.0407101637926592,7,1
477.57275515192686,3.5058032212435264,203.3298625423025,133.37254363804826,818.8194280944599,109.31562514154172,26.41225972464336,42.62160625904921,81.59421443844543,458.5803255214828,69.12916167359506,286.80335040752715,97.33441671570543,1.9124586576071874,7,1
446.6480102644222,3.1433109741395113,230.8547273455955,126.44511278620476,813.597029547027,116.51892654798702,23.887767339117477,57.00490424846525,92.34508884979111,486.0128358085443,66.06653170534152,301.7871743528918,95.68315989050969,2.268451290766208,7,1
444.76024805822703,3.4850359537615647,204.8695015427354,155.05068443130918,797.404082061197,117.84430538640231,25.06207774856278,44.028304176903625,100.24414909469597,448.0046034011167,70.41036636324789,293.19968452435165,90.59957504876257,2.292548446706507,3,0
449.70870591168404,3.1861636744812487,191.91685681041395,142.22798914999714,875.5641562055371,106.48925541548502,24.60489923842027,53.87281652191229,88.69766654600345,493.1664789753408,69.10571087202119,348.86190723859016,88.90343143518348,2.3957490563779897,4,1
445.4523032574859,3.64202222471374,200.03589745756213,141.92644304887816,734.366971960036,111.61551749102425,23.22553522878725,50.58975085446271,88.54170634856422,506.0047186943929,75.12322821053606,268.86245091137323,98.09096442250814,2.0628346001309215,5,1
461.99912852913076,3.5872842093018456,202.35414836921916,135.23380430737183,851.0729052007688,124.10506791486381,28.56751834931501,49.052786112369105,90.66400841642279,486.61411365464204,75.7537075045518,281.3981551794024,101.26039644813183,1.805794079784735,6,1
425.7553408734512,3.7873518893324802,166.56477453343666,101.5115185123135,841.1171149343776,120.09511839940994,20.7632241177466,48.64919946693913,98.94563887807513,481.98142000508585,63.13959782281489,278.4982128280806,103.27792803379326,1.7214917952401718,8,1
434.1947637128047,3.2627354624916305,254.20663288669786,172.62466123121325,834.91995606647,116.91238208806617,32.0826465154389,46.80968495341935,82.84221600449088,435.49038523795286,73.08577274208875,309.3048385932682,93.18832963012778,1.4715766709718543,10,1
433.9829561763121,3.510202428868444,210.39742036203822,134.99594215834819,855.8489713820064,110.88572562462036,27.632086627619426,56.47598088450384,101.60677868585708,513.4896584601283,74.08872080544954,301.6838836109182,93.27330441303651,1.7986050893157395,5,1
464.25461387960365,3.0904934613720094,204.20016616045177,143.8136989522514,795.3700302365803,135.76849825589215,19.666073395892948,50.06306417176121,93.3697779154819,423.0218161254819,63.2708435206793,306.0020449038845,97.36035698447822,1.6968078384785845,5,1
475.6592005887289,3.7104484345774145,212.3032796855716,128.17661752066033,706.5512962086561,111.62020785320682,24.32750101152721,43.653892348233896,90.22944556559094,501.24318072949046,72.89736409456357,273.581786233765,100.01671226444286,2.8007893771289165,5,1
448.4332617219379,3.6556613541320364,214.1882196117321,164.5789551516095,796.3853670142757,122.51592807261737,24.494362252289328,48.0801989898258,99.70591069331456,428.03376703870157,74.4797745888315,344.54690491231185,105.043908001984,1.4765312044094983,4,1
447.46767415214987,3.648741506308271,197.18893028995137,152.15143405555986,750.4402891187723,115.12130911926205,26.175659886826338,50.64169513601469,80.54350340898836,502.02019561945144,65.25176681060705,286.3786467833629,103.5886103459511,2.5186810587416986,3,1
451.0507824466977,3.5004857094070823,187.375177275186,137.60452072101197,763.4070395070968,120.36279292638335,22.031865187780838,54.489026407226625,94.17636428995766,499.7552398164901,68.81829188439481,335.6276984818958,98.16085914426469,1.8661310283375894,7,1
467.42817453912284,3.624431867236637,211.98901372643408,144.11655582983965,737.8790163083794,124.57609741940372,25.09607603010465,46.97690139741396,93.44247651605293,516.1337987071416,70.93159967910111,394.17341991844035,101.80077652308883,1.8967635229547455,6,1
436.0897029871414,3.981301732492579,207.71421681062904,175.17269883187305,776.1327570778083,106.29743410792113,24.63664180563206,47.31111722097726,82.51635948484966,534.4914286720638,72.85229030049639,273.7999183855687,95.78230380434914,2.2005940453056962,2,1
453.5755347410218,3.414471722887396,183.80219801821184,148.90545852178082,770.1688153008275,119.93383755846511,22.787144912279683,50.11716063573703,93.68510498363057,541.9035368900375,65.05780294776199,310.2715469961389,100.37172877824912,1.290731223938446,1,1
464.6279644467364,3.5415935551130255,228.38071222734527,147.2739969357614,681.1215085036449,131.90728648979845,22.369743305586304,54.36712409973663,92.26644143504389,435.5982960249628,75.78503348907806,296.0518908523224,99.68788353483228,1.6000124658599275,4,1
457.51641254909765,3.174162110245577,205.86704072645966,135.87927770791103,835.0110955641145,137.61501893492004,27.75641394010707,43.15622732201985,88.57009504248053,497.6717578746768,59.85325934967199,360.92644664768494,107.02151144913994,1.3794306100243574,11,1
452.8437242489812,3.2395217115205,214.59638724535262,121.58128274291545,911.0160929002441,118.69986026744868,19.91025237987222,52.526773154958725,96.90254044184266,580.4376353824022,76.61872774462749,291.580382175447,102.46777541912729,1.8098708485782284,3,1
465.0156913885071,3.529343987927992,227.83841775359838,147.59941989630983,830.3118596748144,120.4168120721691,26.433636808288153,47.67968734935672,85.42596598113869,504.7640227399083,72.7513373389496,307.4607443255426,96.14607476998648,1.5454024291100752,2,1
409.4515156050114,3.831180064010572,200.4377764232967,154.88227668486925,789.8538021732886,142.11333028601533,27.39253092063437,48.37783709125757,92.16256996674696,466.7460743879475,66.89114244428598,306.8060495853398,96.19722587093659,2.6585715886528964,4,1
460.1681297929636,3.423115752724528,206.3390401396823,166.49376696491504,797.2626802161892,131.34924281599197,24.344324984984752,60.007878725648744,88.94660974035745,496.81195494242655,74.3220292135354,296.9880369015648,98.334542335526,1.708328262999619,4,1
440.18886475308864,3.429225041206363,216.20054477012232,116.27255198250518,778.9507065993412,113.82715430744781,25.15711851917499,49.017653877242374,85.08242541593866,484.65336238743754,64.76100478198936,322.6642130360053,92.17766997778462,0.8107520798857721,9,0
422.54050654715314,3.3779344266486877,185.50277832399897,133.12355509465456,804.5020791933479,113.81016549113878,28.490484999092143,53.7734687515429,94.02307748095018,452.94167371471383,70.57468027196937,302.80189201365135,98.84989810926605,1.8327836047009791,3,1
457.6680389928747,3.339572998746703,201.08103325692002,141.28888364165326,798.1495952963384,129.56549461787267,22.88544546782783,53.59456918601674,88.33811402120679,534.7641675282803,71.19252436904297,314.4555521413524,99.28170395175819,2.403727710963391,2,1
470.6048781774444,3.5884914367126464,202.51097173302296,149.94778727140198,757.9475784800853,109.8896286995427,23.19504271333263,44.099880429507465,78.21594833032363,523.3741023310145,71.18067406979507,306.40808114570893,102.33263439483186,2.8151342257280922,6,0
447.9382722805846,3.0508227064464064,180.87882896633212,147.82449462707368,884.1444194473916,130.87726751338852,23.513548956702074,40.77302837388548,75.59147116225613,446.6196371155149,65.80141221442327,281.8638682286809,103.06062676074426,1.8852533898569803,5,1
464.29311820804406,3.884281873000018,246.35273577347758,148.17466971469096,725.6422882145115,123.34299963751009,28.495976797669844,54.104910462084554,96.31245974466562,496.26901664732395,67.51961413821212,291.9311382082437,100.4945820469402,1.7415499659817253,6,1
474.1841738698297,3.3003733105611617,171.85413113015196,156.12144087854918,835.9165771597123,125.17720764027072,28.87688124065412,44.582269037757406,80.23519914218535,477.3414540327151,70.63372433075408,316.6626855822888,91.85003656680219,1.9927740191997365,4,1
469.7237168037607,3.7165710456314422,174.03792192625684,136.45060333831336,794.9401186341235,117.43266196519947,20.812329296609143,41.67908522714487,92.23507594720485,435.93629941900133,66.3662812851671,316.5408090571004,93.89476734426133,2.2075280697675517,1,1
474.5994679405709,3.119000420781837,226.28453151407157,164.01212163350542,895.0415907532872,113.7017519575359,28.01872224193491,55.130811074220986,90.4396151490252,443.4072217009606,71.35726397138305,337.35027146435084,96.97447538200291,1.435557996396935,3,0
461.1319123660784,3.7006520391638653,214.26532501593084,156.5017866254922,817.043229962411,134.6199283086832,27.456724919041854,44.902866331122034,87.0517457842328,449.3616070479867,66.9293701588671,355.77732443516004,103.26145724317445,1.8777748192577577,5,1
451.1315045835239,3.7015833823443494,179.48070365038444,145.2025160380788,782.0047231408375,117.53262719446525,29.660784431349484,46.13741262157803,105.65334765772272,497.6628098622881,75.00000013038621,284.3679336827697,103.09261985537329,1.9752327181573952,7,1
425.97051282154246,3.615260621601769,212.14578030203387,174.0136198783337,787.6146400782751,115.89064923426139,26.15532409637914,59.87186577544648,91.43739214768357,481.68187999186574,77.81342475285467,304.0462247483892,98.75280863452616,2.022901627946364,9,0
446.3090626780508,3.201671443460062,229.3570088999462,173.3462405335765,801.9953347259881,119.1986293212019,24.86721963916427,41.70132319309214,96.04506786145652,461.63248151616347,68.5126791267137,294.1978257134458,111.79865204883436,1.9277285076506336,2,0
437.35130107025714,3.574864456879423,199.39473884806029,163.99343032790713,742.8604652501799,121.93022132717942,28.435650059714977,43.718569792965376,92.27852972271847,484.324678815162,74.60129380485053,266.7807708780337,107.80783792532846,1.5321089972520732,5,1
482.5641407624672,3.1450831445796834,251.97645800149164,104.72164844148311,761.6565237441044,109.69174873280551,27.096711374505297,47.7015092876304,88.14768461506016,529.9013988738191,68.938477292117,316.9366541641326,106.19959698925952,2.169371329218502,4,1
447.36171281351494,3.4241710234711444,165.5187637826393,173.68417639076964,710.7528015404071,114.35128505793088,31.73469524244618,48.79871580082789,89.84728999811247,514.2678438908822,65.31784401629328,323.33511492017567,103.50329077296317,1.977713616975897,3,1
451.8480721017673,3.808823930286598,213.87646907718204,161.921377837079,753.8511550812952,113.81967926093942,27.876123534885483,45.53127358941173,101.66834212528387,540.0747523048761,67.87141129722418,267.6902632144045,102.29270876920857,1.9764977249522355,4,1
458.272280640607,3.7390105781212224,223.33056672442007,180.09612956569404,804.6953240830225,128.45280304606848,25.460643929271747,44.20672451338542,98.70484234080344,490.86748541123006,70.42784870378107,288.7650198247404,101.92788018055536,1.4587359270553368,7,1
450.6540366955868,3.50455488276213,217.82687803210493,168.56196887600308,815.0087524642261,111.14037432000111,21.477686858871486,57.54997162215965,105.61589145350881,564.1022876272658,61.06521167786464,285.8373143271197,90.97485435818767,2.320093911245156,5,1
475.4257656064613,3.2075580272231474,195.91288546708702,173.6751401624593,701.0335152501799,102.44232142241947,23.257248468417643,51.314930620523576,91.77313674378307,513.9231953479397,73.12828380722748,254.74725890324495,94.74357821602646,1.526032355241124,3,1
440.66025957398324,3.693676313652258,194.191170359777,163.1798227527057,793.13941484779,100.32905437093845,20.692135065915952,52.925843721045936,82.98450347439402,480.44330306634436,70.43010424468181,298.9086800950463,98.88931606625701,2.808218950348697,6,1
452.91911182855864,3.5058143713094077,208.88290342174514,170.2303979796827,828.1704975411067,105.29619865324283,24.35481389181741,49.31387411720732,86.4758644451215,503.71807238761477,75.00271978734577,265.64274970684295,100.63936247705453,1.4103727150803542,2,1
438.86294121452926,2.8039053205308733,216.3150897330414,179.9118561110166,791.8543903311883,133.61538202848112,27.778202779698535,51.44727474429568,80.49777446561127,450.0769618964073,73.04068776885678,304.7698107376598,99.37771738578704,2.3811079717600894,6,1
430.1996623316894,3.7347889478949554,212.04946872564727,153.2483210756731,768.31056771111,120.16206599484052,24.988986734558452,54.664508305547955,96.13635303100222,487.7525945500892,70.59974158581944,308.0736457487937,101.361383906055,1.045908362727629,4,1
440.82346363642074,3.492730149839092,220.80115781586778,126.41654183882805,779.3919427475893,125.01249086807202,28.065175806280216,45.01850492727333,85.31266947138201,517.1989692090643,68.22082532325268,311.7906834991418,89.4834972512868,0.8708466389689877,4,1
449.4444480442738,3.8607353743949218,179.6226008586653,145.38808649977287,772.9618322511388,125.36487727121329,26.01272120031704,51.32417998258991,65.55745642944392,524.4667803239436,77.61430860851493,313.2396653318964,102.52832151409666,1.7226164528292882,6,1
443.5604666322411,3.1714188443471585,195.4445804175273,155.84918399075156,768.1634720445971,120.5618391839232,23.79072313073797,53.480211567039454,109.71020558663945,483.59351108675213,80.84936343418016,345.9282214979261,100.31068777905998,0.8701497135963099,2,1
439.61368530189213,2.5469888560412,181.19968135752492,151.12331376557336,808.6911762622424,119.25218703348692,25.262875465509893,57.7239867319213,85.43519089209347,609.3556171009054,68.30425297470094,275.74061577553226,99.06275020620848,2.364861575290381,4,0
428.9052380449225,3.5837251575035554,192.27774447827716,131.3015705076086,915.3844113867725,130.4452642981814,26.41629007316529,59.739454899008805,85.38727259611352,493.11169027378844,75.21146736851276,277.2455455194829,104.63656017263463,1.989098270444321,1,0
448.75341641056957,3.587469103004592,220.30441783628612,125.53398562207532,762.8150041547408,121.4599591431264,25.417670195390848,50.349298984908806,103.37289354128293,432.86423831427385,66.46625170517349,319.6549169152843,94.77233308315222,2.7005153140255764,7,1
427.429194389535,2.9927985117180644,202.15967841450458,138.88255997047756,784.0928683669287,133.99097479263415,25.452052686555742,55.69319474843567,80.33398839361988,548.53068768034,67.0615702315547,296.0405542405286,98.81552573686004,1.9164033009873667,4,0
461.40083945534406,3.206450136240018,252.1371832629954,162.11609333976227,797.4151030312385,126.20829945289866,22.69284967723988,36.64916033314226,99.09284709226533,524.2850921539871,68.0687752425075,333.7597982117483,101.42209205699244,2.1215751238333054,6,1
451.23659629401755,4.326565323115971,203.86812734379433,173.70509656234455,765.6322782820853,113.82203726518972,23.70107120427335,57.76141454688357,85.30046045260782,509.26755283821,73.42341343803174,316.8506637709813,95.7349434569518,1.8659027266254609,3,1
428.13672750802607,3.408316815753859,201.19383761159472,163.7485142066655,854.9117901761713,115.02865976130064,31.77538238846393,46.370581691395984,79.40963644322512,481.4031643563289,64.62543352830471,357.5433398487858,89.9832801095892,1.5630347280118413,11,0
445.36186384425207,3.719287692912865,202.12365838880433,165.86140930671203,681.4557313346781,112.72535193545721,28.685399471270628,48.794512755060545,103.64574209102508,515.7338606410576,77.74982113502116,297.26014650681924,94.23479944827301,1.796612824563139,4,1
438.7176539161413,3.3048020517894847,187.24382614280128,148.78776640254662,773.4470414810662,132.17548021950716,20.57847730957085,52.205522421835106,97.38477557650022,564.7606498399052,74.68936128686515,255.53881284040247,99.67639706378054,1.3980237373791091,7,1
454.7876176562877,2.872909130344053,198.84326775244813,123.86876313441054,840.9156868159981,115.94949047054448,17.899093127480917,49.232788163422434,97.36000787612033,508.06531749360585,73.3075760271444,310.2198425993744,98.75490128168563,2.1937092951531034,11,0
470.1067566903472,3.4489225259612284,222.55576054223292,143.17169128675943,785.2952845805684,112.01527203200368,25.228577264346168,50.982266897840674,92.9412443743102,441.19865652756295,68.53092666998656,297.8497752625776,99.90866975416645,1.8460762916986624,2,1
421.87241295531385,3.4203186319141685,202.27941336255546,146.11853382191433,758.9580520574855,123.1977804112682,27.68041868327797,57.93846484113072,94.79281306462144,361.8658366724893,74.14743794928371,316.0346245954371,96.7036157793827,1.9498762050506824,3,1
451.72539118721124,3.3800365283994886,184.13080540233057,142.54421269746476,822.0378377219382,119.02832893627497,23.44017448773338,48.078899773270145,80.14273580201565,515.3823824255354,55.41318569348468,319.8782156002561,93.43868083723436,3.4118651371394444,2,1
447.59800806650037,3.465607749348082,181.4983075904273,150.82042298061938,845.3171617698576,122.94568512575164,28.064976184593814,44.56538091749724,90.89288685795728,460.5634583495957,72.2045068174625,283.9635445471223,100.68504129103964,1.7984751055727735,3,1
460.070101146757,3.579280481493691,190.99596216668314,156.62129639839426,810.531772260753,138.89813903893844,25.178963695021253,59.067319286492754,82.56989599639324,496.01149130416786,70.80061033831373,269.72983024424536,99.16738502756806,2.156879395969896,7,1
453.1979494235653,3.454964914623858,201.4772686882176,162.79522782365245,759.9389820093559,129.1307080592886,24.510816160819076,52.633821085023385,78.88847584749556,467.636895079464,60.56892217391052,295.6216994996284,103.18917441380832,1.9729323117245519,4,1
438.7204600239177,3.120798149615791,223.87173070952525,145.82820203450498,822.8101659575872,120.27010554301907,27.268345528525543,59.61119487656732,93.28762664566425,464.76364063213606,72.03126491366085,228.5642539267663,96.26157608536106,2.578797128318177,5,1
445.21419096500074,3.6458554374685814,173.19022717267126,121.4436089153311,779.8975349862606,105.91576615793991,23.40437262129319,54.31814955289452,99.26519644527636,469.3890346685493,72.95445862938037,302.42001776358654,89.89574004577341,2.1192291666389487,5,1
438.0596121479477,2.915188473403273,193.60347444222487,142.75683421063297,837.2593440946914,115.00037502791365,24.13988103458904,43.38202803993282,86.93304940617548,473.00498560333733,60.73133627582911,287.7768577459151,86.97770010774941,1.8642886444035054,5,0
466.140107078979,2.88489276281474,202.88620038870158,150.65565595487976,874.1629442428296,127.11046102545303,27.010501786391387,53.226923358784404,88.30389686132366,531.0494395393134,64.0661429117396,325.8502513347804,97.9926539275946,3.146258286898348,5,0
450.31967473007916,3.7217541484104704,163.3258846474113,168.34211883200112,669.7211622155734,108.28958960338184,24.905812188801928,45.080259670587225,80.89479483933567,522.9457517254634,80.32194575925476,240.42454399370655,100.63954581058898,1.5701576773773753,7,1
478.5178602862951,3.652106081640607,183.32803434067188,141.48288236723843,805.5533736597816,141.40970296330354,30.726328820133208,50.03715901219834,90.05773716870318,451.6804470875531,69.06823226948767,300.1903592940191,98.83843739019085,1.9030804133777854,6,0
449.0900877927807,3.4827813904777893,186.40222920527629,157.68815442599103,713.2133031526187,120.14416562635549,27.081476238568055,49.62142798196121,96.08060889910732,457.13061094531963,74.87813029749194,347.2867285415142,97.17424773839376,2.45824121671325,3,1
439.37389849634303,3.0813654485734783,184.08059252299003,154.35131849453148,922.0894292664885,120.48848393209485,26.886441484998286,41.91168097683472,96.33222189382218,515.1648761787749,75.63400962144837,320.26203983853054,92.04308793420952,1.590933006876579,7,1
427.2942841108076,3.2876267177977776,203.83779090043294,150.65850799685083,776.5937733101905,113.33354807042022,24.851486061804795,45.93594755219107,94.36140940504745,542.1000946174208,71.96968406997634,329.42015987063587,90.55318897646391,2.3828060459677007,6,0
422.95290485616084,3.421175975694049,196.78880780996406,163.95799978986886,837.3186620912686,124.96737756775718,27.62426403012882,61.025936500795495,85.05255066244372,541.485654396565,75.08620675594639,310.19200567889845,101.836373904973,1.7602642589153676,5,1
426.2379608549177,3.021231809427766,188.89427794797928,140.08738204871128,798.2341570202552,108.41998193477768,24.03217668159506,51.19188702420582,84.79896765258279,459.8836463687907,59.435558209176406,250.15397790298022,98.86199385105257,2.501618130572524,2,1
454.00689976517225,3.2782914025930303,208.5592525310527,141.37220325534724,759.845770964047,141.64892589101458,25.847133253598546,49.12201932668524,96.36323578592747,539.572457276009,68.84735294159671,304.9958751930743,98.1824084261997,2.488505761422627,6,1
457.630875348449,3.695699101453004,234.461494352925,149.8214876535866,753.8973476411287,133.1735130465201,22.25112085898632,59.06445109970463,96.49599145773385,428.94921462724596,54.597006364130365,312.25468080192013,92.2912452254144,1.95495823600424,6,1
426.28213946951803,3.928191609286765,232.78513033483506,140.3978024235945,879.283958655038,129.84296445197046,28.118324176691775,48.01882344965416,88.62404011654486,491.8846233195984,61.26953167716376,267.6532636742768,95.16871700044994,1.4997633753985526,3,0
463.42557471114173,3.3741695742024347,161.54456455875328,157.620184365819,847.7969030089155,106.0957099421019,25.871814091785375,49.542898190154396,86.59062473947452,519.4810577043461,67.26992751507527,296.20338469922,100.2255217475487,1.8042621741178544,11,1
442.7540842247484,3.7269465062948295,211.54144367670278,139.302115434508,897.1792043688781,122.05413270457751,30.94753919109363,54.954014280614246,99.33797674756559,416.84779947833397,66.67307780501909,212.9678811286825,101.42307976732528,1.9925918537697525,5,1
452.20189517978326,2.9257819788237596,196.43953419872324,153.394563116177,802.772666757885,132.09086398014006,32.176895151009276,47.99632100691825,87.12041068149402,583.7142769634185,70.2070514457124,289.97705472174573,99.17879933962419,2.4441356058475168,6,0
474.18330942383136,3.6978353723340835,203.10310685730713,148.49740846819864,814.3959810623,125.9310539935774,27.289958354299443,46.2673963032375,95.96745779619025,553.0678073190646,69.89674744198506,286.9087217155109,106.89624713081196,2.1602900388057154,7,1
463.452589737983,3.2588154755817555,192.03433932914902,153.22388947165058,786.6404217172355,109.97890895366226,25.20527593362371,38.73121792319641,88.90525460113521,525.8801588944235,70.66871214990616,342.06718066840045,97.1225305207185,2.2689537709989325,5,1
445.9720402814125,3.592203685012391,202.35177259774406,143.10387907405442,785.6458898442495,113.49906244691344,22.161806463623293,45.31750843308619,81.619737751704,461.39887169740314,70.8735482431534,281.9033069211392,106.43435960754901,2.1746644547392475,5,1
436.6321166187707,3.4256742745280873,203.02814792144036,144.9136755820976,747.9056533761316,115.4806386199401,27.71424940977647,45.26986127005193,102.89849712018962,497.2758550169147,71.66461362301486,292.00928824213565,101.08433380646,2.423109507518921,5,1
417.72276898006044,3.8961242029351504,188.42096485302153,151.44013901995575,804.2005095462175,113.96562165511392,25.630853691685687,50.79283347734305,90.96051116585181,531.6168067905209,65.2047766129402,297.62313668169577,100.54066721143732,1.899794508739414,5,1
439.2127002113637,3.2376693054980246,182.07264904349637,153.0311175924197,760.5376702556902,135.28778835710307,26.614104517463385,46.94770867136112,84.31404816089534,455.09353732000744,66.376038403181,282.29039928208863,104.66261358239699,2.082444980286993,4,1
446.83304641758457,3.6882818892685494,191.02608634761032,149.93697126913267,822.0954461082101,100.78986861176745,30.18936216236873,60.79009505428598,78.87355465779837,492.7810307504793,69.81560970352623,321.5937426549648,96.87936326257909,2.0141875310331585,7,1
435.1923070927322,3.41614776101104,204.68518528913532,175.58043534769627,808.5005109490105,126.55919139658836,22.52673013400996,44.71185534882597,79.67999361410533,536.4153539924392,69.89328524663539,240.2282395842936,98.35398270412519,1.7810221822263743,3,1
448.03114549361544,3.452508356597101,211.97992683368528,135.13894621888073,814.3841021837861,107.07696625071549,22.22708749455599,57.003233434287026,87.01670876724319,440.216199929078,64.59036317351851,334.0973011243239,93.88229216979072,2.505853653940017,4,1
451.1527782443815,3.444843832052237,217.06697954680294,149.0369430757093,883.7564969845113,110.38748512548932,24.290722184887958,51.09876477563775,105.40103106826874,513.2969884408182,75.40779690506525,299.6436564505239,104.67606260752702,2.495320987009752,3,1
446.6271602728788,3.246298068651766,190.11619953866176,126.39556466824523,798.1141025117205,99.90266633131283,27.46360344925547,54.03387017856195,85.32270497060605,429.8092148151528,73.62400338775413,339.0494140438628,101.67752720617565,2.6028944019914997,2,1
440.2499612876481,3.4957703102279987,205.67689134605473,155.5812221800108,837.8363501426714,114.50945568841134,26.664601720643464,53.73009797367935,101.57963865876964,462.2461297768539,65.70141657318436,217.58303573657184,105.4889667595231,1.6181502720317833,4,1
452.5298200795009,3.4812055333634535,219.25005183906597,133.2713019543478,902.5754732042791,135.10731651539214,22.312934464912683,38.908822348437916,88.95389065117533,479.8162957729562,68.95816993541658,226.91312038166677,101.02431701573354,2.175404575538765,3,1
456.6291097435411,3.572372074522019,223.31189790288255,145.82534616185134,865.3308534647524,122.64824242464778,27.26965870210745,49.942236605117216,80.55079687118655,520.5422245087511,80.04769825398557,291.240643212435,105.51521107595659,2.5461835222085467,7,1
433.6440138383573,3.525351543707859,198.82334291736956,144.41903512003012,857.6584849227422,108.01638453000903,21.39636154332021,48.68885931383084,86.21431049239683,471.96843589975185,70.8028851891714,315.1774616400168,96.26355437860109,2.7514482116271175,2,1
471.16398569619406,3.739398364883671,195.58136550120776,154.21336689901756,784.665589223975,130.17147674379314,22.486774976953427,44.33510952654366,79.75209661010045,505.02193565316605,71.97842977600033,283.3520185199048,104.93619828485242,1.2456842090632125,4,1
448.5211780157361,3.7770525848142107,203.82248467672784,141.7081362368223,811.4821527783898,132.31304263568686,24.65362804843243,52.29813018607934,83.15225238428917,472.51087448767066,66.95532224434436,317.51537490247546,98.0109253627318,1.9985569099302187,6,1
450.2827443441727,3.1848130034516595,177.0058505420519,141.07041453459027,734.086185398503,121.04046481039086,23.33970626207434,58.58270157938736,82.91401550499266,478.7753291153939,68.4344394573583,329.4392927232889,100.01265968175122,1.9053918880828518,4,1
460.62321634884836,3.7606317501772315,196.12780977928983,171.53784696128847,824.9457200482208,140.3474915815259,27.669578465952803,36.63498178057967,74.76956906014988,550.0264603114459,77.55662992891702,319.97998641064106,103.64177756663507,2.7954202847050995,7,1
453.4982419689525,3.1440990718670436,214.8917279694626,154.26850185711788,813.7230088806921,128.21564124624615,25.859135449003283,47.32765162079139,102.10236855051781,453.99087287031045,70.56647213646268,303.0980551314024,111.6392062147393,0.8953250909636719,6,1
464.2970495086987,3.6763567664413204,212.83894258887403,141.58423721966597,801.169256257809,126.82652507292588,30.29668353288178,43.77116917943189,91.68813624177825,530.3661589578874,69.64535890563559,302.8680854896217,104.10026436855524,1.4763416863183563,5,0
454.30686247802737,3.6859216354108604,194.59464791272222,146.23749492283153,851.359739412143,111.9662129283371,24.258443903936758,50.35888913118847,84.50977275505518,499.95744458100074,70.03820542968234,281.55614740834847,104.57173067476286,2.716516310048184,2,1
440.81343938039345,2.926604932501249,204.35436402174332,174.6803242840612,739.6112588787802,126.2739848562134,24.63339354687777,48.37189358425002,91.77406197146712,476.9778524436804,82.72691394207592,298.33877027388667,97.27311022732528,1.765140047395279,7,1
455.42255287809155,3.527893773958823,183.50699319418624,146.47252682623355,881.7431425580173,122.16791277604493,28.631147827185288,46.97161393621411,83.3161568508635,451.29908670359526,70.19903751573942,269.2730733829582,100.78498995479794,1.3492700601534824,7,1
432.84410689019006,3.3594511659919055,214.0698429645005,139.66085065271417,845.0882343970142,125.19829002671027,24.72723759062861,53.44753414164529,68.63150427704196,454.15054771603633,65.849616503932,276.45811597916827,99.52066366332566,2.7560185707660776,6,1
451.62839558664785,3.2723704226193875,198.44357127727054,139.72505774810412,796.4683010174012,113.1541438085867,29.482015743122638,58.18090650528549,113.6535330658124,470.45419900968216,66.7232454919238,315.43092598640266,107.03833067276813,1.2840926513872812,5,1
449.5015501403331,3.9052556992097016,194.48097096607722,141.76310278515635,792.5635206091304,121.28098884358987,26.622484631153476,63.30659325878918,91.51679901341647,493.9978237111543,73.90378001194053,286.1135660540595,99.27032902397707,2.511018027828124,4,1
446.8782471409119,3.3038962578087743,192.76552327813226,141.08253416359918,824.0305607624297,111.83138499785042,17.941640590343923,46.30185475765706,85.28789568548189,524.140385446256,62.857594366766115,277.87314317492,106.6427092617468,1.2198719352456011,8,1
448.071937328416,3.258086921264585,198.74212266200283,130.80528227476134,876.0425616031889,98.52867900033968,28.532711242448393,40.89562224090965,74.52868150658054,487.9904296031055,72.25291490732114,313.4769303955498,93.49176646640305,1.2787343449648114,7,1
421.7722643175354,3.522708482001528,191.04244710136084,133.13699854579534,805.0803859345006,129.98304568578382,27.738180439359425,52.7959821703917,78.04680163885952,490.66756592471125,66.38091236175279,311.3969897079125,106.9938866252492,2.1000706614897884,8,1
441.7691263838856,3.705676923889525,213.16286072005127,137.56019438457946,807.2015450989613,104.97611018310482,27.853997818331635,58.052423676616016,103.23593543643925,496.6403910671078,60.70615221773996,293.5410124365417,95.69299576740906,1.575845474884786,2,1
451.39267351711675,3.457505424196962,192.09432903967638,158.87356527679646,800.9059238812936,121.07186464782416,19.267064864364226,54.068449835203644,102.01550839038774,519.0711076575492,65.09963891543202,295.5319370783509,104.26942078710401,2.136167533380896,7,1
452.397845879961,3.8499111637007757,231.85928192054763,144.2814406909069,889.1012056350736,123.3300212944904,23.01103011618686,58.03173519765156,96.02572028799159,525.7921127678604,70.13766904839329,312.47843669639724,95.67834768765397,2.901022454142493,3,1
434.58487288611065,3.659292698589227,229.30421006962763,146.8925746635894,781.5558448531488,123.26563015863054,23.23388549932969,48.872566646989405,81.07938369272149,444.5213809771261,76.97583696746409,329.06871349151675,103.09173628665334,1.9224930546181824,3,1
468.9856176129705,2.846536604080571,182.1691302029099,169.05132037882345,798.5246200690465,117.1692092640175,22.476635897318822,46.95212780113436,102.07979190381609,488.71701161026755,74.56664705973319,306.03256977461285,95.18706419741352,2.8138936601969906,11,1
437.0073772767825,3.3411599109478973,201.3940853885856,169.42510724907626,873.1717827130498,122.71211475279974,30.225767595681816,50.577179537006565,93.59826094355482,549.0961606939169,68.53154886914623,264.23898268868663,105.18240470711636,2.1621458771603805,9,1
464.54185800790106,3.3314473701944904,186.9868675732761,145.76812585293396,807.3505416806432,124.70967069785162,24.9646964865291,48.34723406316556,95.23939558681228,447.35520185120185,74.86093534909047,293.3571752170965,104.22622732968564,2.477936212212018,4,1
456.4079154280753,3.643808286028827,193.46704873622778,140.53704733974885,856.8529430022761,127.34964815751985,24.89031717211249,53.31547010670172,93.56936755554597,502.9725156179584,68.21610085380473,287.78550486619747,96.9965628786725,0.8233835863565975,4,1
440.30659035234294,2.7125548830877664,240.04854935289595,137.03354529489692,754.4359971548521,137.33441339384262,26.656024930947336,54.848838890017454,77.94410252299117,493.1662398481288,62.667442076270554,268.4104168087666,102.89042254494755,2.318152348174424,3,1
476.6296633891427,4.264702912615316,193.848571657684,160.39163654562356,789.7353739185743,122.34194151498205,26.707905003668145,55.240418322859426,80.4147123940249,477.33297640253556,70.10543817816338,314.937982968063,104.7371632416123,2.2413817927329474,7,0
432.0954475236528,3.659307828468263,207.20452074154858,146.92939149716568,874.2217019220114,120.64048845017702,14.995321868122511,52.55296335402195,85.91825466873311,563.6313060417343,62.470330024966074,317.24557738186,95.38340473188168,1.8199653740071224,5,1
463.78731260415003,3.5446630411753075,210.82642588016557,144.20257664515816,766.1830142118228,110.93271034649906,23.06092738855191,51.2291116333765,95.1491176602649,501.473432354715,73.95704153742531,321.7862526511788,94.82998577870767,2.947765453107628,6,1
465.00873477064465,3.8544703149257438,179.9874125503352,137.7950313729367,792.4350480115146,124.35946323899337,20.76163426662617,53.97213344625424,78.95654334205483,560.4458028777726,74.02940044503438,270.2726113775373,94.6434763451556,1.7533958078400995,5,1
439.94069686385035,4.203096215843788,182.8980905118159,138.45500386482917,812.8342615445739,126.67383103140568,26.20091827946446,40.18504046173639,88.59722868044648,500.2250882097764,65.6001503023487,304.7235281123752,93.93498649812202,1.195562889072335,9,0
470.8869795009649,3.761223993376521,175.87955257183762,154.80087287239866,750.5422741003507,118.07696815718373,24.133322756997856,51.05285376166971,88.5871239186956,518.4102355727092,70.72798753412832,299.8117430146762,94.61953576993206,2.3909785218733703,10,1
446.24930228101573,3.784643928941486,182.28058532204446,130.26842601169108,779.3094940689051,125.44612504184038,25.046162693503806,50.262390285852256,96.34191751462062,476.9111396429208,70.6802461709572,309.2220928002566,104.6239410457666,1.2881618437825069,5,1
454.3304044391979,3.5392070073393147,142.99939781365634,164.92303040681907,805.631834091282,117.07483806450658,18.76444075332843,51.065401979857775,95.3973722848613,477.35625298808986,74.35981690883621,303.8917947449458,102.78924910631997,2.0382934036569202,6,1
453.9048275815683,3.4575422739899153,210.89164801587256,141.99233034277623,802.3340867080981,126.70992652088924,24.070443325928505,49.561882268728844,81.91819256758293,516.3739012099544,63.77465873008076,299.62362165251085,91.51998906404194,2.6699321314585416,3,1
447.98536887794177,3.3572613667985296,241.0838768251214,147.7554608362231,864.0176010418568,129.12602314029743,28.345390755498446,52.15927746730808,101.57348935589842,517.1078983053436,72.9974376178409,296.01828721576356,97.44916507296874,2.249239157300002,8,1
462.1621240973967,3.2521664024856376,202.95641478073054,129.94533062789168,877.0728597416127,128.98627866730484,29.228348449306502,47.12698539232992,80.69408136999768,523.9194826636742,63.41615374497245,333.2052183007656,94.21081705638358,1.8763059089799086,3,1
461.9023308082832,3.2938957700901508,171.67462281318785,149.81451092636453,757.1957563999545,121.17844326141301,27.1565902586221,55.64761714726815,98.737915535206,515.067131478183,73.88594368836435,274.14557977442144,104.30765098254423,1.8244368775075521,3,1
423.7720204014273,3.094833210697105,187.14447234200105,145.0751858596416,805.5634259583745,109.60031848382948,20.993604119655643,52.368248887067374,85.59884081321282,446.5431629198366,75.31348700666572,294.8048738770485,97.75177131906959,2.6326713143319895,2,1
469.5651036431723,3.477238564794493,190.82246309950006,149.248791017153,833.7124154212382,113.8808694735818,28.77820540897637,50.7534292894193,91.31140762746698,467.7452529315034,66.65204303180053,332.4411200041788,92.27786288589725,1.3900425115544868,2,1
425.0626201794649,2.994599726832084,179.6483044557325,172.07563347542836,875.8173732899598,125.95157323884729,27.17200676500005,46.5124171468194,91.80789968083444,533.9977154459478,76.09564433270769,275.66832227905775,100.8508253388529,2.3875275363739976,4,0
465.48819306512485,3.5572749572431133,217.20365276790312,152.6654706868536,835.9245148658565,144.48812305740228,24.648432897806384,54.076584426039524,91.58165952567036,421.6613853838665,62.12983518490606,277.1973621676804,103.03246054065683,3.0968043862988512,2,1
466.9005770524137,3.4891008175872975,216.2052008875067,138.08011223781295,814.5456700796166,116.59279228467918,18.92489105647077,51.033298492472454,95.39599358747657,511.70428966022416,75.49791722605275,322.0182283335543,95.23150783380783,2.2717183774603584,7,1
433.63550354677204,3.5440805895160064,176.8909641236468,139.33020134180148,833.3271265991316,124.5583767838814,27.86078485198755,46.22258303231542,93.13167598346826,495.52479603723276,77.1922811908132,257.2825847805887,98.6754204165929,1.8809908104074096,9,1
443.83778568068124,3.343360528994002,214.50162088895016,158.92696778870652,833.688441716813,114.43947442520597,23.223501010049862,49.71669228793381,96.2691930389643,533.9832746988944,71.72907597075766,319.81893369079484,95.48802257679878,1.9199672982274092,1,1
433.414429972711,4.423058111054151,230.53625327154532,169.48039936490136,753.6142853857816,110.260329557509,26.038497463164344,53.1454130962062,93.71695968276109,516.6648474428303,69.0223710948532,285.3109626225911,106.22023696059391,1.7598098106927496,8,1
446.77618454566897,3.908034770054094,238.05116410459118,154.22877031126575,809.6399396253134,113.23684136422638,25.205181581909986,52.757867694099126,79.88435792859325,473.4407888116615,71.56209910049961,312.30001846561265,97.84320931564034,1.6744774670434823,5,1
445.3794857372139,3.1266372499745834,257.30424046171925,160.33069116832155,872.9580497094346,99.17528023297328,29.615184953314834,52.43504483904078,92.1583925964639,471.62599846793347,66.98120815634437,263.3779629883312,96.390809013688,2.0588878487296953,4,1
461.69490798404007,3.5698604262280695,181.96014701113606,159.14606585005058,789.6321615652997,133.5343506290775,24.623899042007473,50.46265695870539,85.48904077995734,479.08866108012325,83.12313339581372,335.55228799675103,99.74337253075429,2.3397422669966637,5,1
469.6546311917941,3.317598157118803,256.48440852790407,171.28596620036282,806.4723321273722,97.69869747085386,24.954659229742155,55.12909766650948,81.12590017674174,523.2025218948252,67.06734354782854,263.4828405033137,98.96225335016545,2.805386746132693,3,1
470.93525716184934,3.1956560819877757,192.91587222982423,120.7561474091095,787.8741775236989,117.36171769599368,29.735846171435888,56.18898251905805,87.6812808585816,407.91145281779023,76.5870058482866,321.74851060639963,103.44246696933001,1.0217300127058864,1,1
441.5674796013255,3.0979783786628197,188.15069089238972,160.00828408956792,684.3070252196562,108.21872104649945,23.025333268749435,53.686613078377704,91.46588479228073,506.2951777742825,66.29386291287929,264.7361284867204,106.08023612964443,0.780476705124195,3,1
446.86167189383207,3.6296650072277763,206.5414474975569,164.75604065855345,801.0295088617339,111.15619784637795,27.44296855422333,47.06274362572147,91.99740022390228,464.67861651090533,77.98404139751824,354.24902613267193,106.1181162551125,2.815039716046758,5,1
424.7484271166858,3.295585929479128,188.35877331813975,129.9191444079664,815.0895965326437,133.7652265973867,24.40415283136461,44.70969141354741,98.44819796112215,507.6334119122903,80.06164290877585,297.85854654434615,98.09046319703762,2.0285683802917136,5,1
437.91194900255715,3.7903478072075614,207.98088281293053,136.71497723990376,774.3753304559549,122.01066990031391,21.992374113985214,47.280301165142035,100.45847295177262,513.7799114601347,71.92995405509672,358.5257128499095,101.52556816573828,2.0547543814274274,3,1
464.47277449646185,3.798134664359132,173.59845624525397,137.2382587705777,742.2681525557635,110.34603840818299,25.003482960162618,59.768283739883614,92.69024664605885,433.5069366828525,71.43328634283576,275.4333753776802,107.44249955145224,2.250647894319226,7,1
474.2337423532235,3.9121743155634348,195.22494795873132,139.06814705433925,755.9696770109175,114.1048286750349,27.075115340823963,51.408479569136766,94.13685101607527,490.92534291997475,65.2171048760771,286.7204791185361,107.63499404187503,1.9065701590914672,8,1
431.48476692180117,3.244283970177769,225.7116446872336,142.7742442359671,838.2093808067782,112.34518779557914,29.061129519929533,60.632209137631925,90.76247226540524,506.2228142720099,64.62166195215858,336.3215761119651,95.62046922653232,2.987578294489758,7,1
441.1130361127066,3.642609683207603,198.8587741713769,153.63904219582412,898.6262386523453,119.5645432792112,29.424081956037046,49.399008282062816,96.13780370919667,503.5180038110059,71.48957302582814,257.21411934674654,102.96122608321673,2.24591435881164,8,1
449.6039136456161,3.6897362649926904,202.83191573479766,162.98511976751055,869.1216670452716,121.72891684787693,24.1157077773234,48.705931647535394,93.89590511069652,495.11196187536143,77.2909623859056,279.02200032390175,102.11602786385913,1.7761998912996124,4,1
454.20241738229413,3.3577465474688104,209.50517209434622,166.21975436652804,732.7826997584724,138.9557477322856,22.03825230390336,49.62971731677963,89.56409524913757,451.1644992074395,67.25898755425484,314.85205289067994,104.6319377222235,1.8209086974809618,6,1
437.8559472011753,3.2684684127821373,223.41323258635322,137.43265408248328,842.7313655275351,100.83699234002293,24.043783301267563,49.539129599733485,107.2158605360344,457.2548787741383,81.03964608897093,269.43658269911003,106.21808783918894,1.9282344827565632,4,1
456.3609156669613,3.982856199732792,166.89550575621135,137.32945501945525,766.8418812095355,119.65187685242047,21.455407740009534,46.131745440661376,85.63053309246546,444.87810708984597,66.94927030185082,315.65452266057133,94.79511995352897,1.6114470941262462,6,1
442.8924097939363,3.568248762719616,211.6904810367487,169.73732760024333,770.8866468745612,116.84432307465478,24.347841401750486,44.25575865916662,101.6356556536667,522.1618228335901,71.14695970374986,305.11213155065155,96.54660847482712,2.844743685235689,6,1
449.7832159368258,3.6907903252135212,194.63721721516472,159.70115903127967,776.9012201014358,129.46548527716783,23.975004149140723,52.50668313590432,79.1656565893845,495.37716632773595,71.16008233201828,254.59063128773448,104.53804378153797,2.06197920307729,5,1
458.1942637200555,3.2533771964516216,203.33275790623676,151.24297262803495,835.3033474927715,123.54818118178393,27.182470612470297,55.274503587986814,96.50893229161164,497.92987042829145,69.49232812382242,329.033063639504,100.74015377424993,1.4147496998856788,2,1
450.0963340471641,3.134214660043342,221.19900339524753,157.10005013332452,847.9626688224519,125.90362208114945,18.382194460256866,62.22490650333201,101.4925468138147,431.78026224620425,59.78086241836885,262.12700720416296,88.86379396222092,2.202601032115374,4,1
443.4542116421015,3.329165067652367,176.1162669717631,149.5529432722284,795.0984464360106,123.45086186015082,22.799176161740082,47.83143546654489,74.74224743193665,498.65588810955177,66.90463449784552,323.1383729091881,91.668587789271,2.719521492289614,5,1
448.3558529411125,3.462793583783001,179.74711117113822,157.86877024571422,795.9464629495988,110.6800887471646,22.823445086674255,48.23672256567963,91.11160458444076,525.3454828793073,70.99819646151437,303.85426194732844,103.31286570649489,2.5304081868611643,7,1
448.67455561191997,3.1807339979547953,161.29140080572387,144.9589995524139,823.2131871617896,132.11265496493013,28.561381757224076,46.143853527744916,95.72331232995235,426.3264170170288,69.52007452009893,286.34962605882777,104.19555461285826,1.620094757245945,3,1
444.4498345517681,3.497046557404885,189.01682116472446,154.03207401658847,828.3997269762122,127.98504904615669,21.65846686779695,55.62863714686784,92.01570883302453,478.5837496502012,73.18101329701392,266.8379242511735,93.25256147859868,1.4454643519306911,7,1
446.11805905999347,2.99344844357945,226.60864688757633,127.34180924445755,858.8112853379265,129.15529791724742,25.67997207894698,54.07493727398132,93.02524748485571,437.1860347382078,73.78417955995926,309.8780797622445,105.49583781063922,2.713661142589018,3,1
473.97970755757075,3.1639857732590384,197.58825623053062,139.68323557761855,735.7814012245401,132.64050170507164,24.615614756740655,45.61532709062737,91.0897852990133,483.1887170108045,68.79960769410545,273.8242561956742,99.01426334454175,1.1878448210958776,8,1
458.4137917191186,3.7012733744830624,173.19750208690428,139.84483234814485,801.0013669902015,124.1767510065196,28.129127580509145,45.489009565135284,81.24601738910727,463.9603240971631,65.18784813842277,336.2386042815773,94.88762935105984,2.1854587796263663,4,1
445.5677952295626,3.681137156083368,190.28642510849906,144.38414950189627,746.5987812054411,134.80992404117492,26.78749559353164,54.76257379297949,108.94436473724353,515.2363533456642,77.74158852691707,337.33351827910195,97.19852054975738,1.7157373516035184,5,1
460.454316067661,3.38243697038394,170.24276593018755,136.10230117830378,797.4528860468298,123.77639571786641,25.36373119546114,51.91598075604204,85.97169709347361,506.76958253705567,63.22268834742174,349.2610206295799,93.88628386975599,2.656821522934985,9,0
444.99270765365986,3.1946707072769143,177.49627796537678,141.99684561265377,788.691235615962,117.80941411975391,23.335999376235794,53.79194356505572,93.47328991023124,551.6601762253617,67.02346388283925,308.42692311225926,96.92044508309469,1.4726328861011195,4,1
467.5968695637996,3.1917789345421967,207.77637820527426,127.28378906402818,797.6625273048649,119.93396089516635,19.44297249067037,45.586157608305435,84.82528258331658,497.83688602798026,65.75020038013099,287.87070583504874,90.65551014555689,1.6017655301144211,6,0
455.5446328829714,3.388019526217606,176.52253347387943,158.2305071459235,760.0128555944734,119.76156231863884,25.741256967062217,40.611375680448965,71.79309447983441,513.539512084171,73.73228810901054,291.0929225798803,99.63083525500942,2.3085142484347525,4,1
448.39046783993655,3.6933555474935873,222.25268610406604,148.76229721632907,725.6355103396286,114.80608677909457,26.59146939558962,45.62517491659915,82.60389701000825,477.6917007340609,76.58510987240295,288.8973725159324,102.93559343964,2.3977579321384024,4,1
456.71575388715416,3.7784737074032972,198.57759418339327,124.42188588335975,695.2781236642548,136.3188884837022,20.27539716257604,53.43883365005613,78.4191464617989,455.87741395085686,69.13153312244528,307.4401661498732,93.26287516270654,2.679798400252316,2,1
426.43685771897253,3.3510404793554094,201.7118940788905,137.4775513417999,793.4409922867579,122.96295365503667,21.29891750701435,60.555289893174454,98.73254031379591,533.3904973876034,71.14888380167456,313.0982176676581,100.08510135311474,2.236463568384808,9,1
433.09848796635293,3.153952272204565,194.43254064784213,155.0490214134325,778.4499447083531,120.94738475832906,25.75698992011503,47.85268005236196,85.14505587164436,549.7302021418832,72.14385910494575,336.9469309805069,95.97673985911791,2.1747423038063363,2,1
432.0911249040142,3.5803530913598998,215.45695677087446,141.85467080421316,766.2031167598086,123.88274254926434,26.01742505862361,61.379279409384324,85.8872692865603,528.2262279695301,79.0200204929443,300.60370246788096,103.34400417682119,2.524558069646942,7,1
452.1441464214556,3.2529395088122453,215.6631977555402,139.54587809792855,866.127423141583,149.79854516737146,22.028058069723823,54.14909883745844,81.48535429917011,505.2491249251813,61.132132788934115,257.9031800839932,88.42796454350548,1.3146953609721053,7,1
475.98772499227636,3.3445242083416393,206.70108703824343,148.88110984487886,757.0280906602345,108.6827581140034,23.277805859295885,43.03483849145587,90.75228318972081,461.03625782058896,73.72110949563464,287.77737220614296,103.55944424024499,1.5601743008195244,5,0
483.4695021928895,3.897582827131111,211.29578211815297,155.15396302767323,870.8417041069401,111.54961488283725,19.49053348428872,51.07016918905516,84.26833186910976,545.6651269370778,71.88262373969752,346.6755534016957,90.9112170127349,1.3566017253077924,7,0
459.57076652161135,3.7481346285697303,195.7582066015915,128.45471314441258,881.1921872134628,106.19428982553003,29.131791711439703,54.319871392059305,97.9388378499743,523.1803726254805,68.14580237377089,253.3026428858396,98.95029826888303,0.6571558959773085,4,1
457.51266712416685,3.5473922936754354,210.84406013818096,158.25192721826818,702.454976660531,117.67400761564514,21.100376777894642,37.872585507236565,92.41631458471329,580.9951443731778,71.63113367860147,322.17449881204146,96.45540941758651,2.4210788687756244,5,1
422.9841339877089,3.118424299666183,193.24244449052387,137.99560077588936,804.6190729499485,122.4551844332736,26.626778173745652,53.22225578956691,85.42539371420442,453.82304199040374,73.7041448791496,288.2828065924968,98.1964853659557,2.7148425576987485,3,0
441.85989300398967,3.5634189702411976,200.04463244324805,149.73108047625303,780.0151754582005,115.34677481658923,24.89511791153986,55.86360589911556,96.80186441469615,534.5026600498952,72.91581356241402,273.49607068801436,92.35304621611283,2.2779974821884377,3,1
438.1832437213764,3.818797187236258,194.50712501267404,149.46869788962735,654.4098027641367,114.6027320184823,28.868780858874278,51.99434062065572,90.06352418418591,521.9642601949919,80.7925030295815,311.86833147336375,108.3006882025689,2.190037070249826,3,1
440.68728602623327,3.3873099002703393,190.85562921361608,142.0940082264034,727.7679373465793,121.42404866628132,22.623237721675732,49.69139394659288,90.1719752455196,486.31891199007777,70.63740793896842,346.82859076868294,93.56718461194832,2.0424812192046775,7,1
447.47784272122817,3.9053342269960147,186.2177640455642,134.6451038080393,838.7468053554237,114.97892175170303,25.18375813102116,49.135367084992964,78.29892077014459,554.5533952081241,70.13452591645164,310.21332530349514,93.96173197012138,2.027571922985406,6,1
442.9186413345431,3.887823586855462,209.3538020771777,145.71470177861605,900.9599626355632,123.10175827182839,19.90471927228795,48.84338836154089,89.43131093771748,516.0938059369819,69.09350607165112,292.12367369876284,108.97410292542759,2.847611715888621,6,1
420.3105028443632,3.999119849643042,226.21211825626926,174.37995463612793,845.1339071349624,131.14234346742603,19.18441948918074,44.120100981164455,92.57235711454399,462.52427886153384,72.76489418572945,261.11852281180893,101.61350818037832,2.774592482939793,5,0
461.218653841763,3.591572937959406,223.42203943339118,129.57487454304552,816.1816236256489,126.77030469800806,26.789000751596422,46.562380840475164,100.66853457758677,495.26643934902364,69.83970869257026,297.0345251669179,93.72871738269701,1.7074847118235323,7,1
433.9088546139029,3.6762175099418037,174.86869328109128,175.38469528657313,798.9333809184457,128.81013347165202,19.644922482790893,47.9170297717392,83.98485096077341,462.0456477158755,70.06604572532383,260.03550539131675,99.35606162048077,2.5544011713251322,7,1
453.58870296166725,3.924256186499327,225.78406102813747,146.104182433852,884.1331457324056,130.8591841150672,24.315347396696406,50.56747173112871,108.2248689870841,481.2593713845795,70.08914930003128,290.7022733573931,98.82135265357101,2.614713734766147,6,1
481.1112400462496,3.634218181120693,193.63682996764143,150.53057125632958,907.411960097882,122.82828160118703,28.03388634391876,47.21592621171467,94.45494653463189,528.1530461415894,69.32695715254954,298.1082705482519,91.56174581212684,2.3251966648728186,4,0
436.20923112620363,3.349629767662936,212.01466030291184,133.69933782922908,770.6578660237907,118.41358973956899,27.240054568284037,45.65435378751035,77.84470499172954,539.5709618093687,66.95663598923797,229.18375527868574,96.20868702990886,2.1937903563914434,5,1
412.04568715880504,3.3654371490416417,181.8756933590558,138.4309587498378,700.0006719844855,112.27746929116805,23.00624353615422,53.798854295629226,83.23841508731554,508.8484933515746,72.09053269098456,341.6496661376366,99.86809644062349,2.1766364767441186,6,1
445.70993667179835,3.571566486132122,202.8395982774801,142.45635524942972,695.0906268364399,116.0882183636428,20.234490590775483,51.85306985973928,101.36799331373456,469.9970049364187,68.57476217491691,262.84435580638683,106.33208952918775,1.2589928192154547,2,1
466.51439452497857,3.1128315734161345,206.27446365793816,134.31457543683132,866.0940496079901,114.76314467323105,26.528484584966584,47.303852316052165,99.94583314369916,515.2643368158143,73.06839751410222,294.4212239648792,99.05585078386986,1.2146583271796816,5,1
479.3752118133089,3.457022325390742,170.30790416160696,146.86623063943694,797.6470729612806,127.31672326620912,29.02677034858054,52.53139235743794,90.14474785248402,528.9359855183055,70.55383814463998,316.01499737437547,99.43177396192996,2.39164569390518,4,1
431.55675608321377,3.828964135469076,212.16534332688377,143.89476162289844,809.1620955229359,123.46782554594196,23.01328576400313,47.73421053157033,91.19934162446282,421.1155301904113,68.06712561835477,339.25649154537535,95.92416664519901,1.4498103582858524,7,1
457.4504883485478,2.842623844650416,226.9187001567663,177.761717136536,710.4674503521644,126.96757862714301,22.59006142477865,50.3153251474406,80.68311781019223,504.6591510012367,77.82415202517532,276.235409808815,105.47945390604117,1.3053573168206598,4,1
443.0203431482992,3.9603446305383545,196.50704108636745,132.51038721479307,762.3405543605767,108.39663143899848,23.425294111393004,54.87522027361433,100.57154192188274,492.39240806402677,69.48843707226511,224.72444217081315,104.51160875750476,0.9622647481553328,6,1
448.41077468543796,3.836712265610948,227.20336261656027,151.5403577512288,785.2259593049608,134.31749484241078,26.714826132421347,46.98129453416868,82.09786330580427,538.1484502163829,73.11411507280903,332.3599114803386,103.94667386490758,1.7621464691339677,5,1
489.66515020525554,3.362070615250857,196.20613013095186,153.71769422852736,810.3919191682036,115.73019628493238,28.685552819244737,44.137941960831284,96.75792888898734,515.4275665944599,66.5000854700395,262.5151534072137,100.5591943253479,2.187168088356265,7,1
427.4554450740727,3.663017248361543,216.99169062093233,133.94519177022244,780.070398054312,108.99983357925338,21.281179565858434,49.274327084893294,100.8163389493211,519.3740680589115,59.872303344344104,310.7832973075119,92.00713219048161,2.227460406656947,3,1
453.8060949224186,3.500944318071898,155.62860068097802,160.3024124317926,748.1336900849328,115.60782235178188,20.50515457202604,43.18267491907269,90.38524443375607,480.7235613447615,67.16500416161476,312.6476910040694,105.43334949421518,2.425297553779551,1,1
457.0153975764815,3.868997110531605,248.3755555862693,144.02509480677557,760.7716503698739,144.83765992587507,32.019988965797346,48.61275745324512,97.74089092897759,500.06606868529747,59.31275646800103,202.4391170198524,100.28664873968891,1.8042506634033535,3,1
466.2867948740902,3.7948049428309822,229.90916490485915,112.61415522625398,860.4161642973617,116.12283133508433,24.468031636329883,48.59681260343272,104.78111766420555,537.7473987921555,68.81568566590376,251.5548968536668,98.45704239256828,2.05363955645923,4,1
451.4697473020634,3.0799787830450973,194.30748991492644,159.89774418156847,812.239230980175,116.74903528529074,25.75867838707093,37.681579380472186,92.1437503936859,497.4048106811889,77.34323507269526,286.1756637984859,102.24229530946316,2.422909027611659,4,1
454.6207580925615,3.676178724039253,160.55821946712365,133.24588673846455,830.6078403477776,118.07895319370324,22.924207478147082,52.65317581872255,88.59758546854442,506.986782229263,65.47357488961674,222.47616243182296,101.12094851914009,2.231989014913128,6,1
444.12527148867315,3.4383116439070256,205.7605673661098,134.2833758079135,755.0563094561335,118.51379616568545,26.469886928358147,49.086551166593395,89.46517713958787,438.5617080623174,59.46978071202906,259.85846171227763,94.6540100321905,1.7075654469958632,8,1
454.0369041186766,3.52484977115543,171.12148905852487,160.31853124338596,652.3088257299688,112.18523934198745,27.880182624104567,55.90948226385968,84.0560967786233,497.2583985469114,77.50128495506263,303.68635680380004,98.39601069256977,2.149822488328357,3,1
444.8521158675388,3.2815484297090554,208.89707075114976,144.79257776372324,773.8447846557751,121.4321308320613,25.89938851471879,51.07765989897041,83.87532965810502,419.5200012757556,67.62322618337875,297.34549043726196,90.47953603792169,1.0078842958363656,4,1
459.32357834784074,4.024441120736251,208.23131438328565,163.7665822582725,756.6714722787252,130.75594908198332,30.222574231043303,53.67804285157774,93.53925411060563,479.3542052256697,69.92130808915655,309.07963291932816,100.43013317299479,2.000061527435467,5,1
444.4558449593455,3.8120185459707727,181.1719366199595,168.15249143047978,817.450613431404,123.14289315478707,24.019766230176725,55.95019376603521,88.68840142280573,502.54062230907596,73.94139984565538,313.47662936186555,106.6506388365057,1.6907989946325062,9,1
455.6565059085328,3.27806865080811,222.41934047228756,140.32607309516553,964.2861856840921,108.88834701100015,24.211352580893873,49.34141458614627,92.62055341481013,530.6812317793829,72.61586382494575,249.54511299061159,91.02192431265763,2.7592883564920285,3,1
449.56105779472534,3.0996168179269303,216.11149405612346,161.89893743932546,834.7583008809128,116.55654095066292,25.694219053832246,49.99588405568049,78.08051080117943,460.033602261921,73.75256209805934,261.4545520976208,100.64314034905738,1.511387942446333,3,1
466.8907537615825,3.3842982107066457,219.51646674577125,138.66808797910676,936.7980079691745,114.4847259989837,26.39488493651829,42.13228388304884,89.25904939850288,514.9473657388041,74.50214494772712,322.8409856853615,103.34239266897262,2.0583392927059214,3,1
449.2290941461727,3.630350793827392,200.17715407337792,183.49673875698267,828.4384847669725,120.52939468234801,25.683841786187827,56.19768872617121,98.2409428007237,558.7397361744852,61.26942683705273,345.7299072300804,104.08178491862233,1.7855836241810554,6,1
423.4045129768968,3.572061753183867,171.68951866172586,139.60564493203177,768.5056881213643,133.30451671562318,21.14675491913473,49.27151300139223,81.04860578419185,474.3702453713751,62.928261299299905,270.9777585341336,96.26905119589561,1.7208874602561188,2,0
468.9288225107099,3.875939847430473,219.55744544422276,165.39131161440005,817.3958039060442,118.51117203979118,25.937545498586683,44.97134724826009,90.13221131307641,438.1178831310937,75.85584831314421,307.76716782290873,94.48884635167498,2.1886659377607445,3,1
436.41401548706074,3.7369759166542558,194.59257201728417,162.65685038822363,889.0319299738854,119.1184513112961,23.877479245589686,53.69861243243714,75.16312551281271,511.59359828228355,66.09130428454156,324.21248679941687,97.06474017438734,1.7908983368475586,2,1
440.1935049202677,3.790870707725872,172.2043971361466,154.741317331634,891.4781298160619,137.7764481881943,23.257068957776063,39.10109404017874,79.55630382181461,452.32011973854827,66.6367707751822,307.12666851567855,105.95435514979727,2.925995252325966,9,0
441.06508058934764,3.598056620183131,227.04078731948653,139.94185257874975,771.2331315978461,128.7620599167166,25.097446164259733,47.85362888563411,96.4612871014244,467.2400570610592,63.68578738917841,292.5370108373706,91.45222177338019,1.0127035453070101,9,0
470.61657139756227,3.083210380936703,241.9881504100502,147.72903762087887,812.659184784965,125.74081282106535,22.115431938012357,54.5415552060592,87.52572565349641,536.9334776680994,67.97526055326259,280.7805001665302,93.92016502474095,2.3155853960810564,8,1
417.96488679031955,3.4412904406559295,199.17503742041595,117.69617830583172,728.5366560164427,139.58131615301775,21.593826028380306,47.811390740170474,104.57658292430834,575.0759710150672,68.25341968157764,359.55807614296623,97.70615257737109,1.957602620171951,7,1
497.0662280048999,3.8180269219725997,243.18242309206585,153.36630057573376,841.2334312345715,124.89811254794013,17.15359311998845,46.41039024525709,93.4595448833945,459.9723953463406,65.31269656157421,302.8862712458092,95.12164391043932,1.974842077202132,5,1
465.84085213599076,3.484543121442606,201.826294572227,155.24422996542577,877.6677349527947,100.13472858022477,30.241711985529673,47.919226014435246,94.24476531911459,470.5032103993835,64.73458627562128,311.66826093651827,99.7916363229298,2.1510612539648726,3,1
453.3485837119374,3.650927110587124,192.39088191667298,152.00249128592057,801.9899727058008,128.3266575788036,26.667193957309006,39.950353677657134,81.3881436008408,482.40524150364723,71.59331546087853,309.72960242240737,107.07262969714377,2.498876375243798,2,1
449.1765899907557,3.40437550542616,187.39083091629044,105.40040743061164,766.6307972819936,104.0799154288135,24.649707636081086,53.57739215891517,86.91915698524437,478.08767785898294,65.96165366555786,275.62744778997563,93.98090776595878,2.132536525366141,5,1
454.28331112286486,3.1910564454374466,232.74164815985483,131.01545332365282,818.0065475638781,124.52005368582448,22.998330289340057,49.38556979011543,84.1389105436191,577.3317005524814,66.96843871510869,301.52463069942917,99.26816911751116,2.5006649848540095,5,1
457.8168364256901,3.462996780786167,184.39712237224455,138.77863525727005,820.8729515681583,102.86256425870761,16.37190315386075,48.63837695002619,81.47646608359531,478.77728681248857,59.068608266129594,290.33271936365696,99.95874515299762,2.0232010152258395,4,1
459.67823378925084,3.5927142329097963,214.70538619949974,154.3748839978357,804.057191592481,115.3314458960008,22.814413371335547,48.65665691795479,95.31114500876909,484.48992341895485,79.69100121265512,289.79557226493347,98.32706875716019,1.4829451498534403,3,1
458.3340669900517,3.303293684161567,188.81672329881584,154.34008358464476,808.9357562167977,116.36215470390128,27.14759901149223,50.07039899232292,96.91612692614943,564.6470989269931,74.7091201473735,309.5087742305629,92.1078751195939,1.9554280441294352,4,1
451.34371021882873,3.4292866265429995,190.79386474851273,147.4466431204323,791.3092574765315,112.29880892768247,27.826522910781605,53.267186853360336,93.19149755333959,523.0670524615721,67.52596973336529,272.5307108029398,96.81087238911554,2.576462977244646,8,1
447.0399236953901,3.2181610274042054,220.60499387939134,159.52868304905934,849.7977464113203,116.511480028088,26.926875980809903,49.73968229400376,83.3754624541921,539.4359693179698,65.5045953217114,263.8563473758876,96.82581824225102,1.7946593858858684,4,1
447.73090074519735,3.835773475269229,192.39926307421294,134.6063643704565,836.8113722582564,130.32561720360553,25.475175867257406,43.19181725910094,92.6458402807797,463.75548507910435,70.05444398616562,315.0817518121626,103.1675197781879,1.4585981965451094,6,1
447.0763757947098,3.41166327272359,191.90409241159415,159.15352508540994,750.8448426427925,112.86047087840447,28.911622437794136,52.87758060772033,74.69857278827475,478.79281267297057,69.91733205201173,284.0516822211399,102.09789648849252,2.309727245183364,5,1
467.00655145300595,3.935826663537855,222.65609394349613,157.12113157259836,749.4704698420703,125.45140879510541,24.014388333734377,52.49284845502113,100.58407414966432,458.4112656928416,63.62016715242677,289.6495283916979,92.24052125234601,2.168305760401277,4,1
458.9033508342129,3.9586243551622724,231.94794586443246,155.66332099256866,787.281279148672,110.34350360392699,28.255566748403083,51.0276349910823,79.6147985949005,532.0504618414326,57.2473188553882,242.13610341970016,98.06431820991611,1.614563155620965,5,1
405.89417048003577,3.475686210583477,212.89379606568465,147.26939353371517,836.841856205259,118.10500423607871,23.846252668839362,55.3762065348066,81.03632814049229,549.0097283113378,67.36962046241666,328.892483465299,97.49872395908122,1.8834711785804328,1,1
459.8385116479464,3.197465380235795,186.90460448752103,177.46115737246893,807.4028706945408,123.23839266327451,22.356576073366714,50.15189338206479,90.92233815656154,476.0090252327395,62.183127345502434,315.7204863574708,109.77347641858623,1.9091645361424017,7,1
452.92104292078164,2.874230636679999,189.7878300140484,157.3979353273482,767.8424794938672,110.0347158338144,21.982861058732436,55.55688044494628,91.63327648193636,485.43034708382896,70.85689973361771,321.2420635593549,101.46156590150811,2.003190967792775,3,1
449.71936865331156,3.0583888780919626,201.59830527480074,135.47496205119663,813.0759298362915,106.8827956708931,21.80651073648114,57.03605510739198,89.41801121238572,487.1803973984537,70.89040783330337,311.61976861193233,94.61280790484733,2.323282854909607,4,1
444.1722232036667,3.087849552530402,206.41860123851316,153.72458213603977,783.4594740238864,124.91878150578889,26.977204086407454,52.911564427622416,81.11897647214163,438.11104026887296,65.13393650829046,254.52129138929206,96.11601038699175,1.797398367397665,5,1
466.8616907997902,3.9135408882384515,180.24268179720457,161.2872506561133,844.0243230112065,131.2308039934064,22.771763286708765,46.26033189061032,99.06678394882634,473.04711688961385,67.32707866172274,306.8699689403746,98.10727300402306,2.3491221471827712,7,1
464.21289693184286,3.5347473761680837,214.46075879159727,141.17837101613534,816.6529217533524,119.20934980512628,21.90091346489517,49.3460714074878,76.51240639144599,530.930648590544,78.81520845989041,281.7259949296515,101.81183787695771,1.7332553697845419,4,1
438.4068349826459,3.616881357227596,201.71026659279198,166.33908370396648,784.2360906273929,115.42687093443296,27.14120565898408,56.19428017029187,78.13384807641245,464.98325982219626,73.87564263135481,271.1142868429938,102.4246047308112,2.833153706523502,1,1
456.10578430686803,2.8338736973194623,165.6858336272374,155.73050558574016,811.575938602323,121.55675387688387,25.983911171416697,42.511860669652464,89.14413782436415,503.7192744881995,67.73873614645548,315.0014472433716,101.00241321345723,2.843926892715541,7,1
435.42514898188074,3.1406100712348217,181.4214703507854,114.8628249350198,865.7524029762101,120.5547991876538,27.887775948537406,48.04023165910696,79.8861281452449,447.67924102143377,81.45979663467989,349.75526750258035,98.95117377181867,1.571796837679515,5,1
429.305727528166,3.766123932933886,189.91742652696672,154.49507966006888,771.5184961726811,122.42902540711252,26.537798533818396,48.28517581776628,99.7810022102074,494.2399635548453,64.01531294014178,344.8001825686902,99.31999837904829,1.387248969257079,5,0
440.5992416311505,3.586032233714776,198.5428462231789,143.90956268380927,820.132849082358,94.71754899686286,22.740665259408065,45.67394699823133,80.57428291669669,477.4671538165597,65.93652637591723,318.6643505553185,99.3551538679294,2.489103906916162,4,1
462.93590208574136,3.4558384163943208,237.78557591007993,158.05769721812604,796.4769829767002,109.30895708834036,25.228307249405763,54.364394749593934,102.4562172176825,451.1331406486493,69.44742914646037,299.0931552162241,91.08545051357058,2.12894173489241,3,1
464.2968756806413,3.669452707580037,204.76342612279257,164.16322260377723,821.349184193105,111.54769894563147,25.375398972309032,51.88407535520388,98.28097732617259,531.6154438462045,62.344964673118426,293.5337303724326,99.69354189178159,2.2758341035508405,8,1
457.6962813014594,3.9907393418407446,183.1845622020275,152.92743070712726,767.2717529202134,121.50867628511563,22.242524024577992,46.44470821699754,99.88044588406066,533.8650944480407,78.95154582313923,272.8648924067032,97.11372972102814,1.6726224014016084,7,1
460.87643680272,3.4336872609388847,204.41261608614326,174.97878350917043,805.5167716579688,121.85877883622267,21.68612507771802,53.02756460117919,105.09684786362597,461.218451510561,70.9157601935464,291.9080044887997,91.73584889607635,1.9337730069218668,4,1
457.7426743067244,3.520810940797421,192.9582450509224,147.31939673154756,855.39116412084,126.36180488684036,22.957835172646888,49.20791882665891,90.64982339276612,491.3526614322509,66.05025571550102,327.25571878764435,112.08941289018242,1.8275829135948065,6,1
440.3777760716557,3.5577790756193917,206.49516479067083,159.37226734580813,753.1496509376947,122.57581749210436,31.10974707001624,45.54902713388829,81.89620323344033,501.77274732289794,72.23893475702381,354.6941739607481,101.55651802993559,2.1521004927757375,4,1
456.4788381701091,4.217632890582197,211.6113537407123,162.0741386045602,733.5297448337459,106.99264929612664,23.761767717335353,46.43540794878567,89.17593699385087,427.409528514886,70.73027924148946,275.50556079107884,100.06551629139149,1.3771399925031518,6,1
462.00614287841523,2.8701931206742923,224.18461294447877,148.539810466609,735.4272217756518,134.4700461758506,28.698600374160144,52.1802553738797,85.4666751567283,444.1162909442387,68.47674457937077,240.14959545984902,98.14436004702105,1.950332776987929,3,0
461.3143699472036,3.7049669044366422,199.51427008659948,161.68161461966673,741.4668734899906,132.71918303422365,23.594018471560606,54.69504939260919,84.32646981989022,551.4513774546713,63.9574241658926,284.07378011663087,103.65111229324343,1.3721107825791088,3,1
467.83370057211965,3.465559325372281,232.77921055199667,141.07990519256748,829.7661643946332,107.41802709973074,27.666516458619977,47.56615883522607,91.20682749445466,457.39492413989717,62.81894037235446,327.11862338613406,94.18849870396492,1.742218111449629,6,1
460.62455770801597,3.670031517855254,218.16045325072383,143.66147371468173,729.7070157067267,123.32705294374183,27.70747496667354,52.72220666834506,87.50636628633802,550.3273243300679,80.93400498721613,362.16831871977206,98.43647854028593,1.9513260938648793,4,1
455.27172311312376,3.3027882338015826,185.85120910375625,130.31266964495532,785.1052327628234,114.04575614756985,27.857771523856133,57.90877078788741,83.98232252546403,446.18345302466673,63.236325574450014,339.30123619970414,95.23914558662963,2.2537168648887604,5,1
466.05225357474643,3.485310490742465,244.19711331496927,153.6211367455507,830.9144651655354,121.38863989200549,26.163482026026877,43.705647218148734,88.03678085930193,526.3531110856161,78.48982759675688,338.55855637135136,103.60781426835676,2.295160125837676,13,1
449.6021811112641,3.7134231738396486,206.53989026540197,154.87877513781515,820.8329530274297,130.53310279641872,29.132099736343456,51.77834936419312,94.39182771362964,487.5478756995866,65.77620426192023,274.51318938975777,95.86629427073673,2.380457408580431,5,1
436.77188023158425,4.433873060313152,183.29750992055529,167.68894737868845,780.7220510018758,141.30104266320959,26.135061908058184,54.15327845647704,97.65133765274157,493.1693492338253,73.95016283770161,275.35831879352975,105.50663905816849,1.2586049685780802,6,1
447.5539955408435,3.7424108568206216,233.05826102460844,161.86710006533826,809.5461865877553,127.5127770514261,30.14058918802084,49.524250917005844,77.17660869447208,574.2374365413585,72.3271654504039,260.28571088201375,99.50362306198106,2.6320431980616994,4,1
438.82646032790325,3.2455803205908476,241.5555517039689,145.7280666502885,805.3572664868784,122.94934735110137,20.1402405904347,56.191416054278235,87.57439130937166,449.8325346272527,73.32709350148208,280.0356079162371,103.87245048413529,1.677600273754682,2,1
439.87232587538426,3.372872095393189,199.3394947256088,132.32730468998585,788.7879522225907,116.60178831691702,26.044858743000454,60.99418519130642,88.86925435620236,523.7919278504428,73.66007136120095,327.42293350233496,101.99929442185437,1.7141042009137522,6,1
447.83221993926725,3.3639757674848436,189.92699479248807,156.4927560377996,789.458264067271,121.82134871011176,25.849970777607,51.71677674193151,80.53983982217895,522.1395865423128,61.942171888312444,348.73461560804776,105.29622416997759,2.134373774283605,6,1
438.1137011850006,2.9613070482109958,196.55250085092675,166.66129758621963,911.7713717378481,133.59771893328315,22.190440462583528,48.83205133861001,89.04235413567442,634.182935566655,66.61827003762912,310.36551813848587,95.32411701985738,1.8314992728198962,6,1
445.3805770554144,3.400972942489569,214.294634550354,161.32777460705915,840.465545196565,119.55291243240414,26.738752665291216,54.88491403830978,91.18396487632022,456.91476719072455,63.15976020391143,292.34637119970245,104.5281159247332,2.180912909857498,5,1
421.5957799956932,3.7198487245465235,225.5571331006103,166.2671628728593,924.0325458756072,111.1388734865235,20.529751973270145,54.210344301889506,94.15067636224792,474.9606082598625,70.94650530423799,267.99825546979736,90.68705673385368,2.273696283003427,5,1
453.19940561059406,3.1177303642769614,211.40974661727148,146.82165703202637,775.151843353975,103.80310134483373,23.037447022719014,37.40584522540908,90.61726420505336,532.6368914333021,63.38327833937887,296.6245453196012,100.21563381056843,1.6184121684152584,10,1
450.01808213043336,3.814544795315178,202.0344641694354,143.0007154773653,795.7516701555926,125.1304786741025,19.002736561306577,49.986322219544434,82.95240472001956,491.9894456319255,60.09476411463389,306.09378982951665,97.27039033848493,1.908136973925799,5,1
437.74367053397714,3.6463324463253013,229.96023540608854,138.94647971652302,733.3937117361677,122.47288125627739,29.675879550888446,48.02700266630443,106.09624022057477,481.47796173073004,68.81261331728213,256.10783781680414,92.97729308002482,1.9229415221107642,6,1
459.8886850264861,3.2797300034086887,193.74327053896957,149.16155300079606,759.5216598955213,113.54091826737704,24.305351518164112,51.983528457569584,96.63301417297278,538.3004595329267,58.95460473756277,327.64418785520365,95.5323893750333,2.4791362911574137,5,1
464.0635520643984,3.4575411087986456,220.61838676733814,148.82113806046772,895.0956574331251,130.26014125707297,31.500652104448935,49.03170859853105,94.42175795719893,489.3372625478512,71.29369097360478,287.28258011074024,96.79672136860333,1.7674185663972897,6,0
425.8866020344654,3.97949654229231,194.23874403297444,153.10016442808674,773.8982855079122,115.7822313561237,27.408849779558487,49.57411953864499,98.03865005608749,464.3256371847433,63.71185238311129,325.842475233036,99.01724158948068,1.7456522666012513,4,0
438.55912832150676,3.72006434405176,208.62045916021788,148.0605381444674,895.964065007223,118.65355908175205,26.34429464005307,45.68393620269459,91.95687337448382,529.0484061904792,65.79710125959886,299.6724011384705,97.37575174075404,1.4891910227469227,8,1
438.4628647531905,3.502635096469444,197.72874870419096,147.99558405409843,737.8318869660055,119.83335866702056,23.241316917157,53.672646092122434,100.29040708417564,515.0115203211144,58.5979201342115,308.9165007866192,100.40012986769827,1.5452430037237683,5,1
435.90145348336705,3.4286950049117046,198.88295634694379,138.34958920541783,747.3265482963361,116.49047257861912,21.86094989293774,58.27521110734366,90.45497560228611,487.4861361757609,78.25051106904273,278.9415236975608,95.84920842205715,1.3246971283227733,9,1
462.4421226289762,3.522982721135498,192.4522696507558,164.12428520327236,782.9384389488289,122.3586506574957,26.568914721690835,45.761640253924824,90.01397968219347,485.5879392495991,62.685425565109604,289.66154142553654,97.61571149499333,1.6484680987435054,6,1
447.09260791840796,3.3464709326173088,226.89708062361387,151.14777093365566,796.8125039160411,131.51515145933,24.785457972181053,43.014724884265135,95.08182783032963,463.40373580237747,68.17999382726053,319.2612637008587,98.55466967479569,2.796782505679357,3,1
446.0322773803408,2.868575148284296,185.3414792378293,147.38334098572076,846.1543646225065,108.57518101881577,20.982189053544097,50.10001609913732,102.61086037032739,529.0038742046137,61.04130703769377,296.0550529578488,100.91048111165378,2.3454536712521783,6,1
419.9420645338987,4.112653373160419,185.19535494902584,138.78856120126193,822.5385208593133,124.88520138474009,20.449424750475046,49.85672169482368,102.09638892231446,485.595687309825,65.82166095809615,266.85077952908495,104.2442364091878,2.6386731711226097,4,1
459.5312704531384,3.5465974997598204,242.41987131690217,130.0213033441337,779.1842371327987,121.7215866960644,22.12388881256925,55.8546639306018,94.74278078607996,469.2061638570532,78.75910890512105,303.3472216515684,104.26831503532689,1.524924631464616,8,1
431.4111240771979,3.619444179536761,219.55695129308663,169.61946288824015,793.3342096740947,121.53763829544707,30.46290167579869,43.85402523810734,94.1328948686144,448.5777933123258,71.48738367632674,311.57025050515205,101.18741995901082,1.0261346158545135,7,0
450.89898945399494,3.4826276750369276,152.2977260261393,158.3195806219771,784.046854010765,128.7184456987409,31.639833754033912,47.31022412487951,95.5683392887719,515.6861743163535,66.38184501844711,341.18665577016094,102.151265083028,2.158190999489629,2,1
454.16065406937287,3.2794649597826235,188.69482521579192,125.64123236145049,754.2673132337135,120.49297425217159,25.61496744192673,39.26148380366573,97.88496730669277,479.6566808434801,69.82913260172268,334.57659805978415,101.55933457922738,2.926798947091781,5,1
470.4098789375798,3.4442226557153686,163.76021324875893,161.44713451064484,755.601853169919,124.80229261905703,25.446828388723866,56.874918181059115,100.38985551530594,419.49298744043716,67.19720471656694,298.06093360938394,98.42678912068227,1.7573321373322852,5,1
430.36769401321334,3.020181571341707,180.9861861316949,163.83721755349663,851.3941945716705,127.15864629571148,23.991038884511436,51.25272314161682,88.1073273279692,451.86924841423814,69.53789710086207,283.57994506007265,104.50291501308939,2.0509081776411664,6,1
404.7073176626876,4.183125949415992,137.22970667531922,151.86564183451395,708.591753603643,114.95634799619393,22.196543955071494,47.68283543009602,100.54449031869913,490.6561225736407,73.7193435951648,293.1509580191493,95.42759453758119,1.2152324218883792,6,1
452.75774317130544,3.1296464004732814,197.26020844612114,173.97166343627637,880.8679348722527,122.99183460813798,29.12553717282173,43.38864260704412,92.74396091257044,491.7784934033133,68.3445100504648,284.28799477866227,89.75927265848077,2.014103211870076,8,1
477.0076677226628,3.190410114845846,177.16116361677376,153.25079463184323,782.8502887198885,117.49212392789369,30.62072918169141,43.847619709113744,95.2074529799996,490.258309985174,71.09995736962553,315.1848367711184,94.79255306622822,1.9375061073430713,5,1
468.58419529409156,3.3679222386840797,201.19810513592876,128.74764708076216,761.374569680392,118.67318220280104,22.319742742482145,52.07133449895696,101.05559457227196,484.6897555372976,71.18247748824128,331.2499536784695,107.01560407552144,0.9534778217949595,2,1
453.14489122911937,3.886422717455713,167.49757482234952,155.4775350157248,836.9879645348634,116.77938603521667,24.751484864726194,44.46287477199645,95.97649800072543,440.96585109054354,68.36927176351128,337.1950307788227,98.5228343075116,1.481331819850693,4,1
442.6254572155193,3.504352699778796,201.6582370634408,153.67345952569093,874.2608292073559,124.71080404096887,23.650401097869498,50.52002711574285,97.32796450522272,465.01805903403795,66.32037005164972,287.6338064250701,101.37064503091884,1.4416349336667649,8,1
462.10683894955963,3.1291592611908614,191.70167443759345,140.95054726832768,855.8816220801979,120.81644709018254,23.73928277540507,60.214724305675155,86.88465173374063,547.3510794593641,67.3740832169777,284.63920801757644,98.63024991714897,1.2101367414334683,4,1
435.39680700443296,3.876301508227202,230.03905930377192,158.60338255316137,825.0926024679945,123.94544034316674,28.557724766289585,48.2620618852759,101.98649234999745,541.4491250741227,73.49592625767538,287.3881672632411,102.8083266441318,1.6375726582199575,5,1
457.1453665403433,3.7193001880356444,228.2271372349125,124.98502100713708,854.3431744860918,119.82482637104252,21.064115363901635,45.192777780128104,95.565493688609,523.118071293762,73.91208352487725,242.03889149741522,100.35356333003189,2.2543851833323845,5,1
457.5820523874994,3.661530487164936,215.70691206020567,164.85850241164184,714.1751211428067,103.95878987529676,26.39940907280892,51.910036027263814,91.00852574272398,519.5801041616268,64.31102834365764,263.91562924359243,99.65703995383873,1.6834087708833616,4,1
465.9031486124832,3.714720272351252,193.46772438677576,136.82817444591822,773.9084729255926,120.31368416099708,27.184714321917596,43.87104129609136,98.80859509514482,536.1902363226196,68.69505332805996,298.9634098218395,103.06889167525223,2.5742446350241717,4,1
491.3949005836662,4.218308570174735,239.70760790520586,135.22580812324452,754.4414969987578,120.63537955156816,24.573546479194544,58.59992265164702,110.702643982084,455.168210500316,66.23539065448833,311.3781522133191,97.67161030690588,1.8186201684737937,2,0
455.8862395076815,4.155528468510834,168.93929444320358,148.29262841538784,861.2319365607588,122.4259593715346,27.679203480960318,57.01809834264168,80.64860398542453,501.31713467027794,73.9997621485807,314.7351917364764,101.86038891348525,2.163109084147954,7,1
442.36554561438754,3.2939853970990116,171.92882740872676,156.49459392065452,780.8260990538057,114.06270806314258,25.44295552161235,49.17914190523178,83.57013901661374,455.1893139741216,67.6439848011005,276.58516734388394,99.12639169461092,2.248739841021452,4,1
449.6163853171201,3.9871654978433457,198.3243380022187,152.45886095390145,842.2703278391027,108.04530283334488,28.651389763468337,45.5135340928789,111.48244247068708,455.8834212093891,81.00461908785684,285.26669556541935,99.46286873393554,2.7669399806129853,5,1
423.46386142666324,3.6149504569276703,245.0807621784224,138.86011251341432,826.7928471244319,126.24606644894278,20.433384085222436,47.8711506361232,93.413558738435,514.7225975098777,71.08948694948526,291.9148858008162,95.90701250338363,1.6419450274598295,6,0
439.57930303366413,3.6497287448413247,195.95322186259824,142.40866063212167,756.8846531918159,117.26393443465831,23.953674216979394,48.52167193957286,91.52695742905254,537.870017565435,75.9099822711161,288.5662230349332,98.92022175306863,2.221179753744161,5,1
443.8607634283034,2.9923187505070015,196.33509513581436,133.00436478933807,770.6520895011857,121.71244047684996,24.784560571446896,51.917835658535324,89.07691406670268,492.24603462309847,64.92694586598317,320.6405316199399,97.29378724876409,1.5266866237215302,6,0
442.1386740309811,3.4488842703835414,171.16179287776382,146.62980147555194,864.6908845407363,117.18539920111705,16.983377846585952,55.19816164650558,99.66748800777152,565.9600172883801,70.05861074542933,260.75477670114213,105.64960089380547,2.861047844047204,6,1
452.2853230805058,3.2561529228990307,218.91859170540758,166.12531821766365,761.2258675657794,119.93938174226405,21.742141799264395,44.81743684620705,110.8899784704823,508.47137308182147,73.08086549185111,265.5211318487117,91.57964168070619,1.4801555279295096,3,1
437.66370101426696,3.7484176444679926,219.06352508658708,149.93605593534187,806.2433805097739,115.50714652064192,22.559202236923642,55.05454782671372,84.67849167413324,468.92857870333955,64.833498790891,291.0469411305766,104.44629945722231,2.191838114578324,5,1
466.8154600098671,3.8213241501208417,215.7815040279982,162.8912138213918,760.8729356836777,110.31916410846172,27.844617984470048,53.08842806405649,89.22498618248532,456.5308579250531,70.10171355905288,259.0318888998698,91.27871159655508,2.779730183365776,6,1
450.00310597377296,2.8776540946951066,187.41558654305274,171.8310200658929,784.302390654207,124.73731660768657,22.8794699610562,47.461052545966965,87.19418297145707,540.7252593673886,75.25929516100268,242.98589163130015,102.6860781880498,1.4017391519151512,5,1
449.8604951829208,3.4933895407987188,185.86586463253988,141.1797222144455,797.6919028015014,113.9687991177388,22.545763038082068,44.56644052161495,95.86291981455423,505.1383646295926,68.36274996038257,255.19568521140735,95.81134882893787,2.2975486033702675,3,1
445.08157925230626,3.836558451438276,174.1375549919006,147.20140120416954,760.8566744851254,121.6395148089481,27.452457341968575,50.581163586462836,99.77914750120459,527.0418951267793,65.74123747713688,292.718562346537,102.8316113208417,1.5036100163188022,3,1
452.3278602578847,3.4439963113059666,201.67745003521867,182.56789291593742,751.977652300806,124.10460221902078,20.146268062629836,44.702057581489576,102.96746228266494,393.6814695818703,79.01479727736259,318.9159244897643,99.39320495991917,3.16418222586944,6,1
462.3764739700145,3.7187190935007095,178.39185341442996,171.6651511796992,814.3136668388721,114.13187284396918,18.786267797669282,55.11840424581303,96.13374626096224,509.7868813738775,64.1412734917685,319.5409960317848,92.83823322055605,1.0543144381690612,3,1
436.9930467643365,3.605349640288125,176.45166989501422,124.9139321128147,757.7631295604411,107.96114365627015,23.91522309979196,44.38058613933897,110.15466232994893,479.5290324601505,70.77945314190794,347.63746297617274,106.79309269921909,1.241345328214544,6,1
440.12825266387114,3.602498069585788,191.52618566178649,155.8072247409136,759.4671222150664,144.26085613853053,20.656879695764935,52.73853096581572,85.4019761343407,444.24961856332544,66.45861830831596,303.0499535271258,103.88323154927822,1.439239225025331,7,1
445.44410956835003,3.4186055065795107,190.21687649631568,150.00839988509543,753.0473428149014,114.72228124054574,20.770962116021053,49.59691817592459,83.32367558053836,497.492706282063,65.31582880571224,307.08601536986487,102.51587728499427,1.4553401756289799,7,1
429.81193614790175,3.135025758759287,189.2404294235609,162.39679666288143,796.1045976834341,126.23417158601158,26.720301375063947,47.19687557812399,101.75475434652967,543.6725413461783,73.7082854135163,292.48778888914967,96.79815127806067,2.260434983039982,6,1
437.7111321041775,3.1635409557724916,209.32889193680523,138.82531848772416,847.185081719992,139.39463549570124,27.62792151373774,49.48584246840355,90.98265855677069,590.6491314567887,68.97232044168732,293.9452060279197,104.05542306726232,2.8998401364214614,5,1
442.8566868968301,3.7128057543365953,201.58095604300559,137.40587441938993,875.3264318156133,127.89907746853893,27.366592647556374,55.399915848171005,78.99247741267776,509.6860962929004,72.02943232709849,362.4163599478564,93.58374189200879,2.5775645427549727,2,1
463.1158377106909,3.505837476655665,194.23687938977764,139.85893927059587,763.7040957003111,116.99557191172448,28.3263299809217,44.03871295503105,87.4714962269004,471.6341364015391,58.72427139437403,307.84054311765095,88.86176938746334,2.116951143377075,3,1
453.9384199350289,3.4584463266178327,203.66025856622963,141.4210718070235,907.5155396665606,119.32883612464889,28.723402960044403,47.93921722404092,92.0452692327782,469.21989773926134,72.51559890981031,310.44822807282367,92.18837065403899,2.0047914478381954,7,1
452.9038486705132,3.372832987303294,180.16945917790736,162.2298625021352,749.7647569646603,111.67392780261152,18.61422937351921,46.24128217656406,84.83001409674117,538.5252944826079,66.39702044091834,265.64657091249103,95.39005981836793,1.6968188556648798,7,0
462.76346943251957,3.4084433463557744,202.10557247819355,132.2819824027668,854.1774261663935,128.81696426957743,26.3512358797884,49.806914332256426,81.88271450324329,460.1250352338843,60.60574024420866,312.31266824715203,96.22581557954733,2.195536495267719,1,1
447.93942317400905,3.8140735383464417,203.01204985689267,140.66079150061023,763.9151772992278,125.66270708058688,23.411175401291324,46.57659553743673,88.338966907793,524.8970951811106,79.42369777393588,319.7499593797039,97.82578215576956,1.8955980883752401,7,1
455.85697274893334,3.399426775439592,169.93906281285038,123.16481414247838,756.4538365064994,114.85574181738257,22.75772726202869,41.15959378806693,81.48373263710631,511.7472475983847,73.00506763247313,333.309303838136,98.04783382690181,2.094705453002376,3,1
448.45167370601257,3.0976805860095293,219.91387508740723,165.1067673511856,762.7621921607806,109.57825192901555,26.681243896626118,44.724312265338185,95.08104831184185,507.32405567531515,71.13638706339799,318.902535747045,96.75080858854484,1.629547534290122,4,1
453.98043524099444,3.723095532662052,182.37132589546007,169.06545149146712,797.377615017544,106.78766262336309,19.809113560312746,58.18877509269056,74.44956122485723,437.2752564047683,76.24709424869933,296.1978531574805,89.41842613916911,1.3990856988644012,5,1
441.2586201358263,3.4385370008405847,201.8061959841287,145.0938985370432,828.9986085516805,129.865140038042,19.74667418238304,51.23364105643137,90.72339942372338,485.721671910947,71.23784640694268,294.91730061410374,100.96061683805324,2.012734671898428,10,0
413.4177426258536,3.509418759659833,223.2882348107054,145.53075952780165,833.493401895241,121.2037312895556,26.90071823224515,51.061810269040386,94.15607910486642,441.6736883456955,66.00692994928197,297.8375796369329,98.67662623274333,2.0016849127581597,4,1
447.9858125672054,3.982273491919853,218.51353515427738,156.79832853424347,752.8007492326055,122.14984536332751,26.463358052532694,48.58693804995681,89.275670082013,476.4701039473294,69.12516194758811,303.2156113068271,96.51828207726308,1.7020335688239656,3,1
471.3412220414991,3.493831832794848,200.6866677713767,172.11723011067383,750.5170356244365,111.77051374137642,25.41019796761453,49.74187287945415,98.74578317656699,536.6855464608205,66.60816893403974,338.02951322418534,106.99010645686347,1.616744953591554,4,0
463.89323103362386,3.5867551019356174,192.75001994235862,156.12916121345876,754.1680653318226,105.36496896695594,22.36025978583059,47.8509403858431,79.03551012636692,549.2423161342226,67.49823553587645,332.1791864760362,98.78917317722318,2.279203144537068,8,1
464.4809622688676,3.1463229526105025,218.95023817151133,139.5368708628733,794.4322798807244,129.62613574711634,27.231488903746374,52.634642655205326,84.39128398899109,508.5579459796354,63.71148167070379,322.5873286117734,100.29265866228087,2.227474097877187,5,1
468.54196082709325,3.434099164294712,213.4938995561724,125.7176614202034,789.4922197904563,120.42039036997231,27.040908676181427,50.50404427129686,87.35972282999289,477.1863795026406,65.1498971209984,360.8762994141089,103.97925075891567,2.938275078319911,9,1
451.32986386442155,3.6828578135625802,187.63269959911742,133.2731060600477,752.4912268965103,129.0723466005762,25.255913545142363,44.14365894920692,95.70179655527446,563.5239732944167,74.47292766334337,220.31284874169523,92.55069578886253,2.6904649132274296,4,1
452.95973561108394,3.0333878798476275,184.1021270599662,151.09829175468698,813.4801847031622,116.14066873484435,21.468036876190688,51.26862251552096,91.74806068836897,476.6563746497528,71.66037719401623,286.19824277021905,99.8869497316605,1.4030787617093552,4,1
440.73522156848475,3.5602535279347127,158.55289636608003,140.17008715198807,913.1284404167659,117.63182156963141,23.72425496281148,37.70629038364225,107.14692786193935,454.57254032763984,67.48493473734246,299.6618214265685,103.96273927008313,1.9045870870550656,6,1
445.25890715959423,3.5302373217934417,203.08063683367175,152.9245155898614,774.7642269082424,127.13298176620631,27.513501032573327,52.06929599838893,83.55371282420886,527.8593187166714,64.85984067768432,279.8331157811708,99.54335548650543,1.317615641931095,6,1
459.2365672465671,3.5123862366762317,198.34604509963202,141.70613975645648,778.3244089398233,127.32348079650525,28.98157366840536,42.95321571581739,78.84008881135479,518.3093617027882,67.97301510596033,272.10747826042825,93.48328706657205,1.0803820654652365,8,1
468.05826655753225,3.811147669597473,222.72382749285083,134.12780353058383,827.9830785162185,127.97565622685954,24.020390189871016,49.51972456914962,104.31271186346449,478.29696356296637,61.580750985164656,248.4852107891038,97.58762277527363,3.097744543821694,2,0
447.908305864785,3.6003315544545567,207.18110186960735,132.34452552820395,772.0591854131602,117.04798746897303,24.250981096575213,44.02686198401906,78.55313132854094,504.0090091827827,70.63315299712177,290.6601416374721,100.94493322871824,2.7401482518892437,1,1
443.2471610272288,3.943421569506933,226.6845838834538,173.43531764059844,833.4482240859091,126.14547237650868,24.51493267592482,50.014115997665485,95.46450169119235,517.6863995540709,74.72735740996282,326.8208116152549,89.46561054925434,1.6850980422852597,6,1
450.00791938284897,3.201923145321789,186.05271544167658,163.33481623775464,764.072864661048,131.0909946547672,25.824679026732916,52.89139259638111,82.17063966382425,508.1471536420727,81.83486330029511,323.2180902691282,93.23669502449378,2.6216880694763054,7,1
459.0181012339367,3.5407773701655043,222.76300661935238,175.95776927741937,891.6059803788651,118.95227988318466,23.256798099819928,57.514135426247904,73.44545319321851,518.3575581985832,64.48370638717941,277.43610341277895,109.86768447967555,2.695860156322554,7,0
428.34217775799686,3.5253400359169844,189.4216724179069,158.09926351132654,817.2387486296147,114.86511636225947,16.31744482728525,42.29321172494261,87.00172964949414,479.771405537601,74.51901222975305,306.6073523559506,102.42295113842457,1.0397679149338965,2,1
415.55728570294144,3.179223651873476,215.55192123584544,143.55012887077743,768.9988525461645,133.42747603316766,28.57830700494129,54.87736477835568,97.19599969981728,521.049801769584,66.46394277151062,340.72799445648275,107.41735280358141,2.4253018285086254,7,1
441.74194725762624,3.786888500627404,170.82483214938614,169.85011383734906,770.5654150265364,113.45554266448693,30.38406684148765,50.655763526887355,80.22583129221542,500.70231350333125,64.35771854974493,254.39798863964302,104.33158850753941,1.7541731994207084,6,0
431.6893136112876,4.197401991755846,204.70270598732378,149.50397997957347,774.3100123645983,126.29476497114477,23.16280042118286,47.74666423587688,94.60875782515865,481.12757913854585,64.35550935572012,295.23492058882414,101.96991821587065,2.1915475141888225,1,1
442.37789703529035,3.494898177654851,160.3062411710818,153.3126265543553,868.6374833124437,119.41577689480138,21.800039893243678,53.7992825252973,96.10290848949161,490.16460951066904,70.70367863213484,308.5948887242682,98.45460380528247,3.504931097893958,6,1
447.78329521773793,3.65150632648213,194.65725028116492,149.3576343138672,736.5624496199358,101.5843438351544,24.588698432829332,48.820375744573965,79.82647886784557,496.0839265630233,65.34603188153365,300.3004602011037,101.90606937192409,2.7926812027107157,5,1
443.2012738646548,3.5253555427445984,208.80707987755827,105.79643671073978,766.6029164770248,131.2859406747858,24.43748834881368,53.58765258200339,88.17790969030104,442.1848665175488,66.96577114353258,325.5190018205218,107.24982095431177,1.9358939354951665,8,1
471.78701301706116,3.2859245990278474,189.5806289753781,174.0710251844228,771.9169721537287,92.42146370452632,27.986555731488878,45.03865143436003,102.61659857861731,474.53363013720286,67.79799334631369,255.06521911014403,104.12769461583714,2.7108367519977867,6,0
454.9011714690348,2.953771916659395,178.99124742488067,157.3650591893663,799.2156016621531,100.15871933242391,25.163918324935114,46.83501483851854,95.20474095970994,502.5962206237114,66.30016080050545,269.8254401760776,100.8340515242339,1.0389444306808389,1,1
454.50711539416244,3.2882679550713902,216.92236938591867,154.94734591302765,786.4445153676603,125.27330079480672,22.62213150888645,54.718000263972996,87.90806028339183,445.9603585844459,65.93707723650427,320.46124028087985,99.13826465400179,2.2517864155383265,3,1
459.333107160651,3.082412485714481,197.93074420306152,149.0733590659416,725.4386084304768,125.27071198678115,21.044771648325852,57.42700261785211,93.32236385003135,475.2030535274168,57.854201187407625,248.93327816714955,102.49161793735432,2.2637383615143314,5,1
432.91750323328847,4.0112306234177355,190.20858705938656,152.45141730579198,780.0088658202267,113.62420142122464,27.59690255445902,49.82484050423575,84.51789353223641,595.3857991348749,70.43476645055935,324.3530352309983,97.33978696354714,2.352846515645254,1,1
465.586676811304,3.465467091823028,200.83791842308554,141.04081596230628,795.0224658407516,121.47822090303245,26.79853372349275,36.0635553732211,98.9095654270802,454.8296654071522,70.33835744779226,313.4945446869574,102.49237205207226,1.7457566270713973,4,1
448.8635357019681,3.3962242012858486,252.73338283891178,159.24869028460907,768.5951082460108,94.68569954221995,28.181679634275458,49.004753586957726,98.90608051681711,484.64744349398285,66.01327575132244,322.2575921911608,96.51022254501976,2.1909868850608083,5,1
460.0572092586182,3.7667461474363417,223.07005699563086,130.39352483401302,834.3387744523833,127.069754644706,22.095439747836718,50.16213058911215,90.96724732068844,466.65130885885077,71.80192135194186,285.9213104172089,98.23039556257288,2.4279863483972153,4,1
433.92214150439764,3.1634746691432336,223.25147336375682,152.7910264870582,845.9704214376824,122.49725487053597,30.515310698584987,48.83613311653414,91.84564925166156,495.32519984186655,76.98453766032843,315.29515310140357,94.8614726689175,0.8385190608421138,8,1
426.69361850975906,3.2699407885986345,208.71092637984728,158.42360205856656,796.0806650135304,119.54357146666204,19.768916478828288,51.681692808327654,82.00962499995462,467.4032662746008,70.11789916417142,264.83137289547636,97.80118477952836,1.841911613934812,5,1
462.2683448703754,3.5204216807745863,203.32970545154294,147.01996299265645,811.5270793425365,120.20841482137772,27.12880306420444,47.61545036201339,79.18370858345736,490.2702750683027,76.65128889578114,287.56485172601043,96.58136170756877,1.5483438663252391,4,1
455.6461428914628,3.808630697427044,152.07835423339168,155.56301688706537,691.9472001325364,124.93254176193032,19.271251698409294,54.194354303390135,86.98716204846775,471.25811859400426,81.1906596021356,301.090168208326,108.45957695554554,2.331069775246826,5,0
436.46922668463736,3.6505055135506366,186.42039307073736,135.12998411648624,778.9448613919084,119.7109847650214,22.629005854904598,44.16643363634479,89.30078632247057,542.205112654793,82.65262344560136,273.0375172632927,95.52752121386106,2.688919159752402,4,1
436.9550537808796,3.5744975427547647,190.38851173595052,135.51259843656055,850.2410845878957,101.2594449726878,29.683068791343878,56.18424353677071,98.50101997910392,503.2654815087819,64.05881956745,306.5432060410278,101.92417647803946,1.6940736520919775,6,1
466.88152176622157,3.523435320570805,162.50215871904933,153.55075681539589,778.8281708410361,141.96332234522524,27.494092763427968,57.75039411980546,97.37942200494649,459.8810937214712,64.08468496790665,265.673783136202,95.26558840323209,1.455653232438102,6,1
432.1588216069901,3.6200707566580324,176.85168419569132,160.17824481931578,763.136916180402,132.0080081942845,23.361338753538455,45.43470130969846,91.47866310687274,533.6318609533078,67.77785001637145,308.0595242950503,100.23448018338058,2.0585819727171555,6,1
474.6400942988395,3.5604958715387762,160.38327058154732,121.87701516747434,913.8844463015465,107.15055338045173,23.443488871534935,45.432000871984684,99.52431187498229,461.6693353587955,70.6435760062992,352.25550913161834,101.44957700977194,1.4233944941033447,7,0
436.49068898028196,3.1910083175669195,199.23352328605256,157.8303095266615,890.9538595097903,116.54862769523409,25.301866332506325,52.05347656888764,82.45211056948477,437.43679244353393,77.93325999921791,262.30003084147927,90.7444816303815,1.8867835114931186,4,0
459.57587888412576,3.513823766489945,216.3753194169763,141.85197749435494,823.3787456241079,117.6396580984396,26.542422972282168,44.063897951285554,98.61869509822697,499.8783005026877,73.13620610545478,299.32319651172224,93.011492558389,1.8340588881377164,4,1
445.07072286376524,3.177893402324674,222.13549037248657,147.10790869038883,856.9455305740024,130.78849566508964,28.75473814804809,47.5369856444884,83.67657028520426,576.2905769735992,63.9835643516375,251.46116825864556,95.22663404381008,2.2900513733008427,1,1
459.04781146623515,3.524324762870247,208.29568924158482,129.90723114652445,688.7032291020961,98.40731064680233,23.631297986174516,55.512634782280074,99.91755624051395,426.8934348433645,66.94171295762835,275.0113794572875,93.48381562975732,2.157597792377601,8,1
441.8382899682871,3.3558056175535276,180.73207317602862,137.22574139719939,760.6224279685647,115.00991735570211,20.164644809538395,53.68803382238482,89.89322828184015,446.7604831372361,69.78999896017243,321.0584751521834,100.42042600972758,2.0806984567892233,8,1
447.5581064089156,4.261814486834858,161.3586968296008,164.49187988295466,776.5021063413424,102.39363556662497,25.47090588114628,59.900981708447944,74.0137065876981,530.1010265264338,62.55420010927252,287.081141946296,101.21290104377432,2.8184252556452316,4,1
450.6137876309358,3.4880316848744863,164.86262601196995,150.4929506097032,788.2009950566527,117.14904484171662,23.627707487474815,50.85392073800104,95.84125731225154,474.3071440155216,70.06834228770457,322.2723041630539,94.68464022316232,2.134864763543731,7,1
434.9671881632779,3.0787281301215232,174.62034845491002,144.2583239743566,775.5027989513019,115.27499106915096,21.09809888575466,46.94580998860907,96.47636607600624,524.4779426898617,64.05782204470377,310.6765007603027,100.62099218466277,1.7910811119439074,7,1
461.11236518130187,3.4597459367969225,182.2228060392865,148.25267471053448,672.4986854241827,120.79694067382712,25.893006745938383,50.2562175582651,86.34735956409135,466.50044372232213,61.74639433221314,298.0644518598002,97.87960693114309,1.85240479428178,4,1
442.3017965029262,3.6558076236913664,196.80503004016828,157.3381773699645,819.301230935428,113.95125600990816,24.360658737721632,49.24705830295683,87.02992337284786,505.67848709636706,65.26507360265192,269.117622158296,99.50261983215556,1.6178476247871116,7,1
446.57100126989974,4.002009183845757,179.71671563746062,156.60741744245007,827.1827064140303,112.48976608609476,25.91953661940938,49.31721445398432,88.72363776092317,569.7789570154196,72.05510527446168,320.5646465549261,96.85788355197042,1.4906818556679666,6,1
435.0847593808723,3.3231642800183843,206.77951787336522,148.87459499404798,880.094939579499,126.19656691763149,22.316667399438458,49.88098145952134,74.59878549898983,452.21641411912515,72.0205785549326,309.12401185354486,102.43828366231072,1.3053287897574237,4,1
411.5649951180703,3.025271607792908,195.35452994401055,166.39438666345004,760.5845367612518,124.5467274094258,26.460131590976495,45.341166455768814,71.08217461523886,540.9504324054922,70.4832695834372,254.15878775971936,108.1746462846884,2.567116223353371,6,0
447.13458356099744,3.745051103429294,200.2109142348205,164.5569395536,756.4918421110049,125.51398342778242,21.048705409735064,51.41108877485321,100.41300510504311,527.1882718652835,74.95806830270439,271.06423220150043,103.87167107809289,1.640846471356608,6,1
486.18923132419377,3.0858203882301045,222.8050110534241,156.20058043695593,666.0007757017765,118.23099909509158,22.51680583091025,42.956683661207045,83.40745866071539,440.43022995604366,74.42791617106717,216.92913355345902,106.96695424339559,2.157957737586635,9,0
461.7690643184704,3.3691533675477543,176.3953653159926,150.81917674365107,785.3216581704557,114.2826141777481,24.271257306738168,46.415866960459425,104.84211287661091,522.3560209496709,71.02190671035139,259.03119581148724,92.98587608446854,1.850066883022956,6,1
449.71109430398405,3.4227138543467017,208.37409156584738,159.8598164267931,845.0555890531086,118.8114751797923,30.225455244879143,49.405606184300915,100.96321440911132,502.91224515450426,70.33190925012852,290.5987121693888,96.62145448863428,1.985388002372051,7,1
446.05663756187596,3.4791099640099676,199.72053543047852,154.71401132701774,769.411606890364,125.01162070068452,27.35447610564548,38.70223343672204,102.53756251415791,503.64376039654917,70.64773352610048,268.3243307895692,102.82617916399008,2.576900559031961,4,1
450.3369883921807,3.7067493371223006,193.33027438060608,165.9120010770892,907.1722409271824,98.23220299028151,28.23157751280337,53.84495768172459,84.79760838026276,513.4607026580682,69.2617741003146,275.0500021183894,107.54147087441721,2.0883282141810247,3,1
458.2067867276281,3.2949097153140836,217.7051264173192,163.49342065107462,787.1702582105238,123.94111930370858,29.251231100029432,39.734227450762475,77.13279050455535,485.9853662233678,59.128286366861616,341.7171047272733,103.25220213453287,1.5386626250605844,2,1
432.28780777036735,3.417881224349972,217.58028309114013,134.72619147873408,807.3496142144278,123.09138187334798,35.80849640743262,53.347938454490894,81.30494154724516,502.80395835769593,75.6774242240991,330.864399721142,94.86887957313068,1.7179437306065046,3,1
466.7148254200331,3.4957188941151833,181.07018408023143,133.7105524388744,731.8448459709203,120.62150906085726,25.1247672026753,43.53595355035919,86.42836218277671,509.6580970016115,71.98761415946838,279.15995436718197,97.8267133259056,2.429973013976694,7,1
460.73071973161865,3.5448793872556363,196.3567883228415,139.48125683393886,814.3610172587639,118.50686578128325,29.261202769389566,47.9754065464825,71.01416213719489,529.8423175554211,63.9183627708647,323.8061290320755,101.6670221829407,2.2415892687174854,6,1
460.77278588561904,3.5293481524123766,205.6242336516813,164.6420803510038,701.0340102573653,94.33880614067587,28.037905763205824,52.59565323474715,86.19659448700666,438.91355866487675,77.13908309636219,336.4461855871252,99.17670239184626,2.461206660402871,3,1
456.5771360821459,3.630801732566774,194.53986503954832,126.35536504843131,834.6848977506572,115.60146736899594,27.98809750992258,60.990697597397414,88.38657577991111,551.6354358596442,67.05010065893615,318.5564547475727,96.00613771140814,1.8807492832780215,2,1
450.2942498654098,3.753151852892521,211.70042664575595,155.9213608366199,836.2214088117706,137.89438711077372,30.322718854120545,50.58225988853675,79.64463222730645,453.7883862776315,69.46115498670689,308.96782449125686,98.54872778327785,1.301978092292799,9,1
460.0929185395023,3.6177902346952906,205.6238403582055,155.43814636639442,867.9645712168256,120.12901295568305,23.74206090704657,40.08686835900246,81.67611921403333,530.4651385658555,75.11787797784126,332.9496923315521,99.9278199062021,2.253323994345624,6,1
458.87721200612066,3.6360756570527655,236.65122480712026,167.4397208802929,749.0015640616156,116.92710161325282,23.50394492819086,54.76847566317887,88.23521183055358,503.1778039709112,71.10069679194794,323.0855393987224,94.5753934726121,2.1264094524709907,7,1
444.68938933588464,3.025333049976057,169.39441728140426,152.70508035995832,808.0281059148709,120.16906195590113,25.959296540445585,48.840407975704906,92.85029238648241,448.75374628805207,76.6768792095795,263.60717209327765,104.92254536268368,2.139504443580232,6,1
441.3959734065465,3.515068309749704,197.55128020505205,129.8518591412415,828.1908279693253,123.54772868628008,24.45190068423434,50.34953327229412,82.87341865599805,521.1258187881601,68.23949250478606,294.332032381831,97.8019258872048,1.3091281793456038,6,1
451.5278444289298,3.6438522644004827,181.82994976975618,135.60967559027816,822.1140819165155,126.58820244689464,25.95550255899452,52.789315149438075,92.33802087661016,462.18373443219315,78.45586605640167,283.4379275682136,99.63711886844602,1.6798917668828706,5,1
473.2353022724278,3.7186823583711353,212.08214910878087,132.27006717153262,756.7350362432575,117.71119836842058,29.688246355159034,38.87311021547143,91.09476806390285,542.7518222063056,66.11098550083739,334.57420451781235,105.17526351861993,1.5308158745293752,4,1
431.4133938651915,3.292294767729862,167.6565621990891,141.9308405050029,680.4009055221929,124.24919602393683,23.565559831881163,50.03268423867598,90.37508687214712,471.5666064599502,76.58811164654809,282.58733847643725,99.37500666947022,2.199683321545098,10,0
427.9871210137134,3.3022882175334063,206.92625420449772,147.25647648864108,817.348014844224,136.7665080276136,24.08596311221881,47.95153055023652,84.78388700914738,440.2005560957849,58.674453905503015,277.4344508607047,104.90179414220795,2.216897037110073,6,1
452.47141261854773,3.3277697974149207,187.39903137303318,132.51837710668414,792.3750160845041,130.06250799432715,25.52293301057973,56.109174530027595,79.33296323171695,561.3538042014518,64.49903974332925,330.80046223414917,94.85399569541637,1.978256054383898,8,1
450.7633155278403,3.660924169967403,185.31676267757973,172.05992985978435,771.666470351928,143.4030021585698,24.315044721924494,53.63556881669371,103.57161583920592,507.25294684947636,71.4898306924466,307.7901304779531,102.16477957308142,2.483792359323581,3,1
452.6001249655561,3.8101643164772625,171.07003592918625,130.12077942071338,838.1972681857733,113.43229641648284,19.25798251595954,41.86499038609226,95.0424473316594,534.6876450304526,67.99777286928446,363.3534705189492,104.19661177856977,2.745355828284973,2,1
453.6592979686275,3.3777619678125195,190.69848107597988,170.19155135793721,797.7540230922783,136.76189507502016,23.259617071903183,56.31312926174524,98.04585322448591,465.94112484986533,69.62625690048718,274.1327543158063,95.85066000760476,2.1765281863390684,8,1
446.6519661804779,3.772388694088115,221.69001060581851,167.7774454715901,734.04024736161,112.09326360077405,27.062119726712513,52.24762544080106,89.33096252128863,424.327578531672,70.20825460080356,284.43492211602,99.10815203816797,2.3355355149621455,9,0
472.34795157903125,3.5370439427493783,199.4962263294104,163.47453824533554,703.4273855451889,123.53566146740464,29.31264025279794,42.26379201273391,88.6877964619189,567.0080969635111,64.04548695936472,333.6590321228348,99.21162207684709,1.72922498008769,2,1
425.9864403228523,3.462714266851269,212.55360835748948,139.59350088754874,743.5518367433417,127.32476529238099,21.53614429738682,50.27876551746387,93.9252774458031,499.7429275128421,64.42035192563716,261.62698886216936,101.04819608574853,1.6372857591901626,2,1
437.5725446282963,3.436584731054609,233.2928364393255,155.13676318765351,919.6506147383393,114.89222808095528,21.52215280230747,55.17413056927928,75.32249319638204,519.6540757665418,71.1606102440421,339.5907707377766,102.37400808669884,2.504871942869815,6,1
448.4511785977643,3.723983409380647,205.27511169645152,130.83943299674073,836.1388386966387,120.87964277474276,25.090701408152007,43.92978063713303,81.08285224517485,526.2638312239308,66.6683352408911,263.77633853446287,95.44396900688845,1.5626288714991814,6,1
425.3521678326875,3.597673345036121,188.82400855875318,163.66360552550623,809.4306170987506,129.10461102451842,18.77321480536649,56.88788667922709,83.61780097577302,486.5843578793724,76.70516929480584,318.30670689633104,99.69972570849342,2.348531676999097,5,0
447.3621839335189,4.182747628294291,209.3450443036558,148.89022827695598,790.9169536407097,112.89729101688093,23.665089391038617,42.43685612936237,86.3634686196659,509.04918190462064,69.04026422283607,244.70846920604166,107.9565908678729,2.859735583269472,3,1
474.9220524859203,3.244332607100803,189.11407707371416,143.86019678119973,787.6303530026282,136.69383459547646,19.79187382134582,46.04386411676508,82.96243456423876,563.7581037002178,73.59375621553416,301.3538951996494,105.26938395812402,2.3267409390517653,7,1
450.3132973244394,3.655430510608993,189.91154633405662,131.64382730015598,858.3597991679547,106.1540337527265,29.107183899527396,45.28564582305154,92.66245700200597,498.7023508448268,72.21425834653553,258.91408531845514,103.96921922621918,1.9595337707606713,5,1
453.46051358578023,3.341239697056546,169.6021440076203,112.83740822056475,775.4702129048284,139.39691442728383,22.69200653694879,56.88466865794331,90.65157787570269,537.684052656783,66.99419471413657,357.7882571103446,99.03610201032684,1.3298378688054098,3,1
431.09752852241127,3.2392139039034067,218.52514982168785,134.42188714446365,828.8460205342146,130.01326134799592,29.95850255901708,47.54491931725401,101.14291751801102,420.35012079877515,60.098356065238136,267.8510846161346,110.64415412363562,2.081651395573141,6,1
440.75457887940786,3.4967398588895082,192.2799484870112,166.6919729341936,782.5786024854203,119.10274423672222,28.340564060375016,44.18591498669501,109.7900732569005,544.9504252127686,75.92470683810524,275.1342897305747,105.1490709425313,2.504548067196198,4,1
444.37205429514097,3.5412057438221107,203.64196491631725,143.95749857287794,897.0078315917531,115.97331788763269,23.061048106907748,52.22605439457031,79.89719807881254,439.1198280797611,65.10545461651428,316.0627786890862,100.18709433964716,1.910520028562125,8,1
445.23427354865646,4.375452066518028,179.28076142786722,147.4600671432743,837.1144253789151,114.92971737208977,21.784121089461767,53.305904952963594,91.17844171174757,540.37635296134,67.98120972260628,281.97127113309784,101.10205357795351,2.5107469639258886,6,1
469.22465692505654,3.4447562552950393,208.71895259430946,159.8333153743268,862.2778407341813,118.64204359742985,24.419362752497236,53.33768047397066,91.1642070256558,515.6252488180509,69.24578779216714,320.99860071057606,97.7057517263048,2.1825120146150714,6,1
458.36536591087685,3.160946381154595,184.76117523729832,177.085033171744,770.7795112655881,119.51504138451173,24.68606012722539,48.64330417386995,89.8864154418827,496.1631729570449,69.7449421594816,278.67329464002637,101.96685845579152,2.145670274293289,3,1
433.3281306459445,3.5819032152483157,197.1658255659635,169.87506982418458,852.9068056283711,132.5522624663458,26.038440831857205,51.27267150518474,81.32140343227599,496.0164711516828,74.80979331269509,276.36147130192336,102.96537516863457,1.8416058691079908,7,1
453.6975716764801,2.8776079887360897,217.5565206247825,135.41497494275717,784.3711287302655,139.68654100384583,22.670370131409463,46.748834568853574,82.6624204348596,489.8907562657066,70.02912028961639,299.1732388175836,103.51304042273549,1.2719780846917468,7,0
457.47332622745176,3.4724129652187203,215.8151862446506,120.86144142843891,805.5017411966425,121.99379920654007,27.239184620566608,58.37400838967865,91.92324489532895,467.17321922225744,69.36322954870334,263.49208479119574,99.09658053904776,1.7874445811695279,1,1
467.102235577819,3.5048075846885482,199.55939854966118,185.39421388650155,881.7523835309729,111.54371512010596,25.795984164999698,55.721025793289655,82.4371994135421,491.76094885479813,75.09227978272507,311.8909909400245,92.63150331186164,1.7834728379305833,4,1
473.7081102985256,3.7383801148835634,164.63737934586564,184.0348741748918,747.8612471621791,114.54273959363806,23.978814529852407,55.41478414520338,91.27417577733607,588.3223631003635,73.00326185943392,326.3189555960927,101.20894173089913,2.2877204130430195,4,0
434.77358712258194,3.792086674828354,259.8562114012128,152.82680394643924,810.16238656527,118.16909215388715,22.86387803374593,53.97057967286773,88.03240172363516,552.0922684313891,66.32214777009672,316.58989919977313,103.53396752965303,1.9923876869639627,6,1
437.83713733184493,3.3489291143276847,234.91717940546272,130.94267631627267,821.9002629259363,109.69877894703225,24.445345050703942,52.598666529975006,91.13326322497025,465.1598728591026,64.26422311260583,319.29842614134765,95.107233298224,2.54158401061245,4,1
431.13633211628076,3.45481579561102,214.45349649776597,164.4483980084091,826.0002190400405,108.21058597892622,22.549296244517294,43.77818757925106,82.37359623652452,510.70749609309155,65.88150112400041,242.25434340104,99.54583711002314,2.1406765117497493,5,1
446.48970211339525,3.2701637508167987,184.9359243681806,148.38024470981085,777.4607753453267,140.97127212373027,25.175316084650763,53.166506181278244,91.2597539386763,503.83916652945726,69.75390124905893,286.1505676242283,106.70732912620197,1.7478250884304325,5,1
456.995375616695,3.161581233557692,197.7281567659607,148.30528315340084,904.3132050404041,123.02613525946254,25.25631605565973,50.5713261503166,82.95237933218728,494.30826227961313,63.76973112414789,293.1880450306886,93.98262470964977,1.592562111758305,6,1
464.8100177488365,3.5929684338141903,189.13159140446967,163.41688264657694,735.253405732987,111.66866866319653,25.785121850429018,56.316820424754596,91.28556486925535,459.8888977345008,70.45376523581234,343.63358015386797,98.58132825105768,1.698312654915318,6,1
448.8607346453622,3.11792433542102,225.27711878192775,155.01562120309947,872.9442694316235,128.16603570357714,30.29872722901556,54.03709591191214,100.71516897951325,517.8359193922661,69.3540084510483,282.5607783498012,107.43569573969175,2.080384467996434,3,1
445.20228715117736,3.375611929828441,205.2500578170367,132.2127763347758,860.753280279582,108.21653875193155,24.60266584090128,52.75190235076511,92.08787080012857,533.8428651965854,57.28740483844719,230.94796521629513,100.78857677056885,1.8136033958397795,6,1
452.2763698837311,3.2014478120302288,184.31672283280335,145.1288709737704,895.0444394801842,109.03987952128946,28.013793601373447,41.57887601234922,92.57496305906446,466.6440525973288,62.969124068663525,269.88091479009523,97.3699408587988,1.461780356636156,7,1
437.47285647554963,3.664904955887078,190.58489801750437,159.9172939299202,720.588645064609,111.96957598935755,25.688762190927104,49.554997316957646,96.53765213998038,578.2216566915683,55.57124878157923,280.1642034783663,99.96484203444797,2.503357928011095,4,1
481.3430808254216,4.040429029779946,222.4237628513981,157.65378333607526,756.5584256055145,136.54513280865032,24.285267094304636,47.21053870048172,78.7715332442139,560.8801299694221,68.28048469477845,235.3055359821704,104.1295856613914,2.076155678899998,3,0
425.8850845932291,3.1095236051590005,232.00195693640956,153.93024861537714,874.597152958082,117.47119934221627,24.6425221901463,51.26182962091537,103.7513725897841,521.9266223580493,75.37006822673,329.06107562117626,98.98247232408121,2.1373597474800534,8,1
452.77110868343584,2.9440944551307293,230.56663126972492,164.00134431713798,706.1480422684846,95.58293013097513,24.82352077249585,47.92225864278678,81.55528005910104,450.73121189324746,60.54671022285998,252.91259903444825,102.98791057469538,1.5886881177153065,8,1
480.3540932884446,3.4625339343949797,215.14064130107954,144.57424518274104,719.6770549479793,132.10065933175593,25.83930312318465,48.62027111953347,97.0372879789515,516.0563450393824,63.388565901033175,313.38064644696266,101.17495079337873,1.4792011305221064,7,1
450.1019976684,3.5047093387873276,194.94750262394726,152.68004662828608,775.5846106644254,116.93618635837643,22.12203770434309,52.29516952453352,95.97527989805059,511.2791200625786,69.1813106636341,267.228098229104,101.5853920517432,1.9188820050890198,1,1
447.14941447497756,3.5655977920271895,135.1697234934176,99.366313497336,809.5996894311133,101.50591994121595,20.603978849665097,47.83930943215612,82.78266910796192,520.5262110487399,64.68123485573287,345.20953101915234,103.30770755504066,0.9858922902706491,3,1
444.63831865784357,3.3661038454296968,205.94320047616444,143.2552470923578,879.6112536824387,116.8331651203659,26.962892180422827,50.60795769787006,98.0710890941341,563.6185708915895,64.65663616466604,291.71538906665535,98.52585958513353,2.389906654982171,6,1
447.2941247735639,3.4398082103523704,199.963424823118,161.45854362863466,790.7367042534821,125.21003896604903,27.694371497743777,42.40294054562847,93.98250213130648,492.9610378153352,72.7079705308658,285.6266503624372,95.27744623563856,1.647988313060909,11,1
470.59272712014797,3.6102531231621806,202.79964192642709,144.14408299324288,769.588042596773,124.0404916653297,27.23690749840841,45.837992616199706,105.11982915521806,581.9130631862297,67.5255227771354,315.84763339969976,102.37197802723553,1.8661476280021447,6,0
416.8220713300574,3.8121292677934515,201.07794694066413,143.0065891242433,815.5694968848213,137.98414979164818,25.464916055669416,53.2802178360148,91.54703001073034,516.26017383975,62.56637556301009,269.78098546437775,99.33797943611616,2.213459649126301,6,1
473.0015055194449,2.913485368904515,173.47475676101686,134.37820572337773,823.4798241647201,111.47232137430069,27.301673882359864,43.84903941651763,89.13165334781922,488.3814729735494,59.5614205497145,317.26639421682603,97.75944387043307,1.8876824611969647,5,0
428.6406427132478,3.3893181682905613,211.14817113702372,165.05048839093718,822.0619911085136,120.46720120264972,27.140287078051426,56.22862538801498,85.88189977665436,595.9750882682565,81.04203885031866,285.5499412549052,102.63192644654023,1.4158127721140823,10,0
446.0002150614838,3.564142638182319,212.64432628063702,158.22694910310855,791.1006896024328,113.00430721421579,27.362888076864863,54.871996776506606,76.05315782919061,533.1956760008036,75.64154527281336,282.16194460169817,106.38673540596848,2.752850179905394,2,1
443.5613336955201,3.224607168616779,213.6467756411932,162.38121896734629,702.2456943040925,104.57807105812778,22.421377535973658,48.65885032330107,87.45417948199072,481.8106445217011,67.74183326968992,297.3729386914816,99.22710808490608,1.2337089957319858,2,1
458.8282990465608,4.01935088953019,218.93154007146774,124.10679057063166,754.1192005446834,128.85527372305955,21.709144608536107,64.99367052751232,87.79281284592898,503.3686635578577,70.43929005831968,267.30988692039983,100.04224769279055,0.8817274463077178,7,1
426.0281347217438,3.3093770359313788,212.08103289843245,147.5932493510155,871.0135542633731,124.6326956914752,23.834292259743187,56.21551788924147,92.09646546045948,525.4093208741814,67.55734468951506,294.2732494624,94.0911639043681,2.4373001680606943,5,1
456.9325899912291,3.487612193897815,191.7994117692218,145.7983348837499,809.35344689883,122.83678449698853,24.947847671372035,45.25360246647132,78.61517511294028,493.96555892858635,72.55228365395625,310.1845514136782,98.88652695794065,1.2702844047262425,4,1
480.3646443493028,3.666806629052687,198.5832630416782,145.79142440102171,783.8738940446472,124.26790193258644,24.27423661860313,53.73087026850024,88.08790231050497,505.356314761798,65.7289281614106,230.73775803846712,101.10645223425425,2.6263914372670785,6,1
429.5523899311078,3.3226145633594317,201.82249734506755,140.75958684423065,855.9084274186987,113.1452714731158,19.36992900598637,50.329315331598785,94.61001113617692,467.3118558534911,67.28413391761589,332.739225886128,99.8977795065613,2.1884441021891607,2,0
452.84559251415595,2.946028085658675,202.15398898213238,144.80843592329978,743.4941683815525,109.94304912681807,30.165077836405427,46.116439545702946,95.40407740394014,432.5922187676837,72.27700420097248,324.479343903837,98.18922083572949,2.141501862920831,4,1
440.0702673330509,3.37140364192504,219.9643531194346,162.74467174059978,788.7325933143496,120.3764737216936,24.177862033342794,44.65045428416896,75.12147859090138,504.2567729097885,77.26929552223204,244.36268476300887,103.62920835066784,1.7154858495178433,6,1
456.38830809289556,3.808832166778112,212.8733750604498,121.30722969978257,806.8879202587019,131.61211402411615,25.51811324973086,54.9744666744419,95.6512528692258,505.6011128890355,73.70707547331052,239.68703112934057,100.29003839289145,1.5872997742692656,3,1
450.2872166612363,3.3989314619644584,241.54686879139905,176.65942152045682,777.9311248352685,136.08077135453547,28.733646972289176,47.01027267687933,88.02740869502807,521.0847836623142,76.16956938795464,325.25719876803583,112.94401559190825,1.811872913785655,7,0
440.37769636433535,3.2460697095623066,244.12937959769346,157.25761687539693,805.03814114508,127.95432706807433,17.965083191436385,49.49061822481474,88.51991298001157,476.95241171575213,68.43791331244411,322.93556725548166,101.03859632428052,1.5613910592475628,6,0
457.3180842730661,3.7777016628508164,201.5929916522785,149.3650215650968,790.6153034289117,120.29174426768095,23.464918384264863,45.39487035886736,71.0838770411533,446.3778282183734,66.88494796311528,318.6910426197418,86.26748573654777,2.6038340024634308,5,1
477.06522164680115,3.4007675311930843,123.2668890308126,163.6025121955939,730.0328476107062,122.69783929399937,23.838648179260588,46.25921031350705,101.94856930046303,461.38702121010607,60.308094304590384,257.1922858949305,94.43984195632427,1.6286256192423394,3,1
447.13644312409053,3.346951755904935,224.73664932254533,128.22247882247348,809.0738940939528,120.11593859325372,23.991069863648065,49.36535399964264,91.41439108009035,542.225350273593,70.36099178670642,354.8592667123045,102.66059639634852,2.253173630285591,4,1
460.7963691322227,3.544836826898993,189.1924732202589,140.02948642273478,733.5824104243566,109.74056660300572,24.47954022785814,51.94091146362076,77.74831658781835,473.33554751169714,71.8952351567822,277.3499739955342,96.78345100029435,2.5026038640656907,8,1
430.60090563193256,3.731225062885636,183.97032156337985,148.1838685141417,808.2807562548361,120.24647378210543,29.341404395334536,37.05820418224276,93.00161259933174,482.31676056784954,68.49997302136397,307.1842962305475,97.09384866085227,1.5594077299899511,5,1
435.65345434772985,4.214514059519764,192.03109450021267,170.48340555648267,868.7067912075055,106.65173182411507,27.02037662718167,50.08459899583375,92.7558275267762,487.50345744675553,66.11649336950133,307.5533706551651,93.80385078023636,2.1882957092082505,3,1
457.08609416820565,3.7481708322972267,191.06713906370788,149.30255128310162,785.9488401361973,118.7592277389696,27.874105805886487,46.26939493707482,99.78035322346392,475.2289532285284,76.21701719921566,347.7879345839207,97.61633764674835,1.553060092446409,6,1
472.2617404280395,3.847951989916503,212.24539620210786,156.7508200677772,741.4258435014507,136.36105110596318,25.141360815432773,57.01181326725113,87.52248984567298,472.2715668986867,73.15902138598327,303.7550189983123,100.96963877937142,1.9132371380834408,5,1
455.3342002317849,3.3482101403036433,168.8112844174755,141.1563150609581,793.650609339751,128.22859222783353,20.801880861563497,64.71376323002718,90.09596855150869,465.15505741464756,76.56412725259506,312.4752406702359,101.9291785719396,1.7706825317746842,6,1
445.3041295421527,3.192239568209157,178.44558508416796,157.30263103451236,758.4014445960735,110.76880815763471,18.76090889456198,48.20360482523142,84.85753759809674,556.026262982728,65.23210452491898,297.6862236763775,94.90052174251113,1.6522797477632754,5,1
449.9893710813503,3.5186994048857367,206.86317108394834,175.15859389461684,829.7254501315734,119.27570930357717,20.411776830305108,41.38885719643403,94.7835889119419,527.2040273337172,66.45882936725988,264.10201833864903,104.02703056658243,2.0788931859578734,2,1
431.24388399045426,3.532150974577879,212.45888060826616,164.9329003751117,792.6005626238573,111.65623688245262,26.079297112498057,50.58438484959283,83.7320772665996,549.9128309260095,76.01588621625798,230.44018210689057,94.04315455097539,1.3929415823547553,3,1
459.0677298953305,3.1764461775906208,212.83083289872025,148.7781601833318,885.4881625832287,119.3748623182279,25.095309138092905,48.972853352533974,82.85607586335816,557.9735902584335,69.76326460122104,300.97739624381956,102.18978054495624,2.4646129561379135,4,1
463.23499593485116,3.447411641028796,184.25927442133403,160.13236270898204,858.1494797838669,130.41107816524564,24.369509057331978,59.85675324500645,89.45761969776063,406.0048081026807,67.15447944160722,257.62910728455665,101.68523387318349,1.4592311491358165,2,1
443.21864500750377,3.6197952805157394,180.4346870146752,158.6627543191082,792.3459747759299,126.53007938309904,23.89426927977959,58.332946716877714,80.19308982956937,513.738185681123,67.5024248811858,310.5053164594161,95.32820907482756,1.3664557222089284,4,1
442.9493677836075,3.608118018505424,189.86730332424162,157.59881507545913,835.7804533986546,144.84144080745335,31.03516472632824,54.326874852982826,102.81704974831388,476.5528546440672,69.94459736932848,304.46250261552467,94.73342236958021,1.8738517321925365,5,0
453.9881734447807,3.6512863560152815,204.7974550456945,166.67930041290614,780.3381795418577,131.92477402507572,22.531289227070577,47.06652959393671,105.418133821935,544.6723857741339,75.01475907917705,303.7330108814208,101.91145220302441,1.8137488229915069,5,1
443.44920395939107,3.587289419041233,229.709547385451,166.567165557562,801.6978442582584,122.04000381077691,27.783458368348178,53.388832830904015,86.37127931662548,470.34115187029755,69.19743573954206,268.41226141612606,97.20058740698654,2.1777786031280266,7,1
449.00801078061266,3.347897402218983,159.051256284585,148.09262104687673,781.9282901824844,126.77149974133293,25.005738808062983,51.32503179534152,78.90723994754268,457.8340097454516,73.95266415088889,331.096322290841,99.04750327345052,2.0424162128284604,7,1
481.4958268374977,3.345829812005347,195.58542486083266,159.62818592216655,838.3227979924854,117.97556825816665,24.817181464642008,51.20661601649695,92.69273631121649,442.63816557387594,72.33688888423023,314.24313291688844,103.43667908957396,1.1863197581856677,7,0
446.29461448881005,3.1403145806018373,173.34643117949594,144.2535761826031,871.6494138354789,108.72495752913504,28.52991264585023,42.20885075716065,86.14317985624861,487.8930035608479,65.60830479909514,264.5490065080625,102.39568580615489,2.4932834122903125,10,1
444.62489771968166,4.035432511755529,166.9551464529302,136.15391405526634,839.9324103595571,133.0577657828752,29.387591148074335,55.30897669226823,99.39744906022426,536.5978105011325,65.60435316006438,362.05642751766794,95.42027742452714,1.8613302717297644,10,0
440.2868729154726,3.504035109385788,219.33913290689634,145.9575936644402,846.0968300642678,130.08991476931647,24.281351629345487,50.539041641556175,83.70282723576076,510.24668867445246,67.74866704034261,293.67626047245574,99.73210404851586,2.120729649300051,6,1
461.16287957249904,3.4325440832615444,210.89249148998678,148.85582772390626,846.1516718617864,117.58945785406036,27.397608157726427,49.495793262277125,94.35610577942754,451.89406939455426,63.31581172668866,259.9714049802358,95.32642399053582,3.101077609834415,5,0
447.28163740172846,3.2213623755642624,208.98867031894525,125.07628516233012,827.5627961167355,122.73935736931338,26.091674086450162,46.99921752495586,90.91194871513355,586.1063636144756,67.42930572100303,277.2494404721451,104.34969474978169,2.6432211399285244,2,1
440.2594044251786,4.380697370698334,218.42051679461986,162.9049883912508,743.0356920394865,132.40939187384805,25.022311416429744,46.03191750173311,84.58990791509272,525.9815455796627,77.56716708365693,254.7332741530018,107.6825843214085,2.1052646316055004,4,0
469.8195604840952,3.1780015903331313,190.4056220646773,108.49011866096403,885.048575970825,128.4635142620602,25.612764827971077,51.58629290639491,91.92039862793553,531.0964046303075,69.84304832086315,340.7828075306071,95.77452342403303,1.3134650831451027,6,1
471.2940450677046,3.371345622318178,191.34724967332943,190.72225409229483,890.2205413349212,105.368987487503,22.935973555465488,41.25418599070959,97.0282604677988,551.4011530939063,66.16773666956273,332.4134498048756,99.84416448016819,1.321832514947948,4,1
440.99364651391943,3.624751050885818,243.7146123344515,172.5281870069448,788.3060198343316,122.43620021489824,24.081701820006746,53.947493798250214,90.69478815244318,434.39137645496885,79.57872325910239,322.18438724209113,104.58730505665555,2.5810221687539094,3,1
422.0019007295908,3.680063889723283,195.0685789148085,146.0848691374153,781.4651042391909,118.32368474511637,23.25809416074188,44.72947281502157,90.77827732101007,463.5426344564847,65.34691340136898,316.5342570555855,100.12105504164151,1.799092126339904,2,1
465.11270534755386,3.787379616564705,214.70264226108182,150.1413954084566,830.6205826457688,131.1300069913868,27.704130149286758,39.70659656897354,83.0177325771706,532.9204542769709,65.19058516597306,337.45026482449117,102.80752643690214,1.915792571068965,5,1
439.7305526135999,4.042282552330779,200.1276308192663,154.54457810380924,827.5406417591753,130.31042738782662,24.714396653376813,59.109476579630105,99.15363838323309,467.5704668791409,76.1474284090335,292.74017362734185,100.25803165755471,1.4272657659323467,6,1
461.8593839874415,3.6518472966382136,163.0348293984317,141.16259418016588,789.9026965623491,133.18607828178045,21.106857926154884,45.709564753272105,98.35637262514547,488.99946110979806,73.3065902980016,312.6798643043717,94.71598146056445,2.2229256139344535,9,1
420.44844273432244,3.1831907600099996,159.10741992397465,152.88928721380404,737.4987172206198,108.82105661279792,22.829688330510734,46.389204192391524,86.71552649050803,496.890373886748,69.34970573736807,275.64325408848003,100.59462508588936,2.5707064102131403,7,1
463.38896007448966,3.4229164624634656,188.4203156012019,147.8400003344751,815.2850595374889,112.15888465943762,15.402206064363465,55.672691655040374,89.00569232413604,448.9037844548033,74.15954449994581,295.3965434267658,105.63641819616525,2.7617750629106643,8,1
431.8324210607883,3.5923497117541654,221.12202503339978,148.58590924153552,827.5718269087772,131.1408243613544,23.516522194353556,59.272154502583206,101.31376538152261,485.5673127146544,71.50300000614584,313.5023151950217,101.57146034903789,1.775925090384717,4,1
460.96146178599787,4.120467812451747,215.76583313272008,152.72191595220957,836.2910574019398,114.08354184657554,25.11293519529145,42.33499210698285,80.93143343162036,536.5801286940733,64.06903792130588,207.56571528670239,108.11837141894597,2.3224392329395678,4,0
450.2140960175465,3.080658356472711,218.28154328448068,130.2970830246901,817.4646386177104,104.78567019085693,24.59159245339908,45.21915969874665,94.83430713087026,529.1781555927137,58.01207646492847,281.4086767309585,91.14248070489286,1.9524565906067852,2,1
435.69090870905035,3.860772951567568,180.2590764212737,150.59354586200473,786.4442425819045,125.32596487614066,30.940463054594176,45.58660588919702,85.53108981495097,544.5205864786988,67.16327424146355,304.9496141932255,101.89523724820103,2.4401392839230414,6,1
443.8944553060983,3.553974310863925,232.31744980244628,152.45171619926217,849.7001019753139,114.52781559734026,26.72471812274511,54.674008313478275,104.22462301401313,540.3950349516318,75.4246241794914,297.6745180217588,96.7599600740841,1.9980163997031186,2,1
460.2947768543505,3.7513491605688443,180.70213399627232,151.9327443203387,803.292424878296,137.897907703084,26.591355559267452,58.19566063964767,90.5075738293227,516.2349570281034,67.85764955826693,286.4281102276341,95.62184419437114,1.5879369519085704,3,1
451.5884167967285,3.4694015850092206,204.25648797339937,146.7625386684577,776.753849281764,122.96184553988464,20.070192896289164,44.5987371921096,100.08302814512034,513.067139932388,72.30048599174621,317.6745581642243,106.67209304285865,2.660078796497128,3,1
458.76619470708727,3.2472702109621023,199.79295420184528,167.06786663954057,790.967330897714,121.60259286641666,23.906073837648602,57.0737266898411,83.90938121231098,510.13323040426474,70.92242724222534,278.76862880375836,98.7249751115531,2.0492695771391145,2,1
479.6466087677323,3.7252618338203995,196.52252359370829,144.69521167677672,712.7015483762509,116.30756108384243,23.540011578028913,46.45482944235649,80.01177054140585,474.91811330984154,61.532498526928,263.3427762004039,98.24227369333349,1.8242701236282102,8,1
426.53637582433424,3.6963293081316864,226.77184276591214,153.40988860234785,790.8879087910731,135.90835333926972,22.641756403575975,51.680614514727864,88.1259243423911,458.80221105117545,67.96802153146842,335.5129831886867,101.71787942559442,2.0888900669459627,11,0
474.25818862452934,3.7916170897219166,185.89778959668078,169.45946300888318,834.4218259937335,123.58554459889821,22.60035800345996,43.64273150286091,92.1014676635747,472.416106155204,71.79439665223289,331.2794557781159,89.2374077347685,1.6316798475595284,8,1
451.5653390628482,3.4960086093864096,173.00789488576143,148.80935789969533,816.9891511069615,115.91500481843794,19.57563113817513,49.39034793209001,85.9141465438687,486.9588273377012,66.06426872247816,282.02552707192126,106.77432969941835,2.207626063276535,5,1
436.51823927515306,3.320053393004045,200.39990972412838,153.21694901201326,876.0332086490594,112.05916293394553,21.172440385956016,49.44443642963642,96.06645941019974,473.76696221028897,68.18730921486024,297.9391629093991,109.52215157057067,1.9018501286017144,7,0
430.04529561391513,3.0323639014928476,192.00346531426948,148.55423045527655,786.8512542992148,119.26526945435782,27.622280208294846,48.42420846842363,88.32037145751657,516.5532695393566,71.95873546048556,325.37969062071136,104.57556722511116,1.6026025467006444,5,1
447.1631941383445,3.7458119804418217,267.5476583816529,168.560546903454,824.3656581526658,110.22353162845195,24.571255924020452,51.92485490659848,73.34850270586716,508.07580864257005,70.36314999571489,301.32102980192246,102.05994870285699,3.18844966647823,4,0
463.8247516788669,3.6271668447331957,213.5301495287995,146.13413157620556,839.6370088152886,130.28877441678944,23.480792745177,44.96484567573737,94.422495833544,512.3729399488087,75.23454870462358,315.90622820614044,98.91712286429266,1.496353836129075,3,1
448.086763194337,3.210265210140812,191.81318849562751,169.25031865932309,917.1428504143704,101.91657945975766,24.983765996041875,45.581383509065795,82.93970352682274,514.0563226366312,71.9183545658174,314.26700381180234,94.6239384060891,2.1766418357077617,6,1
472.6673239537102,3.338427898011013,178.87776861625827,148.44618158029402,807.2382745558821,118.6048597166693,28.502172036103453,52.18936072474678,87.10722094658786,547.8265575113813,65.22075000798992,290.42489348535577,105.97031907866382,2.0283982694356486,6,0
428.2323646492266,3.359972356414568,162.3942317886243,137.10810414827975,747.7906410567988,126.10133545087935,25.01263156262736,56.710176654878644,102.42504962831484,499.657084304516,67.61226643035232,315.47772008044217,104.58170811634436,1.48720136182733,4,1
449.81866578230915,3.0551046704052744,179.49561828525134,160.1905975586118,842.3964376677641,123.42119420109657,26.621122392793115,49.885931529760384,104.18249379296873,540.3347773533844,70.10148142113138,271.05169121926144,102.25058127458692,1.8313346549525016,4,1
431.21409833380324,3.25469528101846,202.29883543518264,145.42998249366516,893.2863677984228,112.82717026984331,22.460185472835228,52.518353867310864,85.39605251925751,520.6634143191667,76.69207538257021,311.82822954235667,101.66814444724172,1.3287242207601238,0,1
455.4544782393745,3.1598508929580937,228.54657303189538,159.30751348648744,783.8725644886689,126.60258706706549,23.144110147759843,53.7904000514867,94.62229304505472,545.1853414654034,67.63237184858848,297.7770703076498,101.50296206932653,3.0332446099698362,7,1
463.3033108514595,3.376256296433619,222.43378284775838,109.05893422614399,842.0540769303208,111.13960611614092,26.061930655191027,54.15252594316746,85.58180407661884,564.585193375463,61.33715598800986,289.1783870425422,97.37031640105336,1.8660211875816077,4,1
443.6885730947842,3.2783907505011314,204.5818966329276,150.0780789284242,861.4364027614461,119.7761534350319,30.677961125011343,45.23237637081681,87.70501616881117,523.0659831991628,72.20283451745594,262.59792391609966,112.50584413965906,1.9085933571147262,5,1
410.93679215059296,3.0118985237399754,193.5366466859503,143.1059205186378,850.8532771985077,126.51841571980356,29.289324578544623,46.11494884897548,85.15379668081158,504.1507299868799,66.22200875828001,303.9497778287757,98.5718822973884,2.97260149893088,6,1
452.98422220194743,4.106777069170844,205.37624712824308,134.05111970203083,806.2779261236789,124.62912779493114,26.748484208368417,46.54962703028232,76.20525055682812,503.89231269773234,63.57349340212516,301.1559083296933,97.8664790326078,1.5880115727958508,7,0
456.55107827600267,3.8757622193087693,189.62724005030847,141.70138497240302,765.0763120893427,113.24960988580531,25.454301280482156,59.643169004469826,90.76044178986967,481.1933568175265,70.0940150641292,274.81090613532706,105.60303156022574,2.647204511280356,4,1
456.06442132442544,3.2662941735440043,234.36727991527752,141.39445283561022,795.9360225993207,131.97494516564365,29.203208066881512,52.54096469585952,92.30532309556934,479.8491141369577,74.86433820904152,252.09384539343606,99.85397113787826,2.296263239461453,7,1
468.5367328773323,3.581726418996083,196.2161963744984,149.28021307724129,822.9300226938815,120.86694571485535,27.38403496913537,52.31657860192509,84.6319860375109,536.0846865324614,67.1305973016949,250.6657469810562,99.9050274237358,1.0105073884608902,3,1
433.93419480526427,3.6252395269463884,198.27324283506547,129.49010308072567,845.4111262045865,127.42995410939152,18.119013932888016,51.83117876591869,98.70233369149688,461.4531883020978,72.48286943591314,292.3778103132132,107.07284686039903,1.814454638147115,3,1
460.20324158175674,3.857325756432043,155.68355149958663,154.7441067038957,816.6972523999519,135.29101006673247,21.838207456434333,43.39603298190251,86.51135826323825,564.5909054224891,73.40956831521217,309.19492918265365,103.39307622775188,2.218302995632009,7,1
467.8876126871696,3.2544184920019763,196.09130306954472,170.49322177808682,781.0046016729711,131.17520548774607,26.014420976073794,59.690952353885194,84.90230540112788,493.9310698838392,73.95898246833315,355.49914782902874,103.64709273387146,2.0177859140879058,6,1
423.32118623990226,3.827632035194728,216.7296827592988,154.21392745421738,827.7689828074884,131.20129406331043,19.639097303347082,52.3959376539348,94.21202494486485,614.4831157249125,66.33863845190699,298.64535464848456,92.91144752903641,2.019130031887924,8,1
454.79477738878467,3.3356284087379193,178.6455484592291,162.13482913843512,843.004253387141,121.92679929849473,22.307232985729414,53.61580056327476,77.65854408021977,472.2753829268153,64.39458971033308,251.23841845264602,102.00270089304523,1.6964176289469943,4,1
442.4373025348849,3.099241278749416,184.98559331014374,166.41843681920693,818.980502820724,127.9393512091051,22.900555169026077,41.17239355542099,97.25343225362245,510.0075567992134,65.07623447520703,293.7924549526119,94.97196032202561,1.6435637533701117,8,1
448.7771599034753,3.717240967794349,215.8542203546733,168.54734268276266,758.1906442730838,122.13596574564316,24.2315022812625,53.89821926180759,86.7826467408451,485.9260291900632,73.95487336061235,337.5409469555685,97.72502996627539,1.845796638078494,7,1
455.21514725307503,3.8872275272367283,170.46685552963893,178.05208039231957,790.9296982641405,107.90675532221587,24.137709375321375,48.218937749361864,97.91428861115271,468.2766363382691,73.33696577335405,279.5161317449626,100.8782063478141,2.9806546937724763,3,1
442.6915715382967,4.276372692059205,221.15602015083837,142.51197002586105,847.3910388206233,123.02743792505042,24.132638718499518,43.38608512636881,100.30504420663324,542.5520140351488,65.21424699649833,333.55810732202673,99.81895098962208,1.5461622146038827,6,1
439.8643788125758,3.140082420472936,189.35712219653797,139.22274022258324,730.8491095627763,122.56360983738466,27.47592255172094,45.231181670641014,95.12122753885713,455.7778322240878,80.66322013171818,305.2717413910499,103.27109153014386,1.758897159999278,3,1
450.51228626232034,3.7096759055242368,192.22863559017594,161.75198472487102,695.341098880442,125.83729361521819,24.204328403648397,43.67552895773317,83.50421365817351,472.95701972103063,64.61818016706417,319.4064466356257,103.85349825920805,2.014423234659765,4,1
433.691310917058,3.37705962686194,177.5224318974881,160.623993294861,875.4041425072011,118.72003024786605,23.8461096037863,43.591079024426946,79.99334634812476,523.4527883565964,74.99732042350362,355.7656799461213,104.2281691964131,1.26842317001885,6,1
433.71262306672224,3.7350076131572094,207.56092520855768,161.63512949423534,825.570762751094,112.3854444323615,20.95248368756945,50.30273910182105,78.52741869331811,529.7984324379762,77.59832719602605,244.8820827789518,93.27899528429919,2.2159741115695293,3,1
460.19059924434754,3.058853134630625,249.1974397005876,178.33923681375379,830.3365001260054,126.56506083175228,28.073038605957475,48.06618605634174,98.8232856136105,444.3245831508992,70.54878802996681,326.89512549024715,111.81329131018438,1.3559976875034332,5,1
432.76808947262015,3.1211690672904306,215.62994478921263,150.17054863197743,746.1591513186472,106.86727712747752,22.985507458157542,51.67034681080693,88.92159910239853,523.2670754086149,66.15138078209584,297.1589664635605,99.87710565612063,1.4563788941730402,7,1
459.99468751363815,3.267237553050055,182.71429476118928,156.39234839469276,836.8764031733269,134.5881913585647,21.738909015996175,58.37987935534002,85.20622564375321,505.15599653665356,66.26060986275827,271.52458399939104,106.06466676833605,1.4323729075215046,8,1
456.9388693928093,3.5236892137004254,222.71241170982952,135.29417622774787,813.7624343784182,117.68581938795008,25.639271724606914,49.35248143186331,88.94334278768886,463.2910656855388,68.68954899818563,296.98096089230677,87.428435761087,1.1797094803333068,3,1
424.1128990681411,3.3076756200384936,193.666409081315,182.02981685963937,720.7836211075802,122.45528172056169,22.699176212850812,38.775553530207866,98.64496967163335,468.44473858657784,75.40435389034016,350.7291282945463,98.67335600118147,2.6341639762902695,8,0
439.8365302149652,3.697716303174026,227.4896996285512,144.95182618186334,871.2141707136929,125.58558153281572,23.422141780617117,48.79020894226092,96.2299182828764,418.66194288206395,64.00062093650077,340.0483793926696,92.69658951164529,2.2607943819009297,4,1
467.9116410457106,3.8080683854773745,216.13352804328724,145.37676107758756,807.9341661809365,125.90688044844191,25.775380522957207,55.96697218198936,93.50804924567083,568.6977771119031,60.806169837936125,239.9785661642609,95.69317315020491,2.4611936159555325,3,1
435.28251703290476,3.6798732623736066,141.13716869056532,144.79875163487637,780.1958016960366,105.91015700048266,24.020552128661333,49.57030263751585,95.10308845941124,540.6168165990803,71.81027495284651,276.904808819525,100.25277875791909,2.4156315171895986,1,1
443.03393606535917,3.9856362918982606,179.91840734089945,140.32656212033493,781.1005127007392,128.24086580544264,31.934828125901902,57.64665326845851,91.44137884397558,448.43419959287127,72.9080637562954,328.28682706708105,98.3262528073957,1.915944902914168,6,1
456.93091339877844,3.624747988836603,218.8877044567078,139.05844426728527,699.2389047283812,123.03153828376273,24.775514370042405,52.26470796568909,92.4169044583714,531.9563069116718,79.83984723399634,299.347677666509,106.57008503565541,1.9852395696797502,3,1
461.7508576392389,3.13493098689795,203.03314544290035,142.14443575665712,829.6668299815682,113.64738615441391,26.853514656637667,40.808651328013056,91.76820184920838,477.03910624201336,63.08840512366635,299.45959980368303,108.84495998486676,2.506856286991766,9,0
446.22691670933256,3.909012954061502,179.524881045843,129.51306107923583,813.0928603622863,112.50333049054086,19.174917857521166,50.547911252191795,89.99951003497956,536.592421453988,69.3259669401888,252.9502063262205,95.16582893633984,2.8192145547213383,1,0
441.03734707962536,3.318453129318201,187.32820969012374,138.22023119605143,790.2959933833453,116.65946917943154,22.41805260425581,51.48500647132364,96.02699107065025,480.1570572336367,75.80918716060239,277.63569473102916,97.5611741731607,1.3709546795891088,4,1
471.3355479254776,3.773125549905671,161.8752675982124,179.2344466717143,863.9242603725836,107.01258313389508,21.739258915249863,55.401779006368216,92.89025684960316,485.4658361956817,70.60431083801366,259.2538275889826,94.84455880883958,3.2599817756399876,5,1
476.0834949569637,3.9721202649665317,198.23253424947208,161.03482715462053,730.8070490502078,137.22267390987025,22.136860830092115,59.09818285805784,82.95427975114434,488.4661092896934,69.02280405469239,250.40047565755515,105.77950089708727,1.3421744007572651,2,1
464.6828707617269,3.63700640321912,244.21379452031528,163.88856265091576,770.1613761816193,134.86151325143345,26.246613981511008,54.5386275985435,94.23099508418123,473.7057863335475,73.9495274846477,262.2678604980742,100.79521802361874,1.769022475561931,4,1
451.2797721384754,3.051152356050605,216.09866781464652,167.65813181125372,757.4995872619807,124.5170020097594,28.10669520333223,52.20239898693609,91.97797653103443,555.9708550093321,67.003055178967,272.15706727660984,100.16165584981174,2.0370341458873495,5,1
437.8760141753861,3.2245363500470625,243.80834002376847,177.51201846543586,786.0602510114223,117.76601583657909,26.033891513903534,53.38094135789173,94.8913077513208,535.9410797232591,74.25705420977074,277.16659593275733,101.56233205363668,2.082952357181921,2,1
437.5433339016515,3.8968233400655405,217.6479417957996,123.42866172834235,803.3735012628612,118.02892012062604,24.320066129301072,49.159965967752164,89.16634469107977,504.39794153333116,63.73218403904862,274.73610833818725,98.44414554475344,2.9819160433699388,6,1
457.8377115789864,3.449263194307155,220.54958686705385,131.55175327070188,821.5006761905678,127.58065706173969,23.10743488386274,42.68561081596285,96.49392251013727,540.9827265594324,62.40284148358552,330.613682202528,95.71764987081735,2.5059535332461893,6,1
456.27597331333027,3.52387206048265,239.48157375490047,137.9441450865797,782.6513273447441,137.5782689950195,28.340799253559528,50.2074804311143,89.50873159307075,434.9171313901816,68.63205990543835,272.78567384938924,100.25527376895398,2.206417445428797,9,0
471.02397889419643,3.727647324849083,207.54526518684452,142.95405305265604,756.1322132422553,114.29603260403258,31.213766362464586,51.826451637294525,95.79103749280436,450.8616488579587,57.183551065517165,342.78554076556895,98.66495817481282,2.5177466543486346,5,0
459.75675138804206,3.708896858624097,196.2554535698624,145.49145914122127,884.3003474885222,108.82413957376676,25.405167114351073,43.981711870440385,86.34822787239591,518.9821904943185,70.42349818356452,285.48072367233124,101.73512038637341,2.172876134972788,7,1
427.4537954736027,3.5836399437156383,220.65315033244025,143.2953367079094,920.5820095894285,135.4764077359527,27.818089192214718,56.63310819749971,86.90196756720837,529.4214622323155,61.33719328647644,313.1759597925276,91.84010715739888,1.6622924477471088,6,0
465.7792142658438,3.43739948863386,229.0768047424377,153.28963369698081,807.1643335941013,102.12861412415549,26.030111049386424,55.02705507741216,94.816420185681,511.17630185023006,71.41210260283188,314.134292441966,100.93179291356645,2.2428192337549144,3,1
435.02909059028383,3.406199466280293,190.40070714575583,150.52943086117824,762.1609816489566,109.91469191747353,27.266514719396767,43.14119292356065,87.34581285004205,424.6922129968673,70.92729719058472,273.0646973762161,96.55376997098313,2.0337766295094815,5,1
444.24043092071474,3.757369647587403,185.5686183531994,139.15747807232626,873.7727065521148,117.53142107489147,21.50635966566965,56.829161443949374,107.6462615579853,457.50661902649006,69.66018806917592,290.157283049769,100.75652468706778,1.57857210109746,5,1
453.7530030937754,3.666070859320338,202.7771206486176,117.36676834518644,727.6621446835768,104.39566532194969,23.535591159573627,48.45842815395076,94.53155989423222,516.6636746601667,72.18204333769046,284.9116848917894,104.52544804685375,2.6313951199258128,6,1
479.93501234675944,3.422809999814663,216.62997733863324,135.1069694193195,783.2613337647587,131.12149062806597,26.186408320136753,46.10754217440826,90.1993878892336,597.0588915696507,71.02098734307043,311.17322138432485,97.21876124442399,1.972772228439881,7,1
496.6487783400804,3.824633693897942,215.96182097323123,141.76142020031136,765.1941474326849,128.569052705051,28.637472832245937,55.39638846373263,96.5592062140708,548.7165066023372,68.53499698334365,296.1346653174647,105.9836025788509,1.4397496645946553,8,1
459.10084588704274,3.461289765461065,171.51664799624803,146.2938084478842,742.0232224774755,114.25206772784682,22.545597335086974,49.74472793619971,86.15455672018787,563.0921719388309,79.15503490238567,277.5480517815906,91.29618707495199,1.5186724352056098,3,1
447.2520507191942,3.244501347699682,238.23212134126643,133.05498811034195,785.9987883539116,132.79614119177748,18.90010266687962,59.49592660418435,97.38411855386414,513.5890168876119,71.96655346776221,303.5717486597793,107.71914415260693,2.267498017685832,3,1
458.01758472720826,3.2723087903289967,187.17670141206298,142.63790300255368,756.7913960413017,134.49292428403825,23.505206720676252,45.73555978056625,97.16188173330826,513.299639231575,73.85954043655438,310.1884824938988,106.19247026173957,2.5247161450038416,5,1
463.31483138810756,3.2063777491070704,194.69870006222843,133.0351891727162,800.6327232074327,118.86829351709936,28.03039214304475,41.34171238013673,100.0282724622364,458.66058130975694,75.36539871986297,355.50134035627764,95.56705182044769,2.240826142078257,5,1
445.1899856166421,3.418276995018894,181.9469128002436,148.112709726775,801.3588583836232,115.49331822431992,20.24831322673645,48.597808594169294,86.47352374921138,538.0728821220647,73.34074689521044,302.04379368287704,95.6088729394247,2.2431157091758687,5,1
476.9281703386848,3.870117283500858,253.96657671874175,133.90363007456077,768.933413823901,142.59602027742477,21.46924032360525,53.946112495302366,80.21813396689804,497.0727318983599,80.31416459462403,300.3002504042562,92.52522023455391,1.594838282581959,5,1
453.45106138787105,3.2584714456908475,204.84141340575934,137.26643015444304,781.4743321703065,127.21161822084154,25.467755758153338,45.36428507232228,85.11876288637961,527.7092950185488,70.83003442410597,312.8519583138001,104.6068939606032,2.0464422749974895,4,1
457.4661463363709,3.556542728305431,182.9804983863687,130.36973803516292,788.4575516048145,122.56324652968853,24.652086241715608,43.34949808600061,87.74695587221802,501.2274541152374,69.9651932708197,271.5179291201142,98.34794593658901,1.8349448451845292,3,1
459.9888637808169,3.302993196311776,217.27847099924892,147.69748956645324,840.4923030559713,133.63545946639613,26.783399444659683,51.14463701351377,103.33769280681403,511.16473699002955,66.75213956096692,248.23471196893524,97.98115049970598,1.9025169101986257,3,1
456.32379915921683,3.4219072876185685,215.38271558620067,137.00328345071404,792.5785299467907,123.01930635003022,21.31381971866326,42.68156394916242,107.560096233022,496.4908753480551,68.7186303172001,290.6369372483753,94.38592518630705,1.944103871638904,5,1
462.58410750704417,3.0469876364044244,196.24545952840234,163.60176400013142,841.2350870393049,114.94379414080811,24.025064217494,51.53346349806707,92.75729843715186,508.9849879129157,66.34387715474419,332.16297293933224,109.05986947217714,1.670032128389269,5,1
440.74120220179617,3.4338385312530386,216.81213425566767,156.0877540003935,829.2906491777328,120.80159760487554,28.585556207209294,48.29688474385912,90.07512486414879,540.0030623018092,73.3860595650077,337.00655139506074,95.13619535175063,2.3758332813089598,8,1
441.62547369080954,3.4418883860585114,183.4941607833827,148.95222197724536,828.5765348450371,130.38654287319736,21.421311419089648,52.472332441761864,87.20073735620632,449.35081883723103,65.43841876340682,243.61845882805568,100.12083069362619,1.4954420316234995,1,1
433.49768650542455,3.6620863832107085,190.14163450101495,138.0377175398432,869.3922985172986,100.07814433650786,29.430736888930806,43.08085598037699,96.59752280168694,440.2831029473956,70.36896084949063,319.982384414804,101.07984854862848,1.3506860240773801,5,1
456.5925184593034,3.5669842739766113,159.79566690867875,155.70780457974453,744.0304560127045,117.1196926056078,21.797749042333933,56.49081575721952,107.50865113593214,517.034583105556,72.79773467151188,234.4560599451702,98.00664408578847,1.6073986447100854,2,1
461.6840475526817,3.1404823625143865,173.52097831560874,160.36051334022955,776.3408446846444,133.83057398581605,27.548144732132833,49.084827575031554,104.28680712950617,557.6229719163047,70.7516194329761,313.77541664497755,96.99554642187456,2.441697553012088,1,1
456.8665929922783,3.825259473213063,236.15261611341373,152.14032618302446,888.1649400149785,114.88131598906483,23.88112446936062,53.817613339524115,99.10381290084666,567.7097846720433,65.52042562215037,311.98077938689966,98.1536927781327,2.1695792813323664,9,1
475.11738650021306,3.5630909120665986,232.82857255444628,174.05552783200395,787.1341749705366,135.4610856043141,21.56527522708307,54.79937730642445,98.98642024891085,451.02359129159714,73.49472457002992,248.2805991145337,102.82666666376498,1.1083790480016678,2,1
449.9160597175643,3.559518055153246,201.31577297297926,156.89455977112223,659.2438155047075,134.14743819359813,23.509302858542206,44.212775238170224,96.65847909003291,483.8850465839051,69.57330145732027,330.0013842939506,98.26471422494063,2.298636843650599,8,1
460.0311248338877,3.4972452939844585,233.25862894379674,163.7041082635205,789.8515828426057,119.34470884511049,26.634787564536982,54.411287548040384,89.62167483433173,440.8313898222036,55.63643891776775,352.31507703872757,108.12772843649765,1.9757459602389311,9,0
433.62448685791026,3.344672765833334,196.7985102678339,152.00348123303968,806.7469765081624,114.31460695111,24.97943801529553,42.87466612427837,84.10761421967364,477.9755349445152,65.08324154708306,298.1255900699257,96.11480657098203,1.7913086649360015,7,1
444.193504462884,3.565340701924618,195.13179394864184,160.13496679885463,669.1443441284395,117.12641125850365,28.35540823433003,43.149311286200536,89.83348728537646,544.9139238019744,77.00566118201367,304.2299962493089,103.77053376335171,1.8790099885089737,3,1
460.43306636348666,3.6426765307785747,201.13021296931112,138.04828150996238,866.6967819943974,146.64614492001434,29.307220182804645,59.81999617994217,93.37871681705083,499.48432865766404,77.42160920757343,344.3734860896072,91.2180064408272,1.3331855295206299,5,1
462.7365316611472,2.9759312925963335,197.5015680935287,143.1240245518081,764.3143768067199,138.74424446933244,21.450908004046447,55.559266843983124,78.37092881025364,485.0450368150485,72.63055605032599,266.21003897736057,96.11537482582006,2.0866203999686466,7,1
445.59049578503726,3.3383717487961713,195.6960735287964,155.2404533022357,816.4281557593757,121.25390971806738,21.231192565268966,60.36832087716878,88.77639416507033,521.8034302564485,73.92034488479165,266.9676762713132,95.91853916960393,1.3662242470345376,6,1
448.926011222129,3.4235159088789233,222.86796214299105,155.13149222336074,788.7009227327969,113.9184644837959,21.085618679137475,48.14892984696045,83.39254116326981,468.19791640762116,66.10853009371067,274.818494882424,94.4804323341817,1.8249969846979226,1,1
427.2318937997879,3.5768511817082835,203.00271307912405,157.61417734414871,735.582429039798,121.17041035581263,22.302411711855942,50.512143320390045,98.11072928854513,563.7191345952743,68.6992779063047,301.1124631293298,101.41736253627802,1.8256448104055303,5,0
444.6445619879009,3.8579933017781376,214.2496352886761,166.50589338418092,746.474593268229,122.43826926616765,28.312643562459233,52.636773733761814,85.60233278274632,500.2913988896589,76.17683300229818,301.0324753278744,99.44906403203927,2.3849547124770334,7,1
463.3557474527968,3.268477755620965,220.6276105055466,128.62543242276882,753.2458581786227,107.56641262390646,26.681085852000205,49.93902216703053,92.6257626558479,483.92823028160404,72.12957621281038,283.4012917415924,88.60586141073547,2.019872124593415,4,0
458.6280752415985,3.350611445954647,207.76371591309467,135.38321178584556,854.2835954591819,120.8004126921526,23.364917281232707,46.26931989652048,84.39983765651539,523.4739693918244,70.32474191943525,290.9855876562739,109.97767719626256,2.352995520421352,7,1
457.50998582071816,3.346239766806035,180.59457348183523,153.4435896161138,792.6230905949924,133.2240432481173,24.966692228131496,45.519576510599755,102.78159460768732,537.5714464084418,69.0659572855349,283.8129529514774,100.88008097171881,1.40212870146014,4,1
450.7466053077144,3.2595417229686374,172.94268222071923,139.1345455229481,773.9067241724126,102.00643318783527,29.212916515497817,51.06931116414475,76.39394450772332,563.8390096059703,75.87236000617354,285.24599965858164,100.00588677257872,1.946099925704794,5,1
450.1059473794227,3.3958440514663213,202.9756126961461,200.66652361934044,753.2695543704884,128.2658396513725,30.72403255293736,44.66570079168847,93.80672301475174,491.6012437496734,75.61016076775073,276.9443561916424,106.55059424298493,2.265158222462044,3,1
440.0951829078983,3.7312406659963915,196.5748739035013,157.73579428755204,859.8075110763064,133.7479797005478,25.778153000328405,44.52568253816574,79.78193865248053,543.4422609077487,73.2483587538438,277.18680784577447,104.9443044469575,2.621149569899966,5,1
460.48242630303804,3.1838493513906965,201.74782857840245,148.82503726604764,873.2100636261794,114.39442654905632,17.022156447857803,51.96786005577297,85.9253387961212,504.0484644759999,70.33137533041281,239.97168495217198,98.50913353050751,1.4304072557773844,2,1
456.31459416584084,3.628344318545871,199.6789192150283,142.2679609037421,859.2371949353341,136.94175758191057,25.89186128427992,49.52420324257192,91.64949362947604,475.5447991610522,68.21621757116606,293.2897471686605,90.23743470149417,1.5795243321681482,4,1
457.38028271989197,2.9894293309944993,251.67147320333135,142.79756575210433,824.6218669577083,113.09662937551654,27.804244388624042,54.68603135290843,92.0428562505347,468.9275388398306,73.46506859842357,241.33262033348194,102.82192822642733,2.2526434898516006,8,0
442.1094773599863,3.331598601067338,173.39547488717324,150.45210991972766,814.4915020935356,124.41082661860403,25.673896947568224,47.87544294958579,91.8341347287633,456.1206622546798,64.4904507751276,322.51677356122264,95.18576912625673,2.805796648344314,4,1
417.6998562019313,3.4011532099346042,160.2010746035775,151.67972898931887,739.203109101205,116.9322731533637,27.17954475620435,47.093720250122324,91.213993127804,470.3322400444354,65.5271507620673,283.2024646756452,106.19632229294712,2.1429399081131884,2,0
466.45729067630543,4.0024579018742195,206.64753667039218,143.1495128295973,787.7090436644471,116.93003642837397,26.071196123381153,52.11776698017736,84.86524590501246,544.6282648704033,62.744543196075306,296.4177126385102,96.11918168701153,1.4450196410968923,8,1
442.8174381598739,3.4175593085741935,192.4715489082361,145.90271630220147,765.8069898326781,113.82700930241954,21.296063747554406,45.93987562723086,88.6875734152895,528.2683840714415,76.17614888996563,288.8037110174413,97.74066552405013,1.4547779147650368,2,1
437.0583635393532,2.8396269579647244,206.32135739459903,170.16426862851895,708.7243945507645,126.9857548086202,22.34128469990961,46.70936137221658,90.25307212943132,450.351533762322,66.39666687935328,292.67658673955316,93.2840945268033,2.067422610192133,4,1
460.4021836787099,2.900333327941625,211.67766044568003,170.7675744397655,852.8521709582683,128.4880545773145,24.03654343860953,46.907728048102925,91.56288317407106,430.1443631914026,72.02003893375813,337.9012444679015,93.68852319498583,2.1787883142412054,3,1
444.11981040121304,3.5102088759040044,225.68209390357794,153.78050969902316,765.2085026803862,119.35577800422811,28.196244334715054,48.95148946852223,89.47455621754409,455.50827376814357,69.37221239645237,259.45510764218153,99.45462309650547,1.8893632013548747,10,0
465.8990457606993,3.6841312567369724,169.85548359232124,129.88110409144895,859.7970953717654,106.40031786327725,22.702347795038136,58.86218271647951,95.83672336787563,468.930551670114,84.48769495060967,251.30049232972547,98.98870235753533,1.4604646535757992,4,1
459.25508924365045,3.612636757288176,188.86564204285673,158.07754734958564,844.0873200380006,124.03170166634389,26.367707899502943,43.116055875214215,90.74709576120753,487.86937157691966,72.20952727017918,303.58116979991894,97.62058693239575,2.550707617082736,5,1
460.25353984800716,3.550271031740297,208.57522517761527,173.3142366241654,827.835898831671,124.22014359410694,25.91107778176359,56.477537910587294,91.61060774097291,546.9145409203486,60.68929620377328,285.12360828782045,110.2650581200444,1.8256400932319554,5,0
429.51066433199196,3.8486778792517002,215.40927191374453,170.54671652943568,830.6442035881591,117.83284988613573,29.75859179523739,53.688933781449585,86.93878121350787,478.09132564401335,75.87717878298292,310.7887176403184,103.01823183059955,2.2634825838840733,5,1
468.179159780796,3.3381226337788603,243.86899100576773,161.016387792145,769.2343058963146,138.6723128718081,24.874960665611756,57.83489423684996,81.58046458708462,567.219998407091,68.06424518197159,321.49731719223945,100.05121661463126,1.113416031094601,5,1
453.91875796850786,3.7684731668080476,219.11407942227734,171.33634432928733,892.8925075645333,104.36070735099347,19.735724745171225,65.68343024161136,91.23223144585977,432.7920043071453,68.99536099025472,266.80970230304445,86.21337124865134,2.6005772029641476,9,1
444.46084291130694,3.010395534492075,198.86422808227445,150.8007640871853,802.1562715476524,97.82716289746432,26.940611394690333,57.157265103939274,99.6595683517035,486.0546991695077,66.63743868494979,318.1016652979444,104.12884114347159,1.6575949225517999,3,1
452.15082701013375,3.22851565011858,182.19128494114676,159.42154454750556,815.0965842559352,112.6916510030233,31.414165634902012,54.628334739539305,93.5508898458433,531.421946765456,70.9780625931923,269.3416953924148,114.97268149057057,2.672342187723589,2,0
423.3564715065252,2.9578875815204553,188.7142029456196,139.7883665051223,767.5461833216681,127.10424534091449,27.13715003459937,43.43751824187491,83.46004847028166,533.8882100946573,70.9125656883741,302.23725572814374,99.06024872238979,2.3063687619388364,2,1
456.12979217221005,3.4175464097990624,188.14594354085787,154.3839818423357,753.441736961152,109.44155362566158,22.637015224568778,44.06888869244479,96.51792020654884,486.57144174446427,66.77261411175685,262.89258829218585,95.9474373843391,1.2856300187366054,4,1
434.55942737726895,3.486121634820097,213.10467257027523,169.94301365955786,823.8648004404712,110.19029081473924,21.754162362463106,51.80095092182611,87.31906345764834,540.0701373513679,67.45927739756786,303.9643127157398,100.8166232737055,2.1227633728198323,11,1
429.709945712347,3.534230447667956,205.1399489117166,141.15864882769662,810.8756747969393,129.51021336178155,22.141093499477783,41.509619260402175,95.7172318438423,532.4878577002753,70.50643066544158,299.373681572343,92.84295633673894,2.82826637277985,7,0
427.16461220673165,3.5185650058661406,173.52700858315643,137.0783485580357,760.5323817048711,124.6254792279775,31.009935641146136,53.0771962564561,87.04963308083072,472.7154136274996,58.286342567449694,266.91211534181565,102.31030272133312,1.701041325145546,3,0
466.69032562484887,3.2217340007564816,191.28197061819134,151.46233408535545,728.0786640612298,123.770609096284,24.01801767843569,39.32539054619494,92.82645151861895,512.5971387377768,62.79251264748149,259.2476597595677,107.50109481968622,2.829162771300145,8,1
440.56104909460817,3.4429277466760353,217.55095106902843,146.60006694414,736.5038456336226,127.81428919465529,23.01206981851592,55.761166927823076,85.85202130700523,528.1445313630738,78.3499604804901,322.51915752290967,96.64534449732818,2.1928667718467345,1,1
473.0059156487475,3.0507659994182754,207.03324709948117,159.7372158160563,859.8066858545553,115.74807046727116,24.5246900676183,48.39149844033201,86.05558002823733,475.578609297087,71.63910472160121,286.40998641964853,96.80679608617031,2.670178876974333,4,1
441.9629780542155,3.908968692539675,211.3728923202554,143.20110711079437,769.3373092674964,116.21015925941809,24.049278854182894,50.632984727350944,77.46987706323408,567.7730180107665,67.3754550662961,330.36092886697037,99.6015208563483,2.0797428820990445,7,1
424.3896306361058,3.4089121781305995,207.65843420114527,175.77659423404072,783.0545727162083,128.09779272561426,29.70295107936251,46.258138517897585,94.09659855328928,466.5855221352943,61.51958584231582,283.6981881052598,97.49390384051131,1.9380120381851023,3,0
433.2521334007701,3.353334164286893,232.5286146921772,130.65485853058416,872.5170129379532,106.551132192188,21.95656752695109,40.507367948887136,92.9613570785627,505.7637153317805,69.71841917526761,339.06539206857633,92.43841396062103,2.9185814166460444,9,0
468.5371743001041,3.976682098533225,204.7208612764874,168.80602179329603,743.8924719256793,98.57280153601454,28.54192969498134,56.173476395971306,93.41154173008754,450.0089073432197,74.92596045890552,271.5483133503651,98.07381153707725,2.3607009546125646,4,1
447.66152733095,3.127326039935231,192.27954404258605,138.52726157537845,763.6502587141472,115.66715826372146,25.366276289353255,56.67850697477357,92.20264448905449,504.1344079465024,83.1960305232497,344.1823967253363,97.06495390345982,1.882338983535375,5,1
441.775690552641,3.1623238657904094,181.6848991773288,123.06025898123966,761.5616585719654,129.30873289065693,28.621079540283056,48.242561173981514,83.90199973341358,457.3170713571671,79.46028212497849,305.2311558917419,106.83277431667138,2.2119434591483063,5,1
452.4002733877918,3.1711339025394305,204.99218916419423,153.56812734523302,880.903424058302,122.55559698986804,29.747857131202153,53.30964782367004,97.72719411594863,488.2348343468295,65.56530989935732,311.99390222306135,105.77687359393339,1.7175772747930698,4,1
457.52674104251315,3.4796385854901555,151.1859197044983,146.18088020979175,899.6691750291207,128.57291504123015,25.254392901739287,48.04554289894798,97.94223440073816,436.53609754715615,67.52100234307855,269.87926159666716,106.98656487623465,2.0539419535783376,9,1
466.76098223853694,3.629489488891279,196.31421996334575,133.35585948145453,837.5781612701086,99.83705689576834,24.054809171202503,51.44244922133123,83.69410027863533,531.9925360130288,62.64250384881664,321.87645548792364,104.00862500848355,2.597810909605145,4,1
471.7274884483939,3.72190264043535,195.88320280157313,124.77934662427104,839.169236207712,123.15496808323492,25.19853649559531,53.79569599460055,94.25699193079966,514.2512019896643,65.79172466688024,322.91784397233516,101.02891455740537,1.9190731800496357,4,0
444.6034703131637,4.2715985952484905,172.71058292765437,149.87458819092814,770.9822498573634,126.53864504642378,24.715687983984605,52.775424622869366,96.99992948294381,543.4964221454679,68.93578418437625,290.2669542742436,95.62795986277816,1.562739443234186,2,1
430.10928470876945,2.825170263739771,181.43468322688008,164.63755337435725,897.3664243452141,106.49202577389315,20.029100632783816,56.704848067046726,86.23921381325023,486.0877934144066,68.16431501686928,235.9801382399785,106.63057813826066,1.516558665833657,5,0
443.79802258315084,3.682620676737325,216.19315060296483,158.77430239629666,813.3848127179331,128.62057590546544,29.65744112135522,52.59440337852668,87.63171448604518,545.3538946752399,80.27283653289716,266.60014302259896,101.73894718372118,2.036809045117289,3,1
453.9042075987433,3.3328608282283305,204.61423498149924,150.850599732589,842.655513222487,118.88481103494208,25.73735505214357,50.14042308519298,94.27290726569429,501.57118581579346,63.42321528761892,266.5955801582412,93.75984826132473,1.5962234442235799,7,1
435.54361610684083,3.324075455333368,202.03576667414654,157.18271359826602,794.7237530614523,150.71336701606003,21.51070244484684,46.19290516061289,77.91736184468559,504.5266983771495,69.77452775406051,313.4805845262404,95.43065903906044,1.2836294728707396,4,1
435.64273627657434,3.314068361523837,206.12695067864044,149.59178801433214,786.5983706336194,98.22763931103265,18.797430039404773,47.607473098380396,81.291862227728,584.5621330140775,59.68270118851678,286.0490298143957,93.68127408968225,1.400705886158359,8,1
455.1568182232483,3.227369098757608,201.85255175897848,128.55413635454443,883.1521129798059,133.69114367674752,18.017202301208954,54.05025698362508,82.08179993704351,480.6129614024559,71.65445390243868,286.63170851183247,89.73985519691706,2.587549851945022,6,1
449.2702147264432,4.005357450381036,224.8572512571663,128.68659022164834,826.9861839869153,116.05841903473926,27.31144131006251,42.490867405429405,75.62946908139604,549.098361246194,63.291473296620254,283.0106319041575,101.94261092474565,1.9288137987162879,1,0
450.4919549311738,3.7526891981041706,202.46858363407298,146.9524720652298,872.5687730535191,103.82848285559956,23.143067294778714,55.529036517063986,98.67951819349985,519.1873976219046,75.51313154191396,344.07870833465876,93.81062314083727,2.0288819133265314,3,1
438.62256997949896,3.5069587935672124,170.835737723625,147.59020070450887,812.7664085872523,114.73044856435008,23.6352979956846,48.59428136992734,74.09494548646666,477.1238043101807,68.54487053492355,301.3605588248954,96.22027359584625,1.5166953981624793,6,1
446.5439892869135,3.9053047257461,232.6025992974882,162.76474017760148,757.5816731788454,122.77479241337466,26.46446279361647,45.90697047796055,92.74488530745093,447.37236438146107,62.99007865858553,305.9322100674989,100.19419814323884,1.7092529766567965,4,1
436.1365028359754,3.046241310410337,207.4068053465769,161.3595633566212,770.8328533560756,130.37466669565043,23.451855531694665,44.50637911609266,96.49346715804175,458.6765979817804,59.48649123221021,281.41831465686033,99.06053538056373,1.6931226782503694,2,1
463.3529761668718,3.100788460600722,188.21492538409865,159.07699523638425,805.1482621232306,137.21964288132176,26.639573248160538,53.371838928241935,87.65123236469387,545.2269919141804,65.10681255695164,299.1108402897841,96.43279079335915,1.8616154314678222,4,1
465.5287400208563,2.8466096803415937,174.93196563409964,145.7957593038423,768.6749891978336,134.21893088704343,25.285792193130145,49.92679323098341,84.65305900215004,569.3759810734782,71.1969044537142,270.72931971884356,107.59464506530878,1.1708005830207768,3,1
422.3071820664286,3.2901756379630136,207.9182844191609,129.2902174483479,744.6269295686154,110.34617979295506,24.747611250552293,57.9438261161491,91.86273960589311,503.657596128409,72.10756823578231,310.3117403267379,92.36672754123825,2.5448374832222806,3,0
436.0573370971139,3.5485095580114256,197.6565599005125,156.18106705599035,860.0708515893513,131.30164692266118,20.281748782925533,43.68462174737039,90.01466400475586,505.75527050484493,67.50781009413363,265.6033926608091,92.58316925824796,1.9917874278478251,4,1
427.55206117364884,3.5308575733797003,231.4829357206482,157.87753969893254,772.7564964588244,123.91284957120874,22.540805930683423,47.109181884690685,98.02803889933132,531.0581373262595,74.62898521716484,322.32659536797473,102.28921953794269,2.1010430424810203,14,0
440.24964098389654,3.544802573317964,193.08185438666345,114.17202806283471,806.909637389566,113.45396979071012,26.807606096760598,49.53889420936294,68.97183087681634,502.9320811741274,64.32128553552465,277.95143181684716,96.86933517824683,2.4571691920322962,5,1
448.7484304531446,3.0766829506801754,183.25238420635065,137.48492720126006,814.8066794942803,117.88089406522519,22.953934555407848,46.24071628015033,82.65034019081497,543.9880015188129,55.36470078745715,328.4517843896461,96.6737611176574,2.4188712736141427,7,1
428.25532170452203,3.7409464227842064,217.91592436471856,139.63418433909158,770.5923437339716,112.90157340555277,28.616108667353473,50.030593320709016,94.49261507132844,511.6648900265274,71.4127682537125,357.2188277304593,94.6048198442702,1.7124595372337683,4,1
436.1721028031203,3.5718882554716993,218.5056378543366,151.77525301685154,872.539973315437,120.37092341936456,32.03920397198019,51.59750383207759,90.40357954219569,505.42165254609773,76.45047906341692,300.03303334575475,101.69100593238484,2.3022337123805334,4,1
434.94063941877755,3.7199162844397997,203.3730273522039,137.9495935085146,744.1429119397693,112.7034211770588,26.96915590252397,52.4224211956487,96.01627327357494,472.03148610023527,76.49666836828871,339.3484536642867,101.12815937306564,2.2970894189531887,2,1
453.10900994098415,2.9321713467229844,213.52714095349816,149.4279814676304,813.0812631790385,109.7200592678256,29.478495674095473,57.530835654422305,92.0961598099173,462.1893168210687,63.500953796923326,322.5434684695626,100.59561554336723,2.157990465808633,6,0
451.04016505554375,3.593447257639337,199.24625758515523,146.84197589470512,812.3058853188292,124.79119127782772,27.162181714888206,43.4826378560921,88.9221034940695,373.63647945819025,67.2765340633922,257.01653882892623,97.08521539339496,2.530560338771303,4,1
439.1739366999412,3.143670428024742,204.67730202018495,147.61275792693408,797.2872698567926,126.28730548259637,23.397213931983437,51.68880159967655,87.58169245525197,549.3646719976748,73.61910007870253,303.3278333255552,96.24485198294347,2.3997660805336976,0,1
452.652313082091,3.3808030242345914,223.29981765127846,139.2540855944888,735.1543693364009,118.12402999908389,25.600454994422275,46.76528590205917,108.60044012700469,494.13571779110697,66.86446946020615,315.03596117067667,99.18453080714075,2.363684806626544,5,1
441.799798731191,3.660309469590915,212.50636668043006,140.41522418899984,843.5408775931733,133.67651303935972,31.039962838292325,52.15006690011792,102.2795701922521,483.98410621056877,70.52692430304246,317.9314594627889,104.83269904618255,2.6826405614931215,2,0
445.9251733451092,3.527328081876774,196.6145112333475,133.79599410328962,837.1755335167298,117.39569413504887,23.429338772117646,52.15666093176524,93.96404078476178,421.9317081445827,66.41780052094859,305.3462041492498,107.84079699068283,2.014329728692332,8,1
475.1017813544781,3.2445380060662043,227.04725091852302,155.70101160860747,766.2215735704392,116.97225454874462,21.882018103365777,45.06540308383834,90.62771114758732,474.3954893691059,64.55305621269314,304.95934188981664,105.55677656514915,2.028884449678874,6,1
470.1069157768552,3.5018819468553253,152.70289254416974,158.56653942887053,835.374360360268,126.60488982345697,21.597416730654192,45.494238286829564,94.30506039482748,469.13254166868415,65.51813174296622,300.152620743457,102.52868670947983,2.4096017591103167,5,1
430.50628144608606,3.040539405426907,241.0414662284387,138.4407307481199,818.7453843150388,118.67574415056663,24.347411848499352,52.55821531734787,96.61467774298326,468.209076510769,74.77862596475616,303.9952825798106,104.91088086419266,1.9107730874699849,7,1
462.4459862681876,3.845080218769489,165.8808181021853,172.80960144025568,735.9693927319446,120.84797729026144,21.989583734070813,50.11702255372065,93.35061348563607,513.3134457261051,70.06891382315438,263.28963089102865,94.09032065056377,2.240803836073584,4,1
462.17094831737387,3.4384147941511247,187.45814350455407,145.28097828836925,757.3035542714322,94.79561529380935,30.02205828231171,48.90189079634198,83.98895901290753,504.88994212784013,76.35940819202779,292.91367657063967,96.4311486270712,1.7199463464928795,2,1
432.7760506687107,3.8355649832765977,199.1816492960986,172.9527843569484,856.9140722444789,120.16707384737975,25.649069603773864,53.28993414887487,104.27608614179609,445.5481626552118,72.6021034747721,256.41055935565413,102.62199252850432,0.8602516473573021,4,1
462.2816646563229,3.342040493871187,197.07038658543678,140.36809239252594,815.4708092571025,101.7280406252874,27.91517892928151,53.65859237931066,91.96966582203216,448.08635600370667,78.03232615740471,285.0711695173807,99.40919566475783,2.2989369901077477,3,1
473.0689787761883,3.342927203478025,220.1282208005311,119.60133335100846,771.7848527094687,107.7904942900113,24.104003828260904,47.351849436491484,106.11144024311852,448.01285790678537,74.09034096479368,282.2758334669733,101.68753189743173,1.22565983137177,3,1
433.16182790633377,3.270743964008646,178.8432676277953,156.03296737368527,757.0762054413678,106.64677461244494,21.579408406731645,45.7397343117875,91.49717989501868,572.4210435026871,73.79670415123353,280.3601107898838,104.89732595511954,1.6504419362987706,11,1
436.237457684786,3.762852179507923,205.21533634966127,153.72817657678482,774.2303100942289,109.57416846466174,21.07181816370017,43.69040511581179,88.03477318299574,559.7089051476652,69.39756050682159,268.4397552663286,104.12014142215413,2.4100058690043866,2,1
465.26492200265255,3.287170652801457,188.43575803560492,150.51590692961375,777.7760235061148,114.51146140367747,22.276024773465636,50.167270601007424,101.07312099237171,465.9080400360161,85.04603288248325,308.07831821390664,94.54518244966901,2.415881298957378,3,1
454.0724296623847,3.693378629724553,205.90281958674834,140.36651282334017,757.7018483685374,115.13507384454515,26.042576482080133,42.88419861425717,92.40949566462214,420.9362272001708,70.56349109947267,290.45789082864417,100.0592215304927,2.5876359438440035,5,1
458.27214412859286,3.385264280699213,198.70455480404246,149.4814166177127,712.9117943808349,126.64275204257126,26.559648795303843,50.49714229114517,91.06738107607431,505.1217697205008,60.1328831543706,287.38721232741,95.39588709069307,0.9901390212918249,7,1
455.10883824600745,2.907211010032514,201.85871305365956,142.33110813195708,857.0006643200393,122.22387814134697,26.809588219176053,56.0841839571222,80.39708635485924,501.87760464950685,71.34016769806983,257.7727801651117,96.11340980679958,2.148006709237818,5,0
455.86043881392214,3.32890577966406,189.00150335071308,145.46475650502373,848.5316836305722,100.98925571182014,20.53398194865443,48.23270114856858,95.28174244108662,512.6766794795359,65.08853878381285,291.0641642340903,91.4456549745669,1.8711573830266284,0,1
430.1029180753338,3.1462675356911456,189.79872099807835,162.62448383647612,736.337227409657,120.83294637546808,24.99877244230519,47.31897859729918,86.05351693635274,529.6549556990933,75.08510760800807,334.3659839974789,100.66800221177274,2.4941079827473223,5,1
465.7097655993217,3.5101708171047012,205.74545028054854,152.7632584429514,806.8155647781833,123.18255246583428,21.92181450732282,59.989223868135724,86.4176703274082,518.0681581358376,73.62908379090469,334.82418929581024,91.07612715433984,2.738179960780305,9,0
467.5438498864166,3.142877679297653,218.8743101151209,159.14927080997967,754.8880898642617,116.71433483747042,26.204397902753584,57.54850909593823,86.07560923675862,455.34241873998985,69.04243175033675,311.2053773915534,101.97066619426089,1.3455425185488683,4,1
446.5591388389796,3.777792530214385,188.03441331604304,146.52197240061315,786.9216388386733,119.39114023093298,26.437231166492356,46.17701064722293,93.51227067756243,511.76164348656073,65.5605349327842,291.14538074640484,106.79223805491385,2.007941320593566,9,1
449.34784575279207,3.472677241894092,182.6246491085418,144.86973981292837,782.7616710063172,121.90310125397056,21.483480858920686,50.695065905294875,77.71698981139448,534.1529430134261,70.73212863360402,316.7694849067358,102.65168059490257,2.4163160747432757,4,1
427.0333874616642,3.4467212015723785,212.26920331343675,132.69776203667035,778.6082892141063,127.6459959763558,27.904088821589042,51.643391211740415,88.31323725819354,471.0399310798651,66.79383096071473,279.97939235469926,100.2594417891788,1.8310008274182712,5,1
457.71382134026754,3.6967676413362747,199.3499221388462,144.44945081147705,900.1473542038143,104.25120012537265,32.016468824584734,51.01830211363089,97.84223192887502,511.99825875023436,73.93901996391918,291.0224323234986,107.67224062701548,2.8728473598068076,8,1
458.58086162571215,3.789172080222759,216.60996267971905,100.18328166616291,777.9837157661905,117.55682961360351,27.504507212753985,59.07336723856394,80.03464904527993,477.8887713012877,72.78007857129023,277.7243267220873,101.6372284868478,1.7992652269394318,5,1
449.0671347450103,3.4939703744691046,181.88405573257705,141.14667050541547,759.5868087466538,135.08336098057728,24.511497881346685,50.4361494620971,91.38303168747669,579.8467888376492,84.67983296246717,327.2509928149227,95.68628340356565,1.8498991316715498,1,1
466.8653003980575,3.268639910135213,164.4112214915314,148.7718873421374,761.8709285251476,134.16661308297955,24.050362890370774,51.18617437815509,84.94880463783332,446.9269144453192,67.77442730674538,323.4001788297491,100.62553225865577,1.4633462721735464,3,1
444.9888415353009,2.9678091151663613,189.33991836347332,158.45510481405233,852.1888478200877,128.5093692777578,24.372808054982475,53.44331147573208,86.77045504427494,546.237957461144,68.48287185757678,298.9595322286202,109.79845750297075,2.0769603263334697,8,0
458.46908888840403,3.294185072889446,184.67294781469968,145.96983183712564,717.3948834153532,125.36824683955676,22.71779845966897,55.94959858023834,103.24121808311925,433.16748954298924,69.22612163031613,351.9375692787169,94.53680582678841,0.49090083321882094,3,1
434.70503491961824,3.3148363260056115,198.424231998394,155.215103133675,761.868854178224,136.54634748402088,25.75719461995615,54.684495971520526,76.79608653163993,571.7221074086643,69.4450723286446,312.3754374231284,93.09938060132636,1.876117826240718,6,1
449.64671773688644,3.532117235897689,187.2630957145922,117.30317007914633,872.3411420055767,139.17848001606666,21.584612226537086,52.69042393155819,96.12504270537293,454.3380373030236,75.1353946898074,310.6868263900893,103.0745432367077,2.6344847429627016,1,1
447.38468613145744,3.396455935658592,214.820339026729,149.14744721689576,812.1993093998824,118.70920011953147,19.3309066402063,42.20650097303046,86.1765738497823,507.5868617595734,68.61827177468933,307.4736073962026,98.87973416018457,1.3016168253632232,2,0
453.3796188306141,3.7063798916154282,194.23699475154967,124.80745810629895,809.5961002518056,110.3056755671168,25.658805045440644,47.55931137970787,85.77868811883467,434.83227253212783,79.86190858071748,262.13139546800267,97.33999062250074,1.1908486565256284,2,1
444.4570960674996,3.316105018618793,203.00948997547803,131.87544726511,906.6073230071851,117.29707682375505,25.063699197327463,54.097106036026354,81.10750126009385,446.00075531913154,72.91137554862851,273.1716050577789,93.7041028989908,2.558111673793881,8,1
448.027911064925,3.4828876499441175,203.15269116881888,147.19251678204208,812.317397647425,150.96695513772053,23.286489950688416,51.25199348639653,96.03119709818908,535.9098819049849,67.57131976005988,298.3608613894137,90.24943881006628,2.6258514279395913,13,1
462.3907075716226,3.8551962329590665,203.89910184824376,169.14395981810333,764.5906919320208,104.30643657274805,21.1519101321689,54.13064316911476,88.46876306972787,541.1264924587789,66.29377157509664,298.608495636861,92.7178498058429,1.3221562391607988,4,1
443.4485364414267,3.60254756418649,199.51741779090054,155.56810145205088,785.8961471561826,115.29460860470583,25.869232080742105,59.43583030835624,87.45864468964278,509.57435729470586,75.20436096704228,317.6928810063131,108.0746276266368,2.866373012532378,3,1
425.9013434889198,3.4819887374934306,210.21201380820628,150.27346495705675,743.2283845484716,105.87308847507369,22.029474884288646,44.11518397470338,90.8786954336326,529.6432666196097,70.14260075943405,279.9639867283686,99.95562878427761,2.2162258824230303,3,1
476.2437585630813,3.3194166674194467,184.08689732348384,149.70704415799347,862.7968520007848,121.24763862877386,24.583166947403996,55.68955087402292,88.63770299406559,541.7951497061589,70.04530026878378,302.1206010226963,90.18817758973282,2.524371931745381,3,0
470.7218111803573,3.310030580985507,227.98835853307767,139.295566601933,828.7280858768357,107.97308971105133,30.294915562379334,48.348182687531846,73.9944969619718,472.63292544802744,67.00759886787941,302.65680393310447,105.92042969159382,1.6040650841842523,5,1
430.6160595734157,3.2448160241144155,195.2692523326293,141.84024879940975,856.2207074985445,118.91248977166381,26.953569308726152,54.67674909637366,86.07340653618114,444.04154262732743,69.69277159539746,303.8458524532837,106.17416983506988,2.744529490621055,8,1
460.3456170786779,3.33769794026513,173.76901724202637,156.41064068206197,860.6491964274685,100.49904839981241,20.89260201285491,49.79389628315941,97.16352712758659,499.4518645518882,66.80522574598614,300.49243551159844,106.14616977841418,1.8659918717101076,3,1
442.45537844172986,3.7266997516232943,203.76146713983547,129.2195922233326,779.2894609536233,126.17620665084651,21.175445286963093,60.63502269446498,77.94706828710153,476.9119525641117,76.80855728112999,257.8847994434401,97.88734345258,1.8439825387239461,6,1
453.95230822996587,3.4334335186123193,182.9763903510503,158.8958107542453,752.7623573995555,132.22345256467975,25.455457278231275,50.65043468130869,81.28049680114917,515.5448592080398,73.58530076127698,232.1634460902666,98.65594694128714,2.2411889596531314,6,1
454.41336193520243,3.095068079185631,213.3066906901775,144.1723939932172,797.4143444345978,116.1605637793654,20.87403795382294,46.797428878220096,86.58566883681179,521.9211444835171,69.12615580349613,271.74709092578223,100.68813931854042,1.8039874365485922,6,1
446.48388299525516,4.030450787917935,244.19211152084756,162.38335612304348,756.3619464605731,118.64869992924298,18.994823556297142,52.09937311395884,84.19501265090287,472.7339683772288,69.05265958473635,284.06630931603286,107.00523253997342,1.2396468791571578,7,0
438.24351501620407,3.595989557343549,184.268558168843,164.41640185848124,808.2478437704513,118.36592769268688,26.59711603389017,51.61971390359135,89.77691614286714,528.1643417186577,70.46087084119608,264.64644392848686,97.22549490455683,2.0658837461294275,4,1
439.6418842152561,3.0779169798460493,206.6474466644797,124.9037398124139,856.6048440417345,121.80910675225026,25.962807262962603,55.69048547055224,81.25538598657008,526.1655350380523,69.97229880563934,298.32978393376953,96.22793377709642,1.840878482607345,7,1
436.2571212677814,3.367445321827753,164.88988822590744,141.27628855159173,791.5930176975417,119.61830413033572,26.351794993837398,52.24026399302463,86.89716380952501,528.9327031555608,65.21531910345416,332.70320906364594,103.4783843417858,1.616044359738213,4,1
437.5226668765433,3.5332659148485255,209.07810458882693,137.16708468089064,807.4997544953869,127.68116952430694,25.78910554545371,62.37532319584652,89.61604374720532,483.68830491957624,60.496129358075095,321.7809949628364,106.04627366924831,2.6202635774744065,5,1
448.99232564925967,4.011377627989213,182.2857240040062,122.80908052390285,795.3077191888317,132.33039133450944,24.804067864982816,49.44297932298864,95.19152332966377,531.196886593143,66.01149666779486,313.9899988624083,99.73604652891721,3.196163340412868,5,0
439.2636001633387,3.1675662625223393,187.50330763131035,134.51200085685883,840.1363786218849,111.85928777507817,23.013434356970016,49.50190025109763,99.95831508879677,520.8000912270077,69.35741254667485,329.5593221598751,103.3521995390097,1.5404374054117687,5,1
460.2307809856893,3.792812215806784,177.97427020320345,186.6188376789801,766.6108802855855,116.90671507225703,26.54840489826383,46.98056974973473,87.90762276917248,525.6073857902625,66.31083401141254,272.2613086700931,100.56223382037017,2.0987205423834707,9,0
472.3086923300389,3.919845928091703,214.6430245210947,159.1426484431866,690.177686917845,129.01619448924745,29.589650465215453,50.42834169177088,105.1044819299666,567.1115425235411,74.09669015197785,286.29611190987225,98.7437769694774,1.8007802024720592,4,1
441.29920137944936,3.311403708477629,220.14608714946525,178.7593195290863,823.543442968769,105.78330951940967,23.49631297766964,51.15529560541477,88.5287633556438,513.1109675970165,68.85423432049623,318.44540589174665,95.85360900757074,3.14419968800049,4,0
453.5910675080307,3.41674591434193,200.46770429317016,162.43647660027503,849.3917210653997,100.2927871815443,21.937779369375104,51.40605264977939,96.63100118605225,475.7215110401013,79.3678678751431,285.7640997248402,94.23070049276525,2.245867392692731,4,1
457.495276654544,3.1891072257878688,182.7114658932856,138.87235258487286,822.3187122379268,122.26315952898479,21.59464174176628,50.335938377469994,105.45206187781423,455.5818187600214,67.19252870885425,287.4052052954661,96.92616969114744,2.463477856219995,6,1
457.0800340637891,3.4389616576759083,231.79046072207726,144.27343204988935,767.9884752265993,124.96346411070492,22.399809299998847,46.950893916363505,91.11446727388748,545.1174463997529,70.70358399350779,355.87257365727805,95.11970407065738,2.590916278576466,4,1
451.1393290187413,3.4890230076971207,184.99179744490687,158.82654270360462,743.2493950906966,112.77699812046407,25.60779557342822,45.591674359588225,79.01178702737971,514.2923070414179,68.55569121915107,302.86326233589966,101.41741266529715,2.065076927418345,7,1
461.14023627539586,3.6978949994247112,156.75935400145121,156.56259305209554,824.724876589016,114.21348945879545,18.58111730933932,48.124131375822216,90.72723085766106,566.800879532809,72.19889028867411,352.9087860060221,106.08772883708393,1.9068083296501022,4,1
457.23373429020984,3.827055041306134,209.16778019914136,141.33986976437498,807.0739476467337,112.398076782591,26.31751127329698,55.707688301175565,85.10685689436072,418.8179123519812,75.32875564498522,245.3011000079169,101.0200467568545,2.759466157326003,6,1
431.4350636650905,3.2755711806135057,177.90450652716967,127.35010244131189,793.7103686170835,111.33074760655566,26.93173903088847,56.7839984274574,87.80454378422039,536.4266835114577,73.04140479463548,281.0740108619012,95.39648330156665,2.3889441880974527,4,1
463.0373409658391,2.9098024807322016,219.7721758699835,199.31641781083107,891.1231671496896,126.934958206046,19.60576492017136,49.61517731779782,105.87981505996171,489.5545065831749,59.846018652669706,312.2644974195578,104.2768854051298,1.577050245865026,8,1
463.30936255900116,3.4936265662171273,192.37724606653163,147.8827549148579,752.6599952909335,108.19501513002362,22.0624586911672,45.292085167662876,80.21789261420899,485.85916020475315,72.49930805236434,302.81197739319236,101.48440748049855,1.6378943180580396,0,1
438.5507084373213,3.5880612589905923,212.07426481088393,145.1139166022607,888.7518510563733,117.34477138566652,25.23904293953624,49.59413194841604,92.40373457844687,469.4076863940564,64.94560928859481,238.33361210408742,102.4741301035589,1.8051734132347814,6,1
450.56906753171404,3.5748253063055127,228.03000693104315,151.70001695857954,801.589195243532,110.94663832485148,24.569590809086808,60.458327176350394,82.9782297574262,535.9828405554057,68.45115410791861,293.11262458283346,97.40316144458819,2.5796092786082205,8,1
460.24993489216604,3.401998025747287,175.82282270758557,146.35907116033457,708.2214761564562,105.44711024098784,26.55891240480577,54.9948391765831,87.53873647039268,524.541447091329,73.44664593418669,374.1905278985611,105.66688286159246,2.7367237382832976,5,1
446.86029270630956,3.53742562989918,188.6812573821519,151.84093361558226,791.039867284043,128.70178174746772,24.576589535450903,52.75371345766274,95.95873868163586,454.3047189984224,64.4011954579248,307.4073831549029,105.64132849089478,3.0758641495452093,7,1
466.09467071649016,3.954633442505674,198.48657854685874,169.3042092917463,847.9748038299721,114.80174777826461,28.794308580324895,54.81342458526285,92.54531154778418,506.59685751700283,75.77974003742526,318.1330799999636,99.0796642767078,1.6456483536688764,7,1
485.4580874192904,3.6145202506887526,230.75102638068688,148.13177280470364,781.7472483597514,121.88440080420757,24.036491802868955,57.70283305670657,88.19974184830728,528.2445732272188,68.23307050224383,280.6817049622457,103.59225923301462,2.0701032621031032,3,1
438.21020951047524,3.3879894724990747,186.8323456411911,132.55934341008359,726.2610729380802,104.9192412019899,22.05090103984074,44.2356689922644,84.80159739788297,507.1204210370363,80.85468686459058,307.29852442189025,105.50744576035834,1.799899108395218,2,1
429.2843309526934,3.3499406548712014,188.10992608101986,147.57534308282084,791.7742734101915,112.58060546243524,21.809674401214732,48.03980065651439,92.52862553722892,544.3136120010776,70.34338912896881,299.6301540529404,97.67313886955739,1.9088271618055195,5,0
454.5572789340731,3.449044292696681,209.56281151111617,143.03397327885133,757.1413813054147,127.56087880695006,27.206405527845067,47.35639183581592,103.66149373722696,488.39845824443273,78.52671371325886,333.56443295216724,99.59380676182597,2.4649394271898633,8,1
460.82343757689216,3.9910219885491918,188.45542548578857,171.35848405870277,824.5907200543982,145.87271455845308,25.08886342587075,52.93557198535492,82.78918445901101,409.82569307582105,75.98839612266755,332.61002660339483,100.39895678601204,1.977060494739099,7,1
446.53700439232847,3.445009787142141,203.05051765795233,167.56678597106355,838.6699908033805,100.23783935609688,26.901147702175585,50.80055445319799,105.29331108366218,507.4687024307295,66.9444745897275,312.2254843446222,94.51089920877101,2.6579288357864077,1,1
471.79890994981554,3.4940616966437874,168.96925158063746,151.612875006462,747.1864796125947,117.98892204710573,26.839367497687554,53.78155645344704,99.5959796058012,507.2250307762032,63.49154636183239,302.1289744678363,102.20831255777203,1.741850776377919,2,0
429.92091300415126,3.355305928719109,244.28659885113194,130.81896217771114,764.7097972442175,124.122805981435,18.940450441708478,47.465563250663884,100.95482694062214,512.4474598681742,70.56813680618772,249.62677392311875,105.11261407799704,2.3707081753722603,6,1
460.3937793454742,3.8296950072325893,173.04581539381192,131.6116160484008,837.8321232553469,113.83899846760717,21.579752196929668,56.859760253395784,92.4674590474368,544.279163918708,67.08678440738913,248.5813368871352,99.28056991891076,1.7786216912388322,3,1
440.9120876886166,4.087951176423402,193.56494592019584,150.2268489237683,757.057786085052,128.49521986994125,21.938124878488537,49.653331459253494,99.36903820407916,421.9014698682677,77.89859390043503,302.4573274019255,101.69925027176134,1.081387849788387,11,0
475.79066859310944,3.6351839148294163,199.3503792831581,155.04484453981922,745.8920932086003,111.33267329339687,22.55180743452471,53.472727759790914,81.929349740395,490.46066782669357,68.76570414163689,326.2390233438497,106.99290397959088,1.4892657664966127,8,0
479.8877302975218,3.524831871135628,238.25376268713592,144.38065771010918,741.0654434101873,121.53847660216641,23.73893402027042,55.9770324946147,84.6556487372119,463.09368767993794,68.49798020740613,339.95238170868515,97.97424062598526,2.062064865173261,3,0
438.5001511832498,3.5110348499522703,173.5030843813452,142.7974562368915,817.601930647906,114.7792809550164,27.997448783851556,55.57562157747484,96.12651051136314,451.6787844752606,63.02050769631491,273.3078374887914,101.80132498813502,2.960748910650747,6,1
441.7566429613713,2.7847079633642764,239.67408270957503,141.1080115023203,815.4578859758732,132.19431082954773,28.5954470571517,51.80414204200898,92.36676044179053,497.1080400174843,72.09608506539884,254.72284219076164,97.15093899165163,1.77020622703187,6,1
462.89381830469705,3.723545259285445,215.14353642204046,149.6490905963408,765.797698481048,113.23635496964394,24.12132750939101,54.09673453191272,88.81296593201785,528.072881211227,64.12888859026583,327.98877458683745,97.01446850465292,1.9154057855502595,10,0
444.1930402531573,3.540249924798753,208.34190648846493,114.25856471890403,800.2542698064117,116.48126203713484,24.246157416025767,58.708303319861436,69.97912887514062,512.0378641943664,72.21218456440357,275.5592469870492,101.70946630736394,2.2448348793974184,7,1
449.3188317310164,3.6285026151982174,180.3073262596409,133.48010056845436,876.3566192077565,129.45689037497155,22.88369882782814,52.56800616987348,86.51620761569463,472.4991031001696,72.90045863249001,252.68795196981554,101.20684783656644,1.7002893401632537,8,1
450.38082630813614,3.2865613417748887,211.42282484076148,140.59423731828974,751.2969921540889,109.71961340907137,25.267563091715633,46.3517679896921,80.60756975761387,494.18113601825127,66.25162444012818,285.189655256427,102.77534919763849,1.7581204642339054,3,1
421.2049026570352,3.3846629363068725,185.530267551604,168.1125479242788,702.4128695494775,120.68750056763572,25.60756264820181,52.91525365481942,93.94827449049203,537.1958577851847,74.78289965508856,284.66703099827265,100.38079374812224,2.0360572389384233,4,1
449.79243380858645,3.376692519049048,225.33322506396826,137.79279537106606,822.7537787860185,101.77465656313399,27.419426665006796,49.813593909902046,88.47065177146212,527.3251698024009,68.6256228035438,339.6051322892204,102.32571408649578,1.7817168318775183,1,1
439.6540833890374,3.8064868952219117,180.57875941784533,152.7070221274681,794.4799418049206,109.12066541370925,27.39531617794766,38.259994327978276,84.97359564666796,477.88919947093484,62.6437815204789,325.96901744044607,108.32759486035684,1.1085035489349848,4,0
442.60315766400345,3.386372049019072,197.73683011087832,153.39814126396493,764.498745659245,123.82131275890804,18.093645846792846,52.309990118515465,111.14328386099443,475.30014497344087,77.72643670156846,277.8783869171001,105.29955202652789,1.674914980072965,6,0
471.6544800520322,4.124798096632939,188.89453823973656,169.46874758491143,832.6040118677454,110.09302490463767,24.542365157088646,50.58325325007804,98.30539581355387,431.3406335760401,65.38264712962841,341.9386302766813,101.69190849372244,2.3074598432789886,3,1
431.1523965858112,3.6292587257045112,180.2495407514601,168.93866110446226,841.9612572334395,114.55427068176209,29.15230009267031,55.782088857487196,98.44697713084847,482.82354665670545,72.5353527063324,303.7507757374306,102.52453499168335,2.3230015470646292,4,1
462.19807780121965,3.1172952020012805,214.82639633815828,149.13745546807627,689.5860990059954,124.93086402047938,23.685655218085248,46.249531712558465,107.61772115745738,430.56844278245933,72.12897237023623,331.8250690588228,98.50548993247898,2.6681168501796506,6,1
445.81555604502284,3.461436112024413,210.70917494819267,142.86772888215836,767.3701045334255,114.2081385885307,28.417725455089865,42.471451688103464,96.41753426146488,582.6827874954446,71.94592336962172,339.8153552436664,99.20405454431035,2.627768005992127,5,1
445.8035974725625,3.3044974633530755,224.18020397801993,140.04250345761466,915.8758115598428,128.22842073216358,24.080644599966433,50.843404297052544,83.83236792421707,465.7952737253316,71.85930957965068,292.1222129979142,102.46230465335732,1.549906187834449,4,1
461.8555784407757,2.8416852590539925,164.40249783583664,146.38405166301328,829.1702457899096,122.15662787486065,25.524770402325892,51.900886938027234,82.8968291864661,544.3592342125287,65.14906181719999,317.1395872238105,100.43825112357929,1.6272917754445526,3,0
455.10076941853333,3.979841282034137,221.28341404682087,143.489499685146,833.8051819148575,124.35683111924503,21.589327922802553,50.46916472692784,97.71922207003388,572.7242483156796,78.45674800751361,287.7972460669975,103.9650933811576,1.6493594534188711,9,1
458.55919495829295,3.710942762666001,250.1089781071379,158.30441114037347,858.644713931574,132.40965598738532,21.702254327300455,50.103543418427016,73.52516576179859,508.6480563411195,74.7812457510032,327.90306785757804,106.33536501723013,1.9239691897408397,9,0
464.52276990799294,3.659962195369794,190.96717821646106,156.30464726227805,800.8534412599863,123.19823062614066,27.176474716789045,44.65636522896837,89.37776295192347,495.99942974452375,72.375283656252,302.7082543141117,99.49117019503117,1.6883649420049984,8,1
445.03037425225017,3.5496210980899114,237.9029722421794,158.87701786717523,839.834208004581,135.38847290469343,27.645454840601996,49.30541431512538,72.63100497954841,447.10538975779673,63.335118822421855,328.8096665719709,89.95391730441499,1.912736483410226,2,1
440.81644898238375,3.0853947293922688,194.73677455880346,168.88925567154251,835.9031021918602,129.11262283037823,25.079286718601477,48.257970852477925,90.79074806711606,479.815995134049,65.10816062172283,345.7426999145539,110.17094462895307,1.5639015043887383,6,1
433.722742101633,3.3549148581333688,172.55180524877386,177.94303682100266,826.952074837638,114.76547570165543,21.317427272084828,55.3635437038372,96.83256200569562,564.158601914761,73.28728313344581,316.41695495384914,96.73752783464374,2.3922027153925995,4,1
437.61884205031566,3.752534232435204,193.8873511518641,151.86995090111336,783.8994014691298,132.9314807502127,25.131413669821644,51.896626820153074,92.23532427682906,514.0501051848908,59.98157944151592,297.19620432774445,100.9758085154934,1.5259681858203311,6,1
494.2364163796309,3.1846339910652492,220.96407935350553,166.4919565709348,808.602946118313,122.63866020902945,28.77170488202283,48.61001439127403,97.50487487176478,501.1339282983535,71.69351929970185,297.6951637023001,103.63746143363487,1.5012140416884907,3,0
468.6701937110518,2.740469205124756,183.23647035336938,144.72509724248678,770.5819217846611,116.05320291339497,30.228599410155283,58.61942438211383,105.71861553327932,552.4849283670264,63.3441160130719,211.28904747063356,107.04486769421541,2.260114559595559,4,0
429.7338845068797,3.431868197665722,187.99322681987024,167.77510475374524,800.6407152283248,122.78385695320883,24.049876203022258,48.65546161892495,88.85169250190393,527.8516219382286,65.65984111245194,278.6161704050597,109.03017104285064,2.361149985312025,8,0
430.16313064884645,3.4574727337917386,211.87078864586383,165.92263735763765,741.5754553950367,131.12326824390263,20.02039644922663,52.788933619430814,112.46120626623104,494.0850740888095,62.94466196166202,327.97720561006025,98.1806343111627,1.8874388090727532,6,1
457.22799092577736,3.5406690249244126,200.06120233477145,165.12623954914488,760.4688004363524,124.55045094242222,27.521090798664336,49.16539333205359,91.70135964936124,508.6502334269439,71.23053207891151,329.09643621044506,105.94844883471464,2.434494077626515,4,1
458.2089719606695,3.718555593054361,211.69245904973482,151.41104761787287,785.8843979037536,138.22392832551398,24.172110710634996,58.15576257514002,97.59332050152287,469.2773985027477,75.58180725917148,277.96297025698414,100.98989956687433,2.398393803199179,3,1
458.23325752976046,3.6912817436693626,204.7565908151667,139.97462754013668,752.8147284284962,130.86530557898823,27.82912192468312,50.43429887906805,85.11149828347946,477.5583741454565,71.74008761906343,304.9372385321621,113.71601835106188,2.949569395061759,7,1
446.1756630966945,3.5776309415731764,209.59250639103146,129.08207343201786,774.7491364627411,125.23160033402162,25.843216675052858,50.58207113945337,102.95451183704546,491.74805482965365,72.28916524461124,294.3220073376154,105.5022236213002,2.366463067309636,3,1
448.1181860999565,3.8586594164260126,191.35397628380917,149.3994418871835,791.8037011622242,109.73931917258842,22.34966768271445,49.30064820613643,98.33368158834104,522.2988424949476,70.83979448077442,320.6880713612788,99.11262955793842,2.8536015423907317,7,1
454.91819286239036,3.0443090657560057,204.63461884060786,172.99518813373774,820.1131172332189,118.20267485989879,25.174733081978143,50.98255963000607,101.77161042054398,450.1054810923982,73.41346755435319,366.25844290037696,96.03463591402551,2.0309645857114846,4,1
451.28839509439996,3.6513745443432173,181.45253988608133,145.3523264795389,847.4628650926454,120.71664139750851,28.925015101162984,55.997689193239545,90.43603537419163,503.04961321690917,72.33542807125008,321.2540573400577,86.86705137743024,2.6998130880543036,9,0
416.710494408787,3.6879615090010827,225.76867245006778,161.77689878190083,776.8107814310946,126.96631501217747,24.55253803309827,54.22921922342344,79.95665948493368,484.4055135974774,56.42450903001409,279.8946763629026,103.37337964940069,2.7103831907529456,6,1
446.5530055413721,3.128131314175928,187.31450566365373,162.65927100778396,866.7552308634312,126.37333041272193,21.895584509663866,50.140380905580855,93.68317951700325,463.9628312613518,74.53153368830823,297.6474141572798,105.04224378995377,1.9286931300949317,4,1
437.2289034860953,3.049138817395283,222.57694975098778,145.7447066860924,846.9305539312746,121.69540410218286,20.23406749421003,58.506625532283266,76.42384149341187,484.6203380203338,74.0057598098045,342.057847593082,103.72730222199979,1.6557298093608708,2,1
452.6281712836277,3.2762173620573196,195.3278607803427,169.7451725627928,825.2046915971971,121.20349915377172,22.683505939406047,54.36492820671285,87.31051357102439,407.14386947799113,68.18843584670796,257.73969226847066,88.23292776315395,1.7436620859073275,2,0
494.77888503905115,3.3015375672454126,204.03998021514641,106.37008883279245,807.6824564648309,127.2045689507607,23.769591214687054,47.80909440401325,91.528643493058,469.69645303886483,60.12896636133654,281.5482700353342,93.70994505155267,2.2075620820479953,5,0
455.51222498211456,3.7260258390507293,190.10070898218598,131.65874581892737,815.9560420934271,111.41413774370014,27.45999740775178,43.09825823133031,109.01779434008614,456.02052471696175,71.21237012817204,321.29891796020127,102.40411738948393,1.4251464959357933,6,1
445.297054707414,3.3156383648926715,179.6800913766394,136.2655155546231,859.3525575333191,136.95515819249857,21.637452196565135,47.92493099101715,92.54838889553552,488.8033582959694,71.63330402068249,338.82993759616176,108.92761867740396,1.7731345671718803,5,0
463.8270225296588,3.243095444515639,165.10479224789395,137.70427465698916,861.1789829879636,99.52833114836528,29.661255657188907,52.06674389275126,91.11629975266432,408.8084070814427,67.79758258719578,318.2690370682084,99.72223098638648,2.598615168640645,7,1
457.24031830813817,3.3165098789916323,178.8935168281508,155.04394426778842,866.7473364191821,134.5540948217203,20.988543367476424,52.986001853157134,89.49574060771766,507.6357097403788,70.93349862173346,281.79915254348083,105.45759128295842,2.333416982722712,8,1
456.3014173567776,3.8355897002462633,193.52182293568157,154.35056704580853,802.0663415938502,119.54814471574838,31.99445827767051,56.795688416510096,79.26327276187986,536.3769318562745,75.35920128985185,316.0960590397918,94.82796588280752,0.8236804949032168,3,0
459.10275889823504,3.5039130123130855,204.2375835765777,155.9098585826251,827.7483582499307,130.02579814271593,30.17655567026341,44.527270124405,90.68660672010407,495.30814511080405,81.98760859147583,312.4287830020974,101.03564016326162,1.333676467756816,5,1
480.84815347244313,3.4462246923929265,220.20758626566527,158.9412224119873,867.1773253311026,123.63840434292612,25.423498748163976,47.80422333026595,90.82306140909418,519.9516749361751,70.73451836457933,310.5246530106876,98.62669934521747,3.0794431898536843,6,0
433.0366734701113,3.4669983503896846,191.08485080406302,135.74843146281526,768.8141982541804,123.46034410910802,20.056919395691224,44.11178665062744,82.25113203637027,479.4907777439503,71.66956840676622,297.0877896911298,105.93794736915453,2.5897837039658618,9,0
457.10448115217184,3.887618100297957,182.36078471465652,131.7273589978902,784.0791573140848,125.54254476026522,24.833727814052736,43.30600394210277,80.50603508457309,437.81515504896504,65.88105562407303,301.5898292455688,97.30081834531809,1.7085363926378032,2,1
436.10428305027693,3.2752484820190273,171.14570427994576,155.94479523011793,800.8018331506739,128.09054289087777,23.83947712604048,46.86090627023341,86.14743453785813,500.0676528514261,67.49303977011711,272.77500418383727,108.3850634193247,1.2557839150857815,4,1
458.33268969513375,3.8946524872820314,209.60127235808207,140.54651889530342,844.9799368989703,116.7116917341276,21.177138330847228,51.8330612214701,90.51946382858155,527.2151350794088,69.3197868481426,374.4061267499248,98.46143758190006,1.3752464687394124,4,1
436.2197023277086,3.563148889676451,227.66389030658686,126.44287431948044,845.7586075359311,130.34799130526235,25.87302888174233,53.85697217445158,86.33956654894834,447.0244749756937,75.88859017695299,304.7099832203157,94.65068501923916,2.254580521420854,9,0
443.73949779592374,3.4518741854073958,225.32660535912578,164.57016426812223,788.4567944401032,109.15529376421216,22.529070610433067,45.25822946689163,81.59299640278783,481.3909089471266,74.09478878014029,316.45536843152433,94.8184634113104,2.9884641784784547,7,1
445.5736512864314,4.250270149380285,214.19865496294474,170.92652859753446,724.5695272810145,119.94669426673876,22.855282458851256,45.9536204030638,92.31417801603445,490.1153439638233,79.6467667200398,293.4626635071497,96.88786433826071,2.9566287551135457,9,1
464.63725079017064,3.183308153060421,212.77086634535198,173.3574133454799,812.3091972147984,128.35969924272277,24.388964096282933,41.100884123382826,94.31093459335383,614.0563058113978,62.54886912169896,325.3593098813835,101.85283663961359,1.2121572532554044,8,1
463.7768166591362,3.393894272129898,233.9524755941868,152.8051158221208,754.0841931335799,129.9501757961589,23.27527351388289,51.07176104138498,90.97038167377788,508.93484778879565,63.38132514675514,261.04701175313596,96.95010012479439,1.8521143615394198,6,1
431.31423935330423,3.1302706282508,206.6416292283362,159.38898143959355,725.5031897679888,124.60788848261402,31.23446985133009,46.33930549014631,85.49613828898454,423.7770568454489,75.51041467617966,247.63183393457507,95.89761312174514,1.5714761421143795,5,1
450.8240116649977,3.7857385911608508,212.92259352048342,170.54802335042865,736.8064219633142,116.06607562044265,23.39285610100135,58.31515689105924,94.75872816985806,413.8859639263116,77.24430188157244,299.08585477727524,104.44904025767202,2.0684751534846115,10,1
439.3563021787624,4.006756680095504,193.58432276296003,140.37876314964848,816.319050392278,128.96707778368705,26.322643034183425,52.049043998247974,88.47570168218415,529.21995321055,70.16564060835466,361.62165825353196,83.94390694780768,1.3344695938797027,5,0
431.12242633987,4.000976834421392,172.75913258290484,166.66016526081137,868.0518680466404,113.30633760881247,25.436567476631087,49.142771282716126,80.4873303412388,599.4012790398612,47.67198068235561,336.24962503619383,97.85059181782175,1.7270908114109185,2,1
446.74474424363444,3.8671846259438016,186.32302199000847,154.13094351214812,801.9447258118122,137.5140907374891,26.058250675776616,46.79443786227774,98.28995484001119,488.76102061597123,66.28235419050627,275.7466071080868,93.32880926132428,1.5663694410484847,3,1
445.3727581731627,3.4407138596612103,199.8168192293069,163.70567478513885,810.5690327322982,119.15329102500336,26.287265210832796,42.52664889902886,92.82806415413192,486.36721631765965,71.67746826074695,315.48262229919277,95.6572278082809,2.2618022929600894,2,1
486.40074729518284,3.390427706753046,201.21570745002606,152.79139531313902,859.1447469438963,104.60374305794039,27.644084459818366,43.160641115272846,89.04567755443409,517.2309670479038,65.50293506711134,280.92031566508325,101.21874961794543,1.742570564318528,4,1
456.4943973804104,2.9986490682517806,238.52571709710787,169.44385064622003,722.7772545458223,108.05316531983448,25.799338226855927,46.88929522713933,77.4315823613222,468.0681436661956,70.92563078468858,312.7925006233291,98.97383677482478,1.8144111526209523,6,1
429.33573748868645,4.110762060554538,201.62554335182136,153.35285643812304,826.0088210800136,120.43643636879588,25.67468738465896,46.505485589878475,84.0411177669183,398.23381518285305,79.49277724435989,315.1318162873811,98.52217017764784,2.2554592342858197,7,0
441.52838993743586,3.6406934234445405,223.57686888051288,127.74031410798874,799.4205107840589,121.39825271326053,25.17543120540442,45.004140785770026,106.14852569906341,541.4905755710274,77.130664097975,327.794373626944,105.94754439482132,2.821260419062207,5,1
465.32074943144096,3.352412928539155,191.29845516847368,171.77889948472082,828.3028729416034,139.69656684951096,24.584746442980077,51.885473637211724,77.93326350495443,475.4727148639268,74.0444612268507,253.03008908527175,99.9319092012679,3.057887752355737,4,1
481.32664159304886,3.8984170666960902,193.76648228469531,135.78703888541833,775.8258045798092,109.61500662385774,22.264606355017968,52.57132796207429,87.98920576286646,542.0047146328549,69.67775360580922,262.0323603343544,109.03028436803456,2.228006337690429,6,0
426.21025031643063,3.2081706449719998,173.41984725553104,168.7958731536587,759.1031354786759,120.39462199303931,24.817394867739395,47.70683801349136,89.86931390117104,469.5605283875728,67.52665971049804,297.73288326285126,103.56095889000383,1.9557130040953612,2,1
421.8011342229143,3.621986610266802,185.15343974246855,148.64635677839516,807.0254452142802,109.40578592917943,25.7238021257966,59.675761341326584,92.56381431529243,504.87116509842156,73.78875657638737,269.0272999300634,95.16645139233846,2.65812365339534,9,0
478.06447763057673,3.4482112597127497,210.53962782727507,167.6401647779656,882.4595661667231,115.07345146786597,26.206493669718384,41.26635316741954,78.02263251338869,534.1932778995478,70.12697326250114,266.7083379004523,109.67045985142427,2.58358227350578,8,1
455.8442126605636,3.6916031419640905,200.15120360788268,167.02152922300147,843.0455052270731,136.8397203006934,25.54085431897071,50.29081949486132,91.3934100512368,542.8140380428749,70.29852219686185,308.155721376688,101.39052672245506,2.4409054662544385,4,1
436.9756090218545,3.4809279382441636,218.85877239794468,156.45214461473057,774.6153614909954,108.6366377684401,24.301134959654398,48.907098979560374,76.51115630022656,509.31954669925693,62.24392193559486,272.51893306660895,109.35873929619939,1.2103297843929393,3,1
458.01943629183654,3.064721632666633,203.62507896690101,157.62802976440696,732.951398200936,125.87042424067833,24.82876029041231,47.24649559016372,90.7794303695641,507.32956383196,66.42734808887053,367.72970671165376,98.6695222848362,2.6040877015850046,6,1
410.46378391474684,3.522672911801011,192.95092536724516,156.3394292578885,715.8966358151107,123.92907359014391,23.339060546347625,46.5116857699347,84.78081664792334,524.7882472071644,73.75930233658407,284.00502038118293,101.36115873703963,2.1791006793055216,5,1
450.0506325989574,3.8146592425626085,242.96593727573918,119.79262865578383,865.8049725925241,119.75828573641792,25.939671973019692,49.96520058543821,83.07304586465752,518.5667813757661,64.49466579625707,291.8930374737692,102.16057082662537,1.5531488448972928,6,1
454.91731759264627,3.4912350782438044,198.12192862573906,151.77495328347302,752.2458855932086,125.19436623191737,24.336615316257635,48.87236086339136,96.6785372693407,448.35277863314747,71.32853549301228,308.9262162155141,99.15943112891141,1.6640619712625084,3,1
463.86405209306747,3.732534536476726,223.26001939410608,133.25903735892157,783.7243293502531,108.39979618056711,25.54168281459241,48.0406173644372,88.11515005308894,449.1167058278463,72.0625179743207,254.7613385656276,106.35959997793444,2.2910161444363983,7,1
434.7915607156119,3.186341154297784,191.97581586910644,152.56780715618495,866.0605563038788,136.56322507803557,28.002409130147658,43.506401825053125,93.78968643926058,415.6376358791648,72.3544390787701,315.2551353649603,109.66291004252155,0.7441806781063462,8,1
451.2853074210504,3.4921217620190443,214.19198958767134,132.85586180425176,719.3049272260504,139.2484549512352,22.871923271072742,41.90944091094751,94.05461529102254,530.6603200335859,72.80132108178844,310.2440294950166,88.53286860691749,1.93726341781517,6,0
436.11863060910616,3.312646863473427,218.56031318303374,132.22572088160888,874.6132254737529,120.47104697759313,26.790086142731454,48.55741762402217,100.15962791164081,484.17080905156,73.13863026570033,289.520834538669,104.07409187495756,1.6724687204089543,2,1
453.83075633511476,3.724094252031413,204.16983941151162,174.07401752630852,787.3179773053749,144.23106130613553,25.09963053965612,47.98951947751735,80.3339380670318,532.807889815052,66.88103453978735,308.2178192278885,95.52748095074408,1.6215295442202382,6,1
436.5698051645546,3.509447468678599,152.91034154606797,166.04171082186284,742.5708342380631,116.00972068450079,31.063580798742265,49.01481569861586,97.35212530015805,516.1484229381797,62.66172718169413,312.8484753847191,87.03595773065113,1.771403437235896,9,0
443.8784874125967,3.7070221029009836,200.36504921712225,149.93786122583768,787.6324536425543,124.0043199385628,24.35109901460947,49.456891010552454,90.13169297950438,459.9029327371612,65.63232293808325,343.055721369009,102.58509128232096,1.2602998142916155,5,1
435.0627690781466,3.8263131278473597,224.6092009551995,152.77152975373536,763.8701609299261,134.31889063774514,27.0854937494532,47.387488290585914,86.97500335704325,495.1911026586088,73.64960598452456,375.0078440394026,102.59636748749939,2.526240021907937,8,1
459.76704362735484,3.7074855725364166,210.54961666055462,146.28125961385487,822.0409899452858,115.4099553977709,25.04606035526793,48.93796288090897,80.80599584647774,481.8071179334363,63.99576703102153,268.15497037095986,103.40063587530942,0.9360525776873714,7,1
462.87676674985,3.581935530288093,208.91677750458493,158.54814563969285,767.5933783056112,106.18450941120562,20.83508647505952,45.732358459482526,94.8527268923429,475.63106078945754,64.79694660057747,261.0795777017537,101.85513938951762,2.0846437709004375,1,1
446.4806914506388,3.2005363224465784,165.55486132084962,139.8591845017679,704.4178894540479,103.88282934381147,23.437932713442567,57.61972904581641,82.62220382932892,536.6114930197313,64.76927999621164,303.08248833924046,104.37512611641837,1.576221060641695,3,1
450.57356992440043,3.49916416679993,185.5908985864988,164.90610394301936,788.9718732795506,140.6082656390266,27.64141331628518,46.00129925925016,94.14245269581714,600.4297388219069,60.7701277262837,237.6324455796188,96.98475599327878,2.9917893400002282,7,1
428.27112878049684,3.34007287939525,208.2271526230288,146.20369738478834,732.172747385673,114.70975349361223,23.70191661817518,48.1450964526733,105.42264618373706,544.6481456697419,64.264978169341,319.4824569547651,101.31667194577459,2.011343219242084,2,1
445.5048502798982,3.396780812988732,208.20766553573785,143.70229506253156,810.215994199416,118.14263236581502,18.339231055481157,46.381056054430594,97.83981632287463,498.92174530570384,75.00198456661835,303.3924228921857,103.49083134214284,0.938333594821473,4,1
449.24693074437386,3.387639754774925,224.29333560265806,150.32569527727264,740.6434833858337,108.87235921678945,24.90579094922649,46.297092298975485,101.13147460120518,550.380310398245,66.4161767364222,311.0185979778413,106.76478061279688,2.2734105382593106,4,1
489.3118963654496,3.206022327565327,197.1026648970781,141.13279755111586,775.5993598413957,129.4833927932919,21.722991106146967,50.12320783318973,84.24796178219975,568.5161060124321,61.25530921722827,290.8928419464016,100.21922736376067,1.4537116444777771,3,1
433.32049461338755,2.912798423259803,208.1164817334763,154.93023524244725,809.1293902107168,112.18440140775415,25.395453197790157,49.48882895058494,96.10186436905596,444.3051687075881,67.4417807254271,307.65047297905204,98.93102217351245,2.492444530543251,6,1
471.9626585812866,3.29955708550167,200.32748483862588,141.939561160299,789.3770637482866,115.08736972338679,29.653441244194056,47.70269804812395,80.84628035890887,548.9941904545012,72.55273607946833,314.16718732931605,99.72380552741167,2.3088613327666794,4,1
464.95288160198714,3.5580138355772477,180.26114526996886,157.02785404228254,812.5215141500522,122.9952041941616,27.30837193240871,48.58262004222844,88.13213677940308,530.7872807497282,60.84613617558169,306.00070216999774,94.03203447276955,2.73629774869301,5,1
454.20954606735205,3.095546886371753,154.88417337810506,168.24009808367214,834.0143582858879,109.35954072754427,29.609967486219933,46.400932245033644,103.93017644975296,547.52476226626,74.76655154883005,259.6470415361237,103.84812142860646,2.0935158751936305,4,1
476.379307262927,3.5047046709414875,208.62019384260154,139.2101746978774,742.1033150134347,118.21417730485774,23.315463935666525,52.0086281886308,85.13726234858812,532.531498240676,62.795095923204606,305.16017481604564,92.71341546600814,2.409574396423302,2,1
455.58158208910294,4.070080527293289,203.47894416825622,148.04136814057244,796.7801229687647,134.0220958950327,24.570500999093404,60.27596371295357,98.89084947338475,490.89083969863435,68.02258180506657,355.61894058149505,101.95482051518681,2.021377078221207,3,1
455.8373879350189,3.8069169665756717,187.6364991579966,156.91996069553133,633.5248101245935,124.28254397516864,21.86669140957666,45.625793613833906,98.12517386399772,581.3148257673107,67.95867445002192,307.2267617543959,100.42287111129727,1.7051731048648053,4,1
449.2031902047368,3.993062452736159,167.6165388696827,143.4621396752789,812.3666650841262,121.30542292428359,22.947869664879715,51.96981611867302,98.5979300017667,513.5839443432859,67.19279946622237,304.11166838304496,92.24513717291387,2.532877465902836,3,1
468.3535332362794,3.617338363079818,212.59479028817475,156.96480841239998,784.9592934812579,122.14864709463865,22.21934550314146,50.22474478510355,79.86398419102981,482.62691917222986,69.67599150759239,346.80112973672476,92.53026949134102,1.3847580145373002,1,1
466.44703850716326,3.850252946895934,194.68159851608897,158.3309829097761,750.8275118261014,116.10864904023437,21.079831092364127,53.34314879066295,94.20160772812544,520.239120601615,73.89280176988349,277.63153326705384,95.73154263510119,1.9818463896637657,6,1
440.6148406875568,3.282810580859664,211.1374944473629,166.24892664441455,815.7859711148262,139.96152319754924,29.097569875994022,53.48396480248036,88.7472114726651,538.8958360691145,69.79599209348396,326.69032920260315,98.28029011252366,1.7157172139104837,4,1
430.2112920810185,3.306697919893405,237.28097060823518,140.91014930872632,858.6348788592534,111.87842869465933,18.724119114920732,51.027063486093304,98.7079748602329,503.79044303447984,66.97163169953369,284.09527940843475,107.40239640825708,2.4210470334789607,6,1
446.95529043906515,2.678257938158758,157.1713823936059,135.85837139654288,776.1991126200528,122.1092616196393,29.11041671441367,49.8008971194245,76.75999680218524,515.725455340889,72.28674342380448,332.5975003003541,99.446324168356,1.5266596775028394,5,1
437.9994215340353,3.85584364221269,186.00798382595272,145.38633915654384,752.759275487914,121.15025566342807,28.738176774760692,47.827749001757766,92.94230311252483,503.53468328414607,71.03631864311254,323.9414446340269,102.73243467835958,1.7955837036875053,5,1
449.04713138076966,3.962097193945966,195.81248773376174,135.4837149067935,808.2512631219356,130.08762507133136,26.499378026436993,46.17519823445682,91.81100162272054,473.59697067597426,66.65248220036587,287.6316341001834,106.33302688639053,2.0219567510212477,9,1
468.5615720202621,3.334046826395819,229.096523482933,158.46747306071245,733.219666667682,131.0317393879364,21.656478195717792,49.51577169524108,74.07906610200851,467.1270216548892,70.21150711042183,292.02116621001176,105.36583645576299,2.743861526007569,6,1
443.1404751736982,3.4238144880808297,167.2719396158703,132.57373049735384,766.980931473223,119.6798119551293,20.253474665670378,43.5770558429116,82.91663715124018,443.8873485371365,66.23828748396205,329.3343462425468,99.96470143564676,1.7337418464184255,6,1
449.35764928032637,3.2738413658927117,238.7172205136121,184.99524627379031,861.1201080825251,122.90666493113049,23.35478895620931,47.03072004941266,75.3587822950652,560.7208013618698,65.67130635801529,244.33647296330048,96.4723736222664,1.7995539625353327,4,1
450.87034102212596,3.6147960654432474,202.7171180313258,169.43891792360625,803.1089614906144,123.28534753913948,26.87536136901977,55.534268122362846,84.18915758461675,491.06331007481356,74.02900607074953,286.74212670315904,102.49427279847177,1.3258991536484732,6,1
462.72646323307924,3.8374797635909723,198.07998676532284,150.1886365440047,706.0266518026917,97.27858344429393,25.009190912322023,50.49256110539846,94.39373667732119,362.89699592978843,72.23479403284578,318.61252450873553,96.5721409073159,1.5085026181212169,5,1
416.2966599902309,2.9771684078356877,196.03880473562188,163.01091739496965,710.1504176360299,104.11010397522224,21.86950151471573,54.46332209467775,91.56292460518885,515.8613231711804,73.85189817618274,290.75679685815044,109.0740232626124,2.2064906262076684,10,0
440.89949557852054,3.622831559192676,191.27473935639944,125.44797203533813,808.1042846323388,113.94936309278029,28.44461435396947,57.34821943329212,91.3552006447484,515.0330841802921,73.17564250575755,304.04590140620775,104.33899249717619,2.016034254599351,12,1
453.16925538419207,3.4169984684842563,220.9623351853831,187.85059997099336,843.1195287958844,114.38401323623131,30.053149984544614,49.114852720425915,81.68201512854894,425.33729268678417,65.56390370472974,238.76547163018785,101.04348152041837,2.0240515741000644,6,1
468.0011843464029,3.534018317590007,178.6295849183512,141.14678081699265,719.1189270686925,108.00717578035868,24.320202507956207,51.036629170968205,98.96360393208425,466.70415166666953,75.00640965033396,274.36565712991364,102.56335883030943,2.8706074657714917,1,1
442.6214632874069,3.637698200502287,206.90828363287707,148.1925387915096,822.4856303748254,127.4958257137363,25.328010710792036,48.49077052923622,89.84944257310929,464.94843861756283,68.51196444859039,320.38358016455425,100.891432447568,1.163861043414683,3,1
421.8517094093719,3.443539268368154,192.3163666858605,122.16100069217345,866.517175374486,120.02118421017472,20.473453949111512,45.93697119762197,90.26963049806007,470.30929236830895,74.64608911633609,277.4697786880676,98.15835185043188,3.158910821744838,3,1
459.29567168949205,3.468923943978266,184.75733102971805,157.29430957111342,894.392949397932,117.85305452613163,23.756839851672893,45.23515870333797,97.52319655156904,548.5110344681428,69.37441695014351,260.92620867533964,102.49304964119791,2.589137340277383,3,1
440.46956416761554,3.4358374497336084,251.71950351367792,133.40483764384336,816.5611379929938,107.43844725492613,26.53131993400298,54.21575186298246,82.0692340184597,494.04489807732654,71.56581543939662,331.84825598863785,98.78554049841406,1.8371034995628954,8,1
432.1550001136446,3.7910948605364845,208.3810146950692,151.52483642349043,825.3401297276237,119.55455135755211,26.064569620773334,51.04313640242824,91.82838215897539,482.91060460735395,71.7161396447351,315.4705216220911,109.68344216218779,2.1956163934255892,9,0
440.6348191543016,3.625627988038249,212.26531089322287,141.83588350613192,693.3407786185928,93.73315244001388,23.47699645237088,59.23301536040526,93.38769993281136,544.8955976888237,74.06600192642195,267.34399941548725,96.53648299865752,1.6585774578766428,3,1
447.23211963516223,3.5661750613212084,222.75553561337324,133.83384097604485,904.9876273997994,118.3704368919416,24.177269474570657,54.86026006461945,85.63545479764922,519.8139098073482,61.82726939495564,304.15511533296296,102.54398712631621,2.1596166047212733,3,1
440.9288300319268,3.1187144836723153,171.57300109362905,137.93457747356075,771.225489345194,120.63183668807756,23.658367790366345,46.34393505231816,95.21898704607821,430.36086968093804,62.11801143645286,268.3215661582414,96.08636753482911,3.0749216992862176,3,1
416.91650914351396,3.3864260770360537,235.04583818244063,153.38682051128282,753.326442078748,122.41914984321498,24.164605858844844,54.20171090113386,93.81698536503654,475.33505443328386,73.35855432551088,295.4262282937315,96.03417933233311,1.6768558958739845,3,0
463.455992953307,3.769600748101752,149.8208564300985,130.77763540696765,787.2396932780188,104.3589823652072,26.26970440755438,48.474622304488726,89.1905863017806,512.8784834853578,71.78181232496682,305.2796456857638,91.06955067908753,1.8839971958908246,3,1
469.1231256191808,3.511308971937177,184.6246717992296,138.76782493464634,875.5836707092716,122.24816736691474,19.097388743892633,56.084298545645005,88.94279287892111,462.6443946395187,66.12178175905689,275.7451080239881,102.0573755238655,1.6216168897010603,9,1
459.7728298700926,3.6978594408767416,190.819366536422,159.94910071896717,910.4023023771774,109.58568730135457,24.776951455576235,47.5683306137849,94.18838126297044,581.1821915368453,71.82154454508371,322.26998800575717,97.3376704447737,1.7019431941892011,3,1
432.93471494362774,4.02995354009829,211.63446729941012,189.0371981231147,806.2704339737923,111.87530167707666,26.04992660687707,44.73787019878664,96.30776832010552,504.51515054610337,62.96019894948049,326.92055106964966,105.41694759408159,1.798652984332192,2,1
446.97762699078726,3.811581820762645,204.37436532282976,157.16383229329506,849.9042086301828,127.17931385822665,23.28854594307677,46.021224614692954,90.50319933925313,469.864946416899,86.32144755434504,307.9069657469957,102.06647696308427,1.452557205663021,7,1
449.9021802715581,3.5279475013099226,196.66370518603213,136.2410753673407,802.1602024342752,140.14113723359745,23.562000868105354,46.27667548792543,98.96151568325477,455.08225426655804,76.55785693413972,312.41946454621205,100.7411232901465,1.8681939665930978,6,1
458.9819158434287,3.346703248941282,199.76005310744551,144.49328744891534,748.1102263490908,120.5135875880268,23.64881667755365,45.79874117690668,95.26820769944467,537.1011035214281,73.11151338703937,256.4151348489377,92.94750613007876,2.0271161979246894,9,0
460.0251073307712,2.7339351211832303,180.43953952954863,150.47383509228868,873.8371835394146,111.82904541359768,23.56285007938852,47.136958621974465,75.69228840218548,474.08552252024174,70.37815185338744,340.8656168053058,102.92452652433967,1.7984250473473975,5,1
438.98739301832256,3.4494845232581444,170.05535211031653,144.7586257404644,768.8936259821805,121.88670447509999,25.01765133355112,54.28345935162619,78.76082641966286,515.1969671316683,66.90635977597351,297.26025035830594,96.68926924040275,0.8504523253922551,3,1
451.2299333462034,3.4021962512549453,214.53023244672121,163.545872501054,876.7765386685941,129.39029157499147,25.38700827404135,58.98022104133092,99.4578817521733,453.93922572502265,63.449068803270634,271.94230904623754,92.8358065192431,1.922841146314719,6,1
456.8592060692286,3.6171098583186128,213.8741222507237,153.26210224521336,864.9270664884542,126.20997565872736,18.6984570512986,43.34905242223248,88.02581494823282,502.80791166098015,69.43088686255288,304.37507437367776,102.15256739764409,1.9763641889777546,6,0
471.8373348322015,3.453828431907594,231.68988750314116,163.61778577364805,830.7018131978604,147.43112872463746,26.958641114416864,56.31756521416575,91.3134065823798,474.5645640846615,65.70119682152438,322.3640997716665,93.70853689737945,2.948770847471745,5,0
460.5675980973708,3.403884482168962,184.19965806369584,145.28334314553555,891.4487378127177,112.84662430905334,24.13000334695912,47.61148142012786,99.11432414127316,487.3842234609979,65.99279075673377,315.3704870116191,89.54437649815488,2.013409360090219,5,0
461.8358503106328,2.9661803208478337,213.85630420601845,169.88250329581885,911.6173016592869,122.52231479919298,30.798889526405603,51.73941265601117,89.94871026102527,468.1487679845817,62.916216801127284,267.4592890563471,106.48567227401587,2.4677930362663303,1,1
451.2573994189404,3.21800965125498,194.32586543270537,147.5027162357768,791.2378318517844,135.48917953418203,21.425054383303873,41.729269847133516,90.2981408767148,541.0250511123309,71.24831525965553,322.72913668552496,97.19633998572,1.787150145821963,4,1
471.15688717805256,3.642995312240167,223.80949970386965,135.43215196293013,759.5602940791784,134.86159237018532,22.398056473737004,52.62017508672428,83.05016613766617,480.35984099502696,68.11503247088552,298.1802275460243,91.27755970768605,2.649087169327,7,0
456.14644193939245,4.014772289339808,220.43925553356283,182.65980571563333,706.7865081371764,100.4992207347562,24.391273064250218,39.97343801591968,92.95995605782016,494.2617122032119,72.67535787412935,315.03612547152363,95.18704094661797,1.527728426333021,3,1
437.08368134739646,3.470742384876313,204.22418798448913,122.62533379558324,912.2341127715129,119.9664237996002,26.239676349058108,51.56967536155083,94.6920977517346,496.19430876805023,72.28549396827394,275.953454982561,96.39474201464161,2.2524946005593756,5,1
471.05054955187785,3.598343322072237,193.20939686668027,138.9189191204261,778.0158995540775,134.845207658487,19.147698017885496,51.286280235146684,85.37694530397715,564.4908048653451,71.14732315039831,331.3773476815996,105.72113645146989,2.4201826905408197,8,1
460.4685490880854,3.7857434470858418,219.21864357216523,140.5945822225441,856.751842855087,148.90642990399138,22.51269984365168,50.955038171477334,82.62382897355306,535.612343495656,83.2972012902709,305.48146578794467,91.68516119958682,2.3468030627505794,4,1
443.3543396830728,3.256731819139925,212.93809046513132,187.62459409584847,762.9372316245258,127.03795883750819,26.77396048172153,46.325449246835355,111.01031404156183,531.6272303311184,74.11852756782773,335.6646994241469,93.30546859125337,3.082074905090253,9,0
442.80760548901134,3.6100442129856325,186.31119195827634,177.10288326219768,876.9132820456017,116.32136706303517,22.15562816070237,52.74763337214822,89.25673224121374,436.8845350789479,63.697169946750506,253.95395673431634,104.90201497442867,1.7078176708200759,4,1
454.44863317711145,3.2778529681003525,173.44402653041138,172.40892215463296,764.9941204092294,109.9079684756261,29.110079129128682,51.95540754708359,84.53046128312567,473.7443044958984,72.29368223960735,257.9574264115496,97.75133602210744,2.706891655140663,3,1
456.94777192901375,3.759447331547303,194.22934198636406,145.04012006435502,740.4140433191328,142.1874335753085,23.638349203452783,48.9502360817944,95.65269156233809,547.5447486331566,69.72990628515755,292.7991646009408,101.13976369005674,2.5778225613627748,7,1
452.9593839844681,3.5454209143855198,230.3082763069642,186.39267005762662,789.5746784523125,127.28741586465759,22.30188039597431,53.35925153587597,89.59364771817687,453.162767383134,63.292347145867666,344.02875059918347,97.54537334966072,2.0247332040070187,7,1
454.6696301016433,3.589535544194432,222.92974317466076,155.52528005761457,773.4112149519182,111.51933073114583,26.83073277336856,49.521979267172476,81.31386941390318,503.3605419248692,62.89183559961679,358.8843269302118,110.10285078410993,2.9196305200624453,3,1
475.4993606186457,3.265220420774423,177.7534506065884,164.65895055454683,829.8149892730606,117.9684363366622,29.82285216047334,52.64388579454381,93.86442857321155,457.38953982956843,72.26601458639784,273.34721102775603,93.55152422039802,1.9267209230160658,4,1
466.07314728352327,3.7121097078832355,176.6448516820016,152.6954307165931,797.4302536403738,123.10186516828703,26.24918877623169,49.37060336302955,83.17503224739345,461.40370978362375,73.48773767439282,301.59141094834416,101.41057833639121,2.0111582782796193,8,1
452.85953386897535,4.125413876369305,225.49367699358973,149.25800143015124,831.385119727596,125.43806653888117,28.781288197669774,51.083509955547704,102.61166401724508,567.2314261145682,64.76871400337737,304.6545592584197,107.51478293628708,1.9972581809753713,7,0
464.1196587115123,3.197626491371538,177.2872819048434,146.22331989110432,785.4489263457353,111.0038134245421,30.02990602191089,52.87361470537631,93.95603703801922,528.7708256630556,74.85083526597322,321.54472839114163,98.12506994863367,1.363407154447199,7,0
434.5121414470869,3.3980722977057427,210.18590647284014,146.85540009871258,766.7446314490597,113.85809581874507,22.234423960217264,48.010437131909825,87.78495660379133,539.3256091117835,71.42457198407642,326.5488799923746,96.23112972295405,2.380757017130856,3,1
455.9689057492021,3.5694822422504275,187.67857569327353,159.12737473017117,770.8219726051964,103.4706543762704,27.81517400217876,43.830817068729026,90.8747761441769,531.3496592065511,75.97929578471259,266.56805421264994,103.83551515408571,2.302699070912804,7,1
477.13959524599665,3.735921863598745,232.34089849043366,155.5079969816308,902.2469399015513,130.3976228960478,20.429588472089357,51.380395027740775,97.22630496878554,494.42846551081993,75.44810199169622,301.9378008065212,105.02032405138189,1.947660340096072,6,1
446.7293115691144,3.332136114413159,184.5915040172424,149.52792944694474,811.2585466113468,116.58381533229684,26.274707595359153,55.94695689306465,91.48769002848638,472.3361316838441,69.20781542298504,239.7444622869024,96.0004815750435,2.8812672737336773,6,1
437.2854910707137,2.650090912957178,222.86723060411657,172.6428598904828,700.8118895273478,124.66321649183293,24.78604632845554,51.49575486478723,106.97687565786839,483.9163896233003,78.17799865051047,324.3237384912121,107.31098296952719,1.7813899713024088,2,1
440.2186666711041,3.9077568482492073,203.6971730812073,105.49870396888903,773.989549327296,134.22258508576326,28.728850609126187,51.59071157348186,99.0869401311642,492.32694182453014,64.37941954939767,289.8414039502789,100.25610546073945,1.1351012926944626,5,1
433.65550443986416,3.728151835875243,205.04389708468574,157.64830871881793,804.8433016237938,122.19870142373945,28.516754538954523,49.7891194675168,93.90085894048897,571.0514427731167,81.95147252475348,263.83853762093815,102.54380648064134,2.95110298570077,10,1
438.22857137808444,2.9771157408540008,160.59382837297198,160.7660805998847,892.2699840625189,118.87029524050932,26.709350051603206,53.695593263866,82.50411301193213,446.5457427588188,65.60607159757052,309.9764042987044,107.44140595269756,2.5055546536014917,7,1
444.4423785211496,3.317729362466133,155.94173293588563,167.20444302382754,851.434935794495,121.93921476883934,25.895283698448456,49.070322919310314,88.82489516878407,477.8535420552482,69.7599863416116,288.9039227098351,103.843901128942,2.313020831225792,10,0
428.91649471232034,3.970454728858198,195.58868119465373,149.02692838419958,753.9141081759043,120.63193603850227,26.52510603016585,47.730506094365694,93.83099976041962,463.4814653477847,67.16405850693619,337.8438309232867,99.99875412290913,1.830277316542572,0,1
450.2342750092441,3.93433892553736,204.93812126833222,153.11880101075937,920.9177876786225,132.46164997877946,25.185312614129636,55.52649126437433,83.41710867393489,542.2649279008192,68.11604506060131,273.2225359336136,96.64203946741203,2.1710458005351674,8,1
463.5341576067997,3.7815920068036832,177.49604344524553,164.78922574972083,798.4419817599261,123.1083839753879,24.816412776676287,47.34730840853659,100.3474149997036,574.1515303735639,84.61776831256981,366.688656001828,113.54252825341175,1.3698108531773778,5,1
436.3836572977962,3.4471662698120413,178.22613179047315,172.3674960642027,862.3164905537473,114.55598980421087,29.327734516757328,54.447354732258745,82.20674126577568,512.3514543930559,67.68639656294461,325.63666628890047,96.0549191097336,1.8874285078386608,4,1
472.78925885462655,3.524896225643753,211.22945259652266,145.49196022231848,742.2495751300048,130.4784905688975,29.68866945903453,55.529677309788546,84.90219441563278,515.6406333937434,74.25554186146461,338.63083239552515,101.59064546990136,1.5481512284061099,5,0
457.66188132791393,3.460722258462162,211.2570896091426,154.0046367469134,680.0918452374551,132.30484356358352,24.57502240689338,52.8340846603103,85.50160652084095,503.6528369216774,68.82298544356792,269.13491395354646,102.54994693683815,2.130940631857177,6,1
465.45870878436085,3.8384719349806513,197.24517879224146,175.17860946523137,729.5784254815819,106.61669373179537,25.712909209032233,43.753822402136834,95.95059568506507,517.499159571245,74.68275214793874,353.6537813140128,102.78654734309139,2.46173422925286,7,1
440.13248169221794,3.237247278051467,215.6040344237215,118.13959386181723,637.4833261902147,135.32783884768105,25.244965674318323,50.135774546112486,83.56050906263381,530.9262064943051,67.27920240814504,263.62357663775197,110.6400846595325,1.4761874069125143,5,0
462.81787840599924,3.2582601035347385,176.51595408559706,139.64981100278123,905.6044663626454,123.64711773208485,20.164904674188413,48.990000014706915,75.60018743664756,517.0256205154728,71.28066046829586,293.70564910639274,100.23785197544466,2.3624563403842096,2,1
433.6209914940703,3.8030823760508046,192.88130165826058,171.98753967904446,810.7266459443208,122.83269950146598,23.99069326716398,47.520003723323434,98.7043106860937,519.9533731311318,73.14349150236372,339.1396988222028,99.52467032068184,2.0998741301938284,4,1
463.35371251254765,3.4866915633465316,232.95755211567348,166.38806750412454,753.7677990775984,130.06624631596515,29.79911260314431,50.71375793673214,86.4449097191555,531.016574539755,66.39094273331759,315.20307217513425,107.7613902880377,2.34192619081278,5,1
452.57759009690295,3.913540206636142,201.36644259879634,157.83667816390042,822.631201499006,114.33023608995721,22.750672374904568,53.84603173748774,81.45193894278451,428.8688759497973,83.78862962112795,262.82514248112113,99.32057926966654,1.8788876173193891,3,1
458.2987682997718,3.298546337905836,202.52625029173998,143.27104690336319,809.4667018090083,129.54164514190924,31.343630386903904,47.70723669934401,83.96113157437968,500.080357205829,73.40470521616899,334.06230185527954,104.3801216900955,2.3520077013333873,3,0
432.3660809156272,3.4835664918983524,246.1189317193548,136.7727225152187,831.0466697806995,116.23224530262145,28.516378928768148,49.14308662863163,103.73410199347481,512.2083616833808,68.87014522741312,310.1986335822761,100.9719491929832,1.6520967176760286,7,1
436.5739523658509,3.223276104546814,172.0131566830246,141.13176571136438,860.4765700568134,105.25049320289662,26.204494451638627,48.79470533084006,84.74365042181671,516.6459272207717,66.51382741574653,287.513992918352,104.6048745807858,1.1588739517386044,11,0
458.95842327380075,3.5022088044270703,215.9286073328422,173.22012331228038,785.5039423487492,110.02243720893065,26.68252985792926,55.81935522772156,89.01305515698479,493.1645495286418,70.45861511813492,253.73972231851138,103.6272413854335,1.2730339973323268,6,1
435.774779936637,3.0564359189003603,233.279725596162,140.57335966266982,756.0080346949507,125.67021832903227,22.248379910994924,48.71449691094707,86.42465310171187,506.4300599918861,63.92000994693265,313.04251589618485,97.9844395029911,1.7486168394146202,12,1
456.94809438148684,3.353709973713511,193.50284147002907,151.52134446359486,841.3887607185959,110.54531660005341,24.204313743325894,43.827971711191275,80.13869965252995,471.2037438127693,78.91147631924972,295.0971659110072,90.77993689170815,1.1937382561135603,7,0
429.4929329030963,3.0691238405215646,217.19261573709693,138.6943853270738,840.1166388942233,136.10076123189648,29.324197330965276,42.13282580504743,84.05825150202429,429.0062105720908,72.1562688620054,304.68928046241706,91.63045642727911,2.7751862825269784,3,0
462.72261319,3.7081769699573774,180.3596100557819,162.6416104514854,805.0367904060672,131.89283453439643,23.156411982479398,51.81364783282985,79.59113274394804,539.3254840522262,69.56006966294302,252.44395919488227,90.79810704452093,1.958584418625293,6,1
431.51215027847235,3.7149768019278957,186.26535208865297,141.9191057948034,908.8777094340386,133.33439166032966,28.183395270846397,46.19659130057049,97.64705020544571,454.62513586721985,75.22988927178356,287.4402882493096,99.54401676369375,2.459636290366546,3,1
458.28449906519285,2.9809211808546965,207.69932832095267,148.53609164768378,778.1088938569173,121.24778579677412,20.868879431688825,53.343622526362395,90.80703251690876,493.58184547544954,66.39242610957017,314.4091386462453,88.23687214972848,2.393534177754622,5,1
459.38446400469,3.9001657236501717,215.97133346221182,124.74926800435762,755.0071014182366,122.5786161729496,21.40552476257497,43.343900057464346,109.86142209739457,470.03481468391976,64.22020206784781,356.29393833914196,99.20004839812809,2.0032085708784897,4,1
439.54842272355637,4.249224537925956,222.41873024812492,125.7994764569259,820.9045713753301,108.06288145755722,30.704153996758947,47.30543916694696,84.32871420007528,563.4803711950432,69.34933464135631,293.8415513144811,100.66883673535496,3.768265827436683,6,0
458.7303985062709,3.513801916020902,231.39257173878985,150.1150978998226,766.2531071543251,129.95783510157491,24.964488561279026,43.34715575239926,83.12911803083504,496.8142114196514,70.63771824734795,343.2989717720436,104.28113222298626,3.4638226179344156,13,0
453.9066339500033,3.3076657219326067,198.65106882889637,130.12264267203358,824.7758262072448,123.79833455037085,23.384500339016977,52.17305357774462,102.27007814684262,487.5817414847174,72.65293103296385,323.6204526254954,102.52189836330095,2.69594623936841,3,1
441.9173721571089,4.347299177300914,223.87223510345177,181.57629959001753,758.349587208028,125.6730562529226,29.088222480996887,53.244237703123254,98.46381625654507,529.9146347490394,62.618610417838866,307.0135489876005,104.50942534103906,1.5474056971041101,4,1
434.87167973885687,3.1043094505092466,193.15390313101702,119.07715331831625,779.9878858534057,136.88311811452883,28.737464664890513,51.693125788183,93.07812017416818,586.2589667043275,67.71841584990383,269.62974649001654,102.06952562117696,2.7164834313006145,5,1
420.5606146249113,3.5060319400607294,218.04182623176536,137.99737052003843,894.5420210019582,113.9403701605249,27.762263695771715,44.570318397980785,81.09046787929383,516.2275810823236,54.582676034157224,270.8856436940713,98.38229229970793,1.1257337792724438,3,1
455.2447507094954,3.553886681789577,204.14977595704363,150.25051300901325,779.7206321626161,118.73858450122682,23.290306241763684,46.27118127944667,103.95997014182348,484.9032215347266,64.08825414546955,318.52622612119796,99.47008528042961,2.698373209007567,8,1
426.5279584295692,3.9035442861357246,208.91355814163848,144.52300593306325,760.0574227991352,123.26670921542168,24.139247272186974,51.17156994305777,89.42317472183721,527.8637592541876,73.57630766850203,284.20513277684364,95.74178018867873,0.72193910929117,4,1
451.4301629916196,3.6079216925380364,208.47015748044075,133.4378181500412,858.533939435325,110.64564594541294,25.934886471174188,41.56129295937818,86.55459897203971,437.09283725673737,74.80512904287367,281.539118437017,101.14043264169479,1.8405217319314429,3,1
446.0482767587663,3.3504098312634647,167.90589980404377,135.63108240757097,747.4479024856653,118.12401178723161,27.08319802644171,48.794325278060484,99.14367789534624,501.8571704025759,64.2899773234349,294.5816898289712,92.07902224811731,2.6045621174311617,6,1
460.18714163157296,3.214644688883613,177.51756282278453,135.14018883751143,765.3528384926466,124.92949810466969,23.474549277944387,57.5845267666794,89.82163902997016,579.7583061982565,68.37697725462812,295.0850750898242,105.33017727003154,2.1925999890920993,6,1
445.469317507652,3.3974534539261594,202.05082879635046,145.69917457769907,828.8280560254498,116.74578728627169,25.51221133186209,49.10022225409813,80.67463931494494,506.3098958674309,70.12803077563997,327.0230392858106,95.21703056684076,1.2607124987494487,2,1
445.0582832047936,3.197921791716457,166.25441840717662,179.27893634276137,846.9205711936646,133.0898940972911,25.80217390239222,42.55727680484024,90.32242079598865,504.31110624630594,75.39055069421055,284.83506905219366,100.76922660838993,2.0851493414675475,5,1
460.97806056432444,3.514347595935405,216.62422206399512,151.16905944837313,861.0238195540537,104.89075438183006,28.86030926912576,46.962953761619325,83.74920958743388,500.8254616143002,77.64547433258495,324.03720108072946,101.60739167653794,2.1928119566537316,4,1
455.02587043626176,3.330741146041854,217.43111932576284,167.74350734081287,762.6389083889758,131.22771240233342,27.263397486805356,46.84653837161212,65.92527085853462,484.18094878295204,70.76541127611512,313.1911540216321,105.81361459827188,2.1023927233924358,3,1
454.7423393577417,3.0517886620130747,206.5434110575558,157.60464518742214,829.800433649306,126.61185474816004,20.479595065494127,60.70154389918281,82.94631846279894,512.5796268945949,68.69691672208884,249.78012037913845,91.59418320948339,1.796359972019344,3,1
457.0390138471279,3.8765437365124713,177.57731974484156,166.7079359697333,776.694590022791,114.31171412443409,24.35910907454384,58.32839540256948,85.7781154330572,531.0109204664121,62.78153195649683,308.8352298894992,98.37270398548657,2.4275407247090186,4,1
426.96641815189344,3.3506982429712884,227.6027787773703,108.0005354610962,769.7172183244684,110.75591431770002,22.21364989004975,53.65467717050789,80.75483912565562,486.727197900369,70.5403461728053,219.96724697168693,102.74923917839996,2.572455793662982,11,0
461.35183019980474,3.1195589585074064,240.74421279436717,145.43312968277655,860.1606391146142,99.19717382757548,26.70426226183502,48.28462034629301,94.6019722569123,400.36993046796715,80.37461250745133,273.1433021504404,108.75591756506064,1.9229049659937454,5,1
459.18703191020404,3.4495222596537376,202.9415365489195,169.60703134726072,772.5222802070207,112.04824987586166,27.769460051515132,56.003148304898616,83.78041794136975,518.6247002111502,76.4509627496866,313.89230539686747,99.80586136382777,2.7598274169873855,6,1
434.74975307135253,3.5205114697902977,210.21070756902472,141.42396265876,813.910229801049,130.47176655002997,25.304667956830734,44.33270180474771,93.82740960667564,585.3250430608041,70.87429148129452,299.68070699221875,97.02827145995259,1.9218696361167094,4,1
446.338792894887,2.97605998232629,204.03477309592088,176.4370974730442,807.7789734615319,119.43914273721326,24.19561890811645,55.38287657622129,80.13344210905348,484.9495436777548,71.51688904350056,246.96323682115377,110.13494378100025,1.755092822363312,3,1
449.4103906855855,3.599494300137729,210.60738377997598,172.25835230651643,746.4622811830749,131.62980880391842,25.20750937910795,54.63986768710022,97.27375136866031,441.15346468973587,66.55741819273972,266.42514699079356,104.01280335927393,2.678455013711435,6,1
447.982548233974,3.185852729392921,197.60882486747207,142.96303925808806,848.3046427678161,113.80128929375448,25.626757820433262,49.24327132675359,79.78813978666807,527.0965193892991,68.2143218561174,221.73260660243338,106.86816635922591,2.660211511488614,5,1
455.00789949852805,4.013308642757236,199.30871520312394,142.45254721430464,828.0140446839476,127.07106160106562,23.07970104484928,55.695931566753856,71.26775672487142,569.7532905673602,70.73799587792175,259.7231022886715,93.95229636150188,1.6899455996509019,10,0
471.47050172746776,3.6571881536230206,218.1143520099473,134.79591236468298,700.685469406479,112.82501397915578,21.343866697691904,47.76389435268075,99.89810068130582,521.1749427886094,70.75317170159221,317.37190047955653,102.60564552059806,1.6173745521803664,6,1
466.2265009150924,3.3800300029672052,246.91248323792883,140.55608652204305,813.8710555618671,110.34424993790161,18.84958287233394,43.674572009508836,83.15284957015064,568.9880021666604,75.0537496645153,283.2770118427456,94.5833736954348,2.8821924500713147,6,1
430.3167120985289,3.276449668904795,171.99857531196523,131.51116403746627,761.351328291669,118.92872782829323,28.80154639521665,54.889825064999606,104.05543246559526,531.7467418250285,74.81041466370648,305.09836625179673,93.47477998428542,1.948669019287593,6,1
459.33104985459073,3.4685096877309127,197.92375031194067,156.43216770649508,854.8537653206314,113.35033488680003,26.489098730904896,49.57378535430271,94.51673520966456,528.2740394271077,72.60283390105542,300.40933144618486,102.90940031669814,2.001642867208042,6,1
469.93399979303115,3.683837222474987,176.39079029535836,128.1593025998035,727.7300081609621,104.57177850962788,26.087533034032518,53.008903016493335,96.32210654705003,479.2799726903155,65.00426910900356,300.97749211498757,103.25923699459175,1.8738762813260321,6,1
455.80212781033805,3.49235176142444,231.84049797152167,159.05599524285333,782.1761515685228,118.17685299283006,28.79559666385885,59.10443295779703,98.36378000372858,511.41627563012867,65.19292339409098,330.6939726933916,97.58994040937016,2.6608054186220094,5,1
466.3647063777895,3.434852357858943,188.24524061360202,159.42118045350372,818.1012275494232,121.06435416431289,21.23359597092275,46.38872963801852,90.90143476999255,498.82116173128895,65.56054264857707,293.9126807348693,107.16018614278752,3.072085748761227,11,0
480.18405668551145,3.5175110872453685,171.1359841242841,125.08193392224116,802.7170147070938,132.68358611496066,19.793107372434946,49.28310247580012,90.99244334270831,497.4505711773339,71.17760144603331,327.3200511917972,98.15490108830298,2.0349933146480437,6,1
465.3556431916047,3.3188423206289137,212.76373997697146,173.2472790949251,838.1479128356985,129.3680567713306,26.152695749557267,57.84817252288857,100.25072019355447,489.8453948819573,59.86839472621929,225.67969821187492,98.6500949304793,3.2088610283755754,3,0
453.73962893462596,3.3970382219470885,234.88622229486222,157.70413941622832,724.0789006995356,132.1994319923283,25.87981412633029,53.34365865427642,90.89086796558479,509.02453869834216,69.9686246376769,333.3427787053214,99.8198061250282,1.7227462253907437,2,1
465.6763271112713,2.874262268328499,213.27195737121525,161.24547032167303,882.5957168433689,127.20357498393508,19.80607957098174,46.50108627897702,84.17458522562713,448.14620063453094,77.04321358227068,261.2976572367067,98.78528611673848,1.8585989817855253,4,0
452.17331749645336,3.7921178692557103,204.09595754563836,138.62002197685842,826.2572329394136,123.32612758949975,26.078563186421416,45.22491148230261,94.6860684812978,532.468735971263,73.3341301734032,267.8118083076504,106.38631063675308,2.3365437967600884,9,0
450.35854564927433,3.5896393340965287,208.18281845551988,159.33568677709678,867.9859106500448,107.71055093528108,23.799331142801297,47.35959679948327,73.09085268492038,464.89018828879216,68.24636194527108,278.86147531526234,94.79148332257972,1.5915046351083308,8,1
444.728786464294,3.267963246789971,228.2968132565111,166.895901745831,843.7120084616621,121.49872197935275,22.578735820787255,46.30792647598561,100.5564704124817,489.98915099981167,66.5087229312511,332.5156566249431,96.22828404618267,2.3301061597246475,10,0
473.4512003824816,4.069620494406571,182.516014599717,148.52087401492983,799.4194942772478,125.96793777330814,23.999728875152762,51.18674059744765,100.72351308772073,513.2223957214065,74.02857642388341,273.32100452566027,94.04296226561435,1.7407526600151193,9,0
437.72357001087,3.526104944117716,197.76305791827374,180.0288368887254,735.790089454442,134.57437949370436,17.67541428724459,50.392172535987996,99.58533334498463,462.9090632641795,71.53027683026137,280.3233366229094,109.41758536497659,1.227937209999056,3,1
472.98551587017175,3.189156928407441,190.94619702980933,150.66096952369406,771.822340937565,126.86288541731814,23.225877329824186,51.39618877137676,99.27817569902156,421.3414775077899,68.7678377370863,271.14936845922665,98.37740339830306,1.1287484891047512,5,0
457.4979618561056,3.7570212264411373,176.6426938541658,167.11178700678713,879.4781666431288,132.40383434605423,22.887116291547386,45.79593599220109,89.32659739727102,484.6781328920997,67.0548456054693,307.6618440257831,96.15741716510117,1.8381048378093308,4,1
429.01040737797086,3.619414464952779,193.43249481166396,154.39513210887984,869.2718890828191,109.68002108634761,26.671307340808422,49.64583046237372,89.14654092405583,442.756100296652,70.38191494843637,322.30825004663006,98.56346156066834,2.2088058479155976,5,1
455.5147393948713,3.618373995645266,222.15442191964897,158.78282299285303,769.0200009948155,116.73582373851904,24.52530959046734,39.72150113021892,80.16287928183316,528.4924373068188,68.48481618006505,351.12973547281894,104.24528050621204,1.3194051273207745,6,1
418.4996023852256,3.372273318604523,211.3320429678545,124.93001598547842,659.0847856898911,124.2935071366127,26.916606621036646,50.725031586806836,103.98433001368838,453.85985709831493,73.92189784958357,371.99452499360314,103.3188273599146,2.089295711247838,6,1
459.38262025246553,3.6351487171334105,212.886210002164,155.56580607323045,789.3655132847441,131.60952690742562,17.351381965789958,55.87720322477932,86.11985461578978,559.4062225483665,76.20584547989358,319.50542259563906,97.12410522501177,2.090710860030642,1,0
463.27847224483486,3.4214725129336716,202.92951223306636,138.97537348114102,785.6148555935441,118.5477135416108,22.482705332286855,42.8762704532691,92.71908247801505,499.768284430591,63.16375086078642,310.969625606081,98.00206913304487,1.9161789671219354,6,1
441.1146606652192,3.6667824354937526,210.46647565457178,137.30402541333467,787.5113693979808,119.17554040850847,26.667991154714333,52.4171411532373,92.03236226363822,502.36696778376916,63.8709021373558,263.47980803675364,92.72264774453909,1.5368765090954983,8,1
451.8532154393337,2.9285166637968083,183.98819315303788,176.16154776698968,826.4269600915701,126.87140306002979,24.073406108280533,46.94492824119718,79.27664654716675,420.77474685821346,76.74028093824366,357.2790946119293,100.69361660579467,2.120118462075157,6,1
479.3123615062543,3.3698379611062435,193.8098022814554,146.79344627906477,843.8106289660832,108.74129172854876,27.5363815989231,54.012505768466845,76.04259980701435,505.79450515402095,70.82909471331978,306.4620932800184,106.41158717977545,1.9288320808244601,3,0
442.413799436071,4.0166465293424585,203.84008473937354,134.95047253536754,849.5149773549762,136.07404549823428,19.58619127183233,50.793237256061396,90.04469296693878,496.7928033250699,64.34174681605579,291.3280547427709,97.09111418995748,2.490871670615749,4,0
434.116386194151,3.26987976337991,205.5503171776378,144.6130255783669,822.2854570067683,111.20863906892315,27.193332519068424,52.023520563302206,86.36995105910793,448.0364386029812,74.91625803330321,311.6259530716066,103.17906515203246,1.3535967399674975,5,1
472.224951036939,3.3188485107520442,206.40375709843747,130.4932465661713,709.9614649038682,100.81410576440697,23.08258234664488,50.324119493777204,89.28450512605332,503.4907335518723,71.70842549944416,280.90947817815356,97.0894350275935,2.056982466656682,7,1
479.43880785796193,3.3656115984650077,197.23329435967244,171.50826702294404,782.9400133653352,120.1006700852258,22.791408746851978,56.64165903192176,98.52332504162587,484.08307956770307,81.01622880962447,229.86985307125937,94.52175475537811,1.3640784583442573,7,0
450.05543507771773,3.135558159233407,192.45153197739342,139.56478883750228,915.2044891774594,136.98458702375564,27.973141140782356,51.73705238847551,91.79955320429619,491.3284872841856,68.82349161367229,317.154087628008,103.40139901397237,1.8814630048506211,3,1
465.17194553112535,2.8375157671315243,263.15542566088595,157.93949900915504,818.7108367401239,125.86453130333611,28.485703389869517,46.472881429987744,96.06818032611784,501.03527048776186,75.54351998534356,340.2742155580171,111.73824693794076,1.4524600058156683,5,0
470.1221387329632,3.430824080442916,218.135745458648,170.3416007131549,818.3909784221933,127.51090543003633,28.104099088261847,50.49357526160502,93.56262529740462,481.1418314736719,62.7558278043362,316.7076790560284,102.71711804643812,1.5413603834279372,2,1
438.86273651192425,3.540757827224497,208.26294951905246,142.49770978177906,817.9742969886929,120.41385762307114,31.1159257751448,48.155594785169754,87.46932645408134,509.85826507795474,76.98013775081786,299.7876260999504,97.93071906570029,1.9980769252806958,4,0
442.72041246948197,3.4842484794384045,195.3358300358721,157.9803364840918,820.7689811252994,118.47622502728822,28.800410825330005,50.811999532597945,81.98557466245549,496.53778070596144,74.72080029105577,300.3981525717408,98.25317020058439,1.7171868501766103,10,1
468.463117697321,3.456536431415634,190.97562346112247,134.54870917643356,680.8443909457038,104.55090630406885,22.613690248803103,47.90115143816594,92.11774294490775,518.910738735463,78.02173716896887,305.1683924314886,109.54592694715825,2.7333474167670553,2,0
475.27521418062764,3.5129122612551162,197.3839881254609,186.68654353670524,788.0237841544466,97.40613742095815,25.42491438440695,46.61594632226843,90.67114095476873,478.8530162411203,75.55290158754367,304.2496266326575,101.53490009918076,2.5895823982161783,6,1
458.4432129026153,3.8068524414652294,205.85657687173367,164.04570201924935,798.1053584102656,121.96272338440863,23.919406274545196,50.99636106374223,97.32125070003798,457.40320988264165,69.50475907062162,298.1789604755834,96.1704198969002,2.4023761388269076,3,1
436.8027846974692,3.442866144221235,162.39128911873837,147.1109034185879,864.0747699626706,133.12549194340227,31.087269579847195,50.278948143082765,88.79279944222006,471.64525886247446,64.1443671798157,300.7602863840655,99.68887468313459,2.392477730447477,6,1
479.80591667549163,3.327775226873819,168.61220809250634,138.40749403666555,802.3836447311148,123.44133704828066,28.314609864096127,55.31977922522924,87.62126763907582,557.7062707540712,66.98973549817981,346.6503822132139,101.07570231430775,2.065131952232161,7,0
442.03543653282054,3.4156623545335743,187.26235222122085,148.2900517074056,717.6744306699029,126.23599527052014,24.433359589859634,47.925220604335934,88.16400492974721,538.2386610482698,61.1942480640094,314.168196430396,102.3460685079967,2.652398013468226,4,1
444.97293328242824,3.6738040279270328,204.14278873557137,144.9002441647272,821.5044578085876,135.83717545639539,27.633729393259006,40.095730762523466,82.65018691995644,548.5351653039644,65.39550484408144,303.1544095207369,107.56019407047016,1.8529786079133406,5,1
455.13506751734434,3.9236080635629746,195.21453705696297,179.29416830999259,759.8087675878627,123.28766851441058,21.303404601060684,48.180646007683436,101.57527955856366,551.3085583268088,72.12930674604216,319.7768068888775,106.37949247047855,3.059685968238968,3,1
473.3124063107216,3.3115568782492466,229.56242452198967,131.61697916677647,739.1607179459292,118.7734489969238,25.750785212936417,41.867846205417116,99.1170300369261,481.3472777130719,69.76123560587406,319.7789696034973,100.99119388240008,1.5289042567618973,8,0
462.80963964828334,3.529680136108665,170.35206426008463,152.02202134935305,758.2920476641709,111.81475194349935,22.186232522190746,52.07835987048288,80.29576136833563,511.8324774163385,68.88204929933889,328.37993888309575,99.79252393787058,1.4355872035711494,4,1
456.22298250542866,3.6015072325807878,184.9730906079326,149.72492900049434,827.1252114832258,140.22212562972086,19.93422339811778,41.63051035825606,96.4315851357804,503.0335601139185,66.03448542026251,277.2926576450142,101.9799287138438,1.3025129160279514,5,0
456.9493279517716,3.202226597981353,230.40183481982203,148.23884549482696,862.9380619880035,125.2654777915368,27.3536087125895,45.05814468792949,75.23995948854107,526.3815410236568,61.13800494570857,285.5841628155663,96.95883253845825,1.389566680380066,1,1
450.652720029652,3.5061251501638755,202.62238649350294,148.37075017592485,824.1464972588793,110.56398284080669,27.725773285562653,48.188327708625685,97.88231386488818,488.4332701907613,70.91041556618624,275.59327637417243,104.90004671822257,1.1853220839018597,5,1
458.3720927177776,3.0602978427973717,217.69685165602317,148.25893784819274,831.601161180851,108.28832332198763,26.371637908635957,57.71975302380572,84.42919639113859,503.71896628364016,71.89580096234322,323.00168770481076,98.98264100701357,2.107048262689612,5,1
412.05659883458543,2.9692849088781803,241.02493886538926,163.0959909949815,823.6522636419,132.53063726928912,24.451098878300495,44.63554942142541,92.87920446142601,502.8908591047874,65.04218219976642,321.5361292322108,102.45450654558536,2.426910942934444,4,0
445.550888113953,3.610023922367677,186.12391164196356,159.13476669738654,805.0663588430234,109.62558303591675,21.200924035460773,50.062024915732934,74.56392248366663,521.2904959966279,67.3327986491814,261.80271382432886,108.56626785178001,2.0170687055555576,3,1
453.6198290237517,3.384837577600765,198.01371324415936,156.2836741705918,834.8465317481379,138.5383415750222,21.51595938784826,52.899882884786294,80.4103661465764,526.2286888428639,77.71066727044715,311.7251343846097,102.76403235263443,1.3073545456109346,5,1
432.7347887457074,3.5606841222863657,194.55146198138257,104.49015956782097,679.061226646529,92.43537202909289,22.09216006078361,57.42030276610349,93.74962373799528,503.746841293608,75.79748976786817,341.1670160360362,101.15351583012841,1.7651602586406185,7,1
455.7948497671734,3.494631506897495,160.90813991033448,154.49692311244746,805.5544175652417,134.22595197789977,24.298980124825228,53.88897375860705,84.39273453293775,504.9596313626323,62.57787719135524,292.9400208382654,97.41306271422575,2.4207429751420553,7,1
446.9329316852082,3.2070799854008607,193.7920639248806,125.16540959744876,747.7537482688874,124.86894811161964,28.228536200814744,55.469534758162325,83.28029703702241,509.03592082994817,69.57681806384622,309.41919821778913,99.60962971242259,1.8290356108181713,6,1
476.33213547473235,3.486423709410699,217.6212437476133,159.69480244703738,858.145128627207,121.18594423056874,28.18121263323596,54.32153529425771,101.16689357961678,565.8620568249218,77.27477841186126,321.91457108473276,94.31974701050162,1.6008093183077259,7,1
473.5952958782228,3.1300696084955435,210.81179083624482,172.11746051355772,792.642234739157,118.24541564958237,20.05429720116137,43.9543851430193,107.687673690183,430.80008834732274,68.9178950134624,260.3832528180384,102.66600073378278,1.243107834866251,3,1
443.01291646322755,3.91729170740042,212.3816633877602,136.10641331117174,801.5474044133915,138.9072984859403,22.92029998984916,51.798460521585234,97.49611149455586,461.2128135512877,68.65528405796418,304.55964476973304,89.32819285759165,1.7886281297930327,5,0
447.73743432649957,3.093208896542011,192.48982038721002,146.0732891648594,724.7464062873098,127.07058858401203,22.839516941284483,54.243304760861115,81.26495542611949,526.9471838578377,75.46368813371538,338.16348569224414,104.84203282760346,1.6487186895228374,4,1
448.8907865158741,3.4412644187094257,186.87805527988718,141.00966442420506,850.8415444506426,110.96796391104549,17.405250614496264,45.2174985516299,104.1081546625416,510.79137595356366,74.93534622137608,282.20373549707557,103.65841779658132,1.9568134225777927,5,0
443.2251078576057,3.1873185235858257,225.38511343797242,168.531476636352,831.3664060136905,102.81090043971119,26.698362840849722,47.101200616379884,77.50854192281294,510.50998200603505,74.676516726903,324.9739842677649,100.490909627566,2.23818970133992,2,1
452.9253747604219,3.6711263520082387,190.05365707284662,151.4254182790811,827.8473941170251,121.77297213147308,24.261520527044436,45.98403852436472,87.5640683673974,526.6998199485342,68.69007625412935,300.8148482141736,97.33491552893085,1.858764343826997,3,1
438.62576896668617,3.4005705886155493,205.88164077586427,175.924940708495,759.3488573915589,119.98928866462586,24.660572390107074,53.863114929840165,90.43822213589898,508.55971572495054,73.31444008137524,279.76486073598977,99.91870038824861,2.0924035981928335,4,1
433.0407699759371,3.344399984113637,203.26669361355076,156.20631304421082,761.3180077530935,104.8013196262449,29.037613175126914,49.65359439835434,105.39230275070999,477.62870086203105,77.4737275697761,297.10474347556755,91.12984986629806,2.236002574753968,3,1
459.34066835850405,3.7559604635154664,229.23434032514237,153.6367527095373,811.1799727222952,119.44606474517664,25.26492703985307,48.39577052832451,97.30127310041381,525.1523656043304,69.75063150765712,284.21616227741305,104.11900301632225,1.3850955242668708,1,1
459.44294376332715,3.508829177503266,219.4282471534472,151.02310173904254,765.2750794875974,114.260653669258,23.707808605101945,43.591650416735064,86.28993844160384,500.8354865199631,67.98295189343165,273.350578747114,99.18087730369787,2.9430206485574715,3,1
437.9352636051001,3.6549933337807903,174.09482758665757,162.26988148886005,821.7446481338669,120.09290068306694,26.71623286301483,49.66302873403104,82.440349833762,482.0969128444179,76.15036319544818,292.36965682640675,107.57615587482512,1.629286196241379,3,1
463.430331461439,3.2056022190447604,176.24893666449918,123.93470702631984,691.9543698616638,127.25923611648402,28.176615539726686,47.16205822507626,98.01754123042603,527.6144249831165,80.22719901448562,302.0527893715837,101.95995142562272,2.258278124852924,4,1
440.52633406252005,3.078554916821748,211.57819636138268,151.28015933280764,775.6227721796704,134.92609947464035,25.889402698147677,51.21669782632081,85.73312834223715,526.04135433128,80.57502441782911,295.0183685235339,101.15716885164784,1.4320078665598863,8,1
453.7974785705697,3.53216238861204,198.71324705241668,148.94930334408053,889.8376732713245,129.08889036369288,27.067568796094445,44.285164006772746,91.7339207029198,508.5906596640317,68.12744250112524,292.03879256613476,102.00474069054034,2.055071306837495,6,1
462.30516018918684,3.4043460933515806,190.8965643209247,160.88128240736648,821.9742913997883,112.78559250169795,24.563297050771347,50.889531297531,79.04178808592707,568.6847661597823,68.62979875251554,306.779876488968,95.12244706849741,2.073365977286388,7,1
449.4958115294443,3.687930401736183,220.3125576798894,147.18447591188945,808.3396832265496,123.68915128829194,24.75442676092101,47.8052461475059,94.55406284179361,553.0730693908114,64.85418833431726,315.94217924943143,97.7450306647664,2.8295496576855577,2,1
456.821113682117,3.476027464201235,203.7491876417782,134.41898348755996,899.2613267835678,120.63107121492024,25.339062130896487,43.75351537132427,93.90956116597982,540.074287762152,70.590261622074,265.6771430148078,100.66474466805333,1.883690497520737,4,1
442.2535553416864,3.561522601770389,201.04914773778887,150.11026012379548,683.2023190599282,106.678710453691,22.740637148702014,43.36357981060927,80.06703950673463,602.6546229123499,64.62940534271242,292.4281239185818,98.48717866640045,2.64973477459718,7,1
447.05300124857854,3.0129852410176268,215.59657281510098,133.75739206697486,759.2344442605946,123.98232784692273,23.295815156891198,44.11489805988653,98.25298490297313,494.1414639200914,67.36683279146253,240.79377270018455,97.11743764021804,2.145229134698639,5,1
446.9121085367949,4.066531081884277,192.49782010112872,121.12106681118772,779.9413414126305,138.56672337917715,29.133638925455422,48.96800471279729,94.43796646594225,481.40798682735624,73.50564899081195,295.1344992289739,98.5880183985104,2.9260535091063726,5,0
438.80132480189644,3.4507274044903906,231.37037970945107,160.9068372222824,842.9175616502695,120.32426604187005,31.023868287586964,50.6049771718175,95.92019402224078,534.4145239721344,71.94988705069699,304.51587138214865,100.22064957696435,1.1099503498598433,7,1
447.34838755326325,3.70927609110176,184.23904753533984,158.68592359042006,843.7828181614118,104.05817320274599,29.776593742114542,51.349118161885904,86.97057045799896,489.89462808022876,60.946393474164864,317.09340036496314,111.59371133535952,2.2410845911719854,4,1
426.7707255170438,3.249172498934112,213.13858132684177,157.00636415990363,756.6996645508686,120.3026867110862,21.03022792969436,51.53776458864224,91.43165129029154,500.4771086259129,77.85146149137194,304.62314419488916,98.37304322495064,0.6635525935776345,9,0
442.63269379286845,3.5924029706652023,228.6766567731969,169.54392632918717,849.8977161071275,107.8628780102675,20.74042739624508,46.207383695104,90.5070309509226,460.56320136998784,64.56501956424131,316.44526932162745,96.6128526062331,1.970965265037972,5,1
445.7268675994549,3.1091465709425763,172.454090214558,140.02452164544113,779.8342616339146,128.63605506886287,21.427871704164517,55.292014540475876,88.81463676196616,524.2663783085251,65.19533038060499,301.95674945007835,99.23635504038191,2.5104962351907343,4,1
446.1573037125693,3.6356203514779013,193.133296482951,128.53328785843118,860.5819812824584,125.24864991725129,25.40316232563844,47.788872369959236,91.36402622532677,441.15971017849563,63.80538924117775,279.73444865452575,107.50797449249556,2.7228084393502767,3,1
446.37753831193834,3.3932077746842504,222.84414785771116,148.94955334787934,748.3678650938971,118.29089946525256,16.57382622292701,52.25074880029866,100.05154379037106,496.1424711536252,66.69358330717995,266.521944948309,107.8654586007008,2.3693122768016264,4,0
449.0735370020981,3.5087571511806703,223.1448909546205,144.78749550441134,793.834420046692,116.68835734144179,23.2335953001415,49.17922283253092,98.59960510963141,499.38577049936976,65.51596810667087,292.1099187813441,109.74549037844017,1.8547188952241191,5,1
457.19162277129095,3.7093922090390294,196.57008799223522,137.36556424844898,775.4916342311719,117.87765698384453,29.22129786748334,51.87810615851521,80.54511458024915,482.5584463032067,65.63783279405548,277.0117138977913,100.30487751613286,2.2725644187957177,6,1
463.11775611198783,3.130237906633916,185.3065781264628,148.80226269768306,852.8015185782857,120.08274494342321,27.947316492186722,48.92835966927543,97.88321453525552,429.71140965354,57.67863974134278,296.4084265610709,103.20796134798739,3.2581879281588106,4,1
440.253521597276,3.294652480816161,219.11871644661525,140.82592280693123,773.8609391716915,112.27764978658458,23.472716048279477,51.96817438287283,99.52914698198428,429.414756249022,70.64963696026906,285.2436898953771,94.74987762651564,2.0376893452963674,5,1
431.95198716916286,3.63719728432603,223.6709820516321,122.45992074964752,797.8775735494122,106.12246918998564,23.699933676488087,49.963055650598385,88.79057861318107,470.153103733128,71.1603258390778,312.57243037692143,98.23279613455384,2.480518217812047,4,1
434.36933381635345,4.129466442364024,176.70673302975212,143.3823496380936,825.3405698831525,131.3869894669465,26.70172512042071,54.069202853253444,94.06757683038221,521.5620131504826,81.22203368946106,301.468650733717,94.4245761133479,1.7853238552424824,4,1
442.69195618207607,3.4585752996015553,175.9217270206724,132.95437249944214,827.2629241513059,116.14599023503042,27.805806265732596,45.90657478394401,93.95201333842414,511.5569944576778,72.4317049883278,313.42483008771745,102.36629378560146,2.5352139018529485,4,1
444.7211802327524,3.67734083537718,204.50513363967198,153.47472107416385,844.3476303736586,121.67043104169144,23.40058819678072,41.15054332054711,83.20026706660559,499.34258564675434,67.51705490140927,313.27154169823683,100.19206381434458,2.4530279791725946,5,1
438.45005900703813,3.467908559042456,212.58721266857785,140.15947862639018,810.5562388422334,122.85281951167494,24.29690193484169,45.13321290282951,86.94434969977337,464.6164605593009,63.996425107632895,294.6098086885071,101.13094829972815,1.6947431666623278,3,1
430.5582500362516,4.0826736784268896,194.0186182953989,166.67447211211578,779.0875542360085,123.22020479655214,23.30197081443993,55.34459207619017,96.00648191081285,513.6452888504443,69.51861770100369,296.44990965236036,95.76894590772848,2.3886530608017953,2,1
443.1581875878872,2.9758334999104235,213.585876399647,174.057991009018,782.5150627320625,108.26182002901575,21.005951675874357,49.2272059005613,86.0334221053484,428.03882887844327,72.2436144469628,315.0481346496408,104.25343662344828,2.4123919461441696,3,0
452.7213993017096,3.5283863134008073,185.79726786325236,160.1907205951786,801.2836157603806,103.24159835448152,24.34076875593456,50.46031147773281,97.80399647409845,404.1380207051209,67.48325690340478,373.37816792022375,87.96485702108997,2.369971358134171,1,1
458.9254419875335,3.0123367899313815,157.7061280185253,126.7346072702502,812.4796238037192,114.11307475308008,24.11221737937371,44.731816929768065,100.43977952679809,490.2771379513998,70.30508013174286,270.32606559193255,98.73985908916109,1.9794270291134937,6,1
441.63865420337515,2.748028528838985,191.52197855334808,172.5779399831856,792.6414176075782,123.95711532416954,21.218067652034033,50.32776862575139,99.14937473584376,478.15794479611884,79.4867704702941,301.2525446396838,99.46677705394022,2.614546128902364,6,1
443.8050326678485,3.589238615935345,201.26464293026203,173.63580675560647,800.9601710482774,112.72050132525688,26.938242812913188,44.885936779636516,105.83843682535566,540.5268519058983,68.07944936480419,264.1287495832788,89.89198748270864,1.5325373468916732,10,0
436.0995253672903,3.5418493388442376,194.48320080207088,150.28185766961911,724.1373069713948,116.45078646300766,26.449962035877668,45.621093624736226,89.2741417416711,506.3193511109134,60.56612222603756,299.37262951326267,101.92064199183754,2.004874023440702,5,1
449.5284124443784,3.4145489186773395,176.8279347268103,169.843892405033,833.367764222734,141.27297413749568,27.087159102535228,47.9875815858806,91.4176085917525,566.029412399994,74.36743393695717,279.77817289036875,99.13367937947827,2.055701254308364,7,1
437.27357048713776,3.468141772988074,163.68702048242363,141.72487292929983,809.0556144444715,101.54576115195465,22.695788933606895,52.22548628921073,92.56530438210112,478.0713972521816,71.57160722907527,296.4028076684352,102.80558447905996,2.585686471213101,3,1
458.59691719861803,4.429489830221377,189.71822391264203,122.00631097725616,850.0935206770544,112.44966004089501,19.04927296565606,52.75923790321255,89.5168166000741,519.4708916608864,61.45503994371043,304.65931001843575,109.99914297767312,1.5167623865739983,6,0
423.21200262098836,3.4225474585905697,217.95311543299488,138.59573342067608,800.0080253703543,138.96604068573927,26.401993388936948,52.895224489689184,94.33743179281315,489.9089148233748,72.13821838638147,285.31826662728116,101.62311937125138,2.120547571454218,1,1
444.60555491321304,3.6530373083750223,225.12394878827365,175.93951299067135,713.0801210739107,119.55401328004777,23.00766185611086,42.05957942477813,76.31036776790408,555.2687889652456,65.01068225431126,246.48723971437852,104.86330652244833,1.7538334779707214,4,1
454.51661008787613,3.3051905541158355,223.7542676827691,127.6338011458279,782.0776905346662,112.9401483450109,22.327995600262895,49.966677498048696,91.63924310954016,491.8379821150368,72.20661201182203,342.7660703145842,106.90476544959014,2.0547263340327753,4,1
452.75751774483757,3.588569772512181,183.68180929702893,149.99281922897242,790.0035038440792,131.6876891701112,21.228840776069674,49.01609083308632,78.98050680093684,534.1762712058306,79.53631754602145,325.1783093939793,102.46013548139094,2.196146675555509,4,1
490.39550495970747,3.428529897483315,176.92587352739272,150.51215840010317,837.14516527168,120.5523043648111,24.174032415738537,42.33908791959272,82.29901377913937,456.8952414190336,69.1151533282839,296.08322313267405,95.67062208844399,1.3607868296609062,7,0
455.2470003685186,3.376844455181081,209.9326922995979,142.3053863404828,696.4863227743302,116.51691604955994,29.73198189115142,50.07991883361099,95.86311848823931,483.39149427471824,75.41635599518243,273.15801005368314,91.79916334379159,2.6320302299363942,5,0
434.93918104736986,4.045669559660097,212.7020002319585,143.34717600244326,802.0589758474467,121.9236892703751,23.483651435933456,48.74786391281619,88.40707009240784,496.63826352290135,63.857563410738116,302.55073770849083,101.87189049752037,2.2139156714995094,4,1
448.5680362936639,3.8531554889553017,208.00339210400995,151.08373701354304,825.6837607896653,113.41891190617234,21.7305908674992,52.55762836058943,95.58091579772645,550.5367015985121,62.402904268311595,310.82966475124226,97.998710887487,1.5707019903345056,5,1
423.3563049980032,3.541023994219769,159.71873451524473,141.56756487097908,766.925605735924,109.82508937111922,26.955800203090085,50.40623538119901,88.23378717119095,412.11252235967845,80.08685236197836,323.10035447278824,106.41800533793662,1.829410398583286,8,1
448.79100376054856,2.80873641921681,182.66230830233067,128.66912254248103,803.7314004908424,118.86403072365252,25.518436839313853,47.25339734858373,98.85125053112924,486.6942221421688,71.53907506778168,325.8666649320236,97.62438419510609,2.7470982365805883,8,0
437.50415914498865,3.391697233024229,199.40622419428044,153.22547914415185,768.6481745425077,109.89003039923993,18.642095896935377,54.62881225228489,88.08735435502958,485.34079494290796,73.18334970580669,331.5202891593554,99.92846469449364,2.2079254681365774,5,1
463.73085413340243,4.310908269321525,209.74436389260853,166.10049873667458,763.5213533389805,120.1069331179648,26.98703895925986,38.893832496124375,74.36065208349501,416.9210591042248,75.76011151422688,247.7742093151506,94.2049465166175,1.5175601282414877,4,1
441.75689588106695,3.4308015000080876,215.34614725204975,163.04358777980133,779.5790074934341,123.5440656747434,31.385403305504802,49.678674357851946,91.80314065609016,481.4385695701274,67.36092595101022,290.8607035793657,98.28083664179083,1.6082474530844553,9,0
448.2485112630713,3.8309652716160976,202.8850704456408,137.85396798915284,764.4654003766494,128.5306045605161,17.19839221771293,41.18374534004032,72.64912123437959,438.3733147523483,74.12558179881334,329.79302461834885,95.28582499949522,2.312395991232307,6,1
440.4666323789339,3.9325827205857804,206.6156761307647,131.23158126933487,834.1809155968166,131.27924985516827,21.292881927933628,45.4390336439694,78.37823277974074,406.7734608785043,73.36772081154409,272.29104892086104,95.7423647678712,2.372397720565639,2,1
476.08277027779997,3.5656891747567925,201.69730916722207,145.73718176767832,763.2524061582311,115.94263498367748,16.45441873404518,52.624068515046744,82.93642776801144,489.5074868601871,63.52597589608818,336.5780273154502,99.73592876091514,2.181432718152392,3,1
445.1813585082313,3.2474535104395543,213.71238748436966,173.51687264693496,754.8544996476037,124.99414607939069,24.774086737777495,43.629012597795985,81.9383241778385,488.15419516784567,77.56492655706343,354.3113284541483,96.9654101625,1.8542683849268573,3,1
477.48835565218803,2.7694063004651337,206.25731302981822,159.6839711843932,888.3964333419767,124.92523446206357,27.971158709834057,42.881410906480326,85.63959356466972,490.2018566816267,76.53430257989767,335.73762958377483,113.14619101064206,2.404841760480846,6,0
462.212276431774,3.7052489625826865,201.31475320094574,160.5594701519135,848.0370005912017,123.27818715815984,25.316502249388837,61.90972491707812,81.66345741175115,510.1143298359341,63.58141380481136,319.84771221309643,104.17947075570174,1.8440545257681527,3,1
457.2310009100308,3.2555731991529355,194.6326240172524,163.3478542767824,706.92433196704,115.20540589049541,29.17598709433801,43.20355474289918,78.75237869131462,464.82412707145204,71.00143220730898,286.5748131791145,105.42319956389586,1.5726543040275465,4,1
455.5309972097628,3.5528451355663075,201.62582850084962,156.3114984377788,761.7615855073733,109.7193218753589,27.4916508709904,58.25260451543987,102.3346859587262,571.6342405378368,68.84460131543528,308.4490441124362,99.4455350138053,2.7933072798653082,4,1
455.9069594732438,3.125053898123191,209.6918275767855,151.80912821420367,812.1231485861356,125.0200188906656,30.10644197050653,49.138989177103696,84.57484362886484,498.6682396747399,77.09153734962969,259.6171605383813,100.52876089341225,2.2443980721153616,1,1
421.0849113098159,3.4204287378589395,205.34950777796124,159.93460344971953,816.1877533615747,102.9313743780695,28.480632304321283,47.375854392805124,72.15385877482082,551.4572185224594,62.94693996940695,276.5666800622473,97.85203527171748,1.6076045441283933,4,1
445.81674908773863,3.510115716470316,207.61652836690507,141.8075084367297,725.4753567131553,117.32160567431688,23.791170794171485,52.83393195294102,87.11265301592594,432.8040303404515,88.01207512105265,278.6758955246559,113.12190450232674,2.0671276183390868,4,1
462.6773695677648,3.5805780743132893,226.8544372270237,128.7830548295052,857.9282746411161,94.46368984351402,25.200179368704518,56.6829703777225,81.00215153577957,466.618813996325,69.12757915314063,301.8591772189784,99.45568090699598,2.0136472215001393,6,1
449.2665422478884,3.1655533437942758,205.30327845493176,160.84495401936485,841.2612209590814,106.63597576641736,22.39396925355708,44.26966028945836,82.9202589816575,527.4525922017692,73.69222583090595,288.2346820371513,96.98124500382573,1.8250412533264901,3,1
428.92215229794635,3.8590732846284057,187.02002959053684,168.56607158623837,824.095081602017,111.22866061552575,24.308031493395855,47.44875105135735,95.68273985081989,490.9374289728827,76.93749166001402,307.84799869860194,96.22997889675676,2.11677493871449,1,1
449.21393324133794,3.3209315645804085,217.67213571988339,133.22652090965954,867.836424535606,130.96724207629285,25.18549501605436,54.23434867342126,86.41473904971826,457.07282450508137,69.02000328414928,326.33480474631773,101.67675013473573,1.5357361695212466,7,1
475.5615827438324,2.9976591618640267,172.67603324662164,162.3288222362385,822.6144996285459,126.88108024404269,24.745278029393937,51.439971562135,80.77922719025692,426.4548040542368,69.42529057202361,278.70817371386215,107.10511021370604,2.4368200662841306,3,1
468.7033757330208,3.467292974010961,178.37173238521427,175.21148570082283,822.4290439625923,114.46065316157758,29.02676057891083,55.50958915320691,93.57002807965796,529.3281468896146,67.48584553090686,304.45803278811155,105.43479752616074,1.996919413548173,10,0
449.06993985950953,3.510312592707938,206.71694529440137,149.96630697364319,877.8839635911121,127.2936979512975,24.009495812479507,52.5755597721589,99.19952664487269,526.0640901979542,65.5726718693444,287.5209303054619,96.21837306216982,1.195272838435943,3,1
464.2717391558713,3.5481768299515277,210.32793335573157,137.72996722887382,855.0609790363854,128.87622963380397,22.20374075932793,59.04112004574574,94.29497730111876,509.73282765676913,71.35929573896361,305.7048748097155,96.09528326026424,1.88592389704029,4,1
444.5023946944792,3.9086397211055237,175.0989755299201,151.84528010290134,757.9246270544235,118.39335151625278,22.39116689529044,50.89294299416825,70.37155542679659,480.16375236856334,69.32366659912523,320.5851779463546,106.23134254474101,1.6920667610772722,3,1
424.44192619759923,3.429065348979242,192.343650380265,141.74199047698949,831.6597589335958,106.1562185578631,26.965300814867593,51.10905574165481,81.08008398082389,455.4763988948078,67.45312900837251,327.63707372526636,110.50690686800522,0.5047968477155897,2,1
436.1330101780567,3.4641141126893684,187.87832335560682,140.74904835065396,766.7866067520708,117.92087689933885,20.790584775733002,51.60860686007899,90.37958824508964,497.88073840413193,67.74518025983149,320.1091235787911,99.27498746171122,1.9220928928085075,4,1
473.44333152762295,3.169044685630072,190.26647354236806,156.49776100907314,825.2077275475139,119.02107594827864,24.396441489547247,49.28755574136721,88.04560475788787,447.387255854184,72.8811672694657,312.4195688678698,106.03311704182475,2.518388922372251,5,0
445.89010377256045,3.746166050866369,218.87195552545893,125.94405787455156,823.8306753509908,107.67545609169774,28.982500736366262,54.240435794004625,87.38179876848643,469.9366367774164,66.01218235324728,257.3936018094141,92.66955947185326,1.9460925065156085,10,1
446.34924030937475,3.555292719223431,214.13010927094507,128.34106616261658,730.8266343772007,123.67046792929968,25.87779533722249,51.18520611931513,82.13794645727333,550.4500232559819,68.76517615803886,267.5620221136233,95.78237749513595,2.3540720275619904,3,1
445.5024270558768,3.3739916818117512,199.61755640292586,150.28936320560913,793.9077194344483,122.79811854302355,24.776183832643735,53.94090004572572,78.75532733538049,425.9665694747432,74.49333695894553,275.27465160598524,94.9520087870421,2.0042475086883362,5,1
478.5620488435951,2.928597591960361,189.08076145770144,149.66537191631355,813.2628511790201,124.45042699894186,24.89226878908471,54.7224992681208,106.06225374250417,527.1011130760147,71.2361273503465,310.75860620422577,102.06106897573935,1.771814604603981,5,1
474.38938373043095,3.9333236585165263,173.0070065955972,155.15331865559904,778.1854904502921,122.78923097167443,21.911306223318483,52.14227340780164,90.2168876251113,559.7678380579665,64.75220366820696,261.26985262828384,99.10511988980687,1.6341992604116071,3,1
483.281703501722,3.131696010663183,228.403698775639,178.12838082725082,815.735497119538,127.29843035114983,22.428595868696377,52.50858162117098,95.13697431093934,532.6503887753062,69.88064465626515,310.1256698450357,101.19046322338998,1.358602622806628,6,0
447.6143218439992,3.3226165971890884,211.84227800569838,151.56771054113733,840.2948888500534,118.20671972126968,24.41445498125627,44.94835106201733,90.05000938867047,515.9285151370593,72.18510810571485,307.93407771397943,106.09557994425148,2.462882713098071,5,1
454.43436733120643,3.607503353322801,185.8666179185372,158.9725822550219,798.4703467884622,122.01785107370954,25.81381909032788,47.2482320609009,90.37078958910392,481.45708615315505,74.94636095618121,241.92932683440947,96.734169080941,2.3653743546295742,2,1
427.25036175868814,3.141032621414994,214.39198995249782,135.36700596578052,811.2299738354129,116.02259715754468,27.844450035406332,54.21691726495366,89.50317280152571,474.16447782263947,66.2231066662755,267.3719153469734,100.46996553306434,1.8608541547662527,3,0
472.1540163917741,3.051947066524057,198.59552758850748,161.51906495274807,869.1712039277987,114.1550078437805,25.277681851514306,57.118155909092565,81.03643312740454,410.0747653574672,67.20735138649432,331.3162672457025,93.31033890462713,0.9878672933965797,5,0
432.483306730981,2.8628157251898005,194.25780990275314,142.10413702333983,823.6598291612613,133.38249630762076,29.058322527262746,40.2978488724582,77.88408433572602,501.48026721069255,66.52420005639902,320.9222744518474,105.81892857870929,2.2360419765207693,8,1
453.25163345643944,3.716299085871691,208.70423056579205,151.0713124887164,810.0412144837237,99.56231298473503,29.815594045628576,47.16068426374292,93.08980298995989,483.91038205083623,66.77239900304106,274.48818008415196,105.48206856831601,1.5476114600625586,11,1
433.54046208550733,3.336444126582103,185.1700350017455,148.36727062396258,752.096031017932,128.76759989154263,27.385801637446612,50.11810301207325,91.50273925816933,472.0786236527237,72.02502357848557,268.9541704375665,101.80944073716397,2.071941186747657,6,1
441.1669975989196,4.378181027741999,193.1248696097978,165.49461352371046,833.5513005694424,113.79459124554339,28.674944224167653,45.60362768959661,97.50624718767766,499.19675884483945,72.97244564941825,226.4895994476426,100.59968051089355,1.229376538952104,7,0
437.4410635342545,3.201693480310738,202.42922128399093,130.350351684375,816.507497469597,112.49961822356879,22.027859435835715,45.88740177909158,95.88288661313621,502.49477920818623,75.25451746441541,344.1389306316394,97.45426032718407,2.04599949248188,10,1
440.8818710898627,3.2235646929713235,190.01097614229573,115.75142048077441,864.1869716850704,122.61577484065407,21.552403195935813,52.37459936896902,83.53190245800263,474.57770810531787,69.54412545462115,301.23163105293133,93.02225402649928,1.9343414594704118,9,1
441.91315945276534,3.3303821089143795,213.38170420535047,146.79850954368112,802.3439271651656,105.10390387648997,26.553920128870498,57.90687984585717,99.06073047137497,564.5232313390715,62.97338522610262,356.51172166035605,101.52770970630587,0.7951414051739571,5,1
441.77596807612383,3.5729403965415467,237.3813300735652,157.02796885357685,709.1866749933002,111.83976928053796,20.97637056439886,39.8408822183893,96.12021756123613,529.224111164497,73.34735082228731,294.2498673908323,103.78100405330544,2.808979347218199,4,1
462.5000086767046,3.3589389983644065,184.91403734785715,152.2840406371125,714.9939565585869,111.50860353487008,24.1288844679522,49.14761925509152,95.52673255885868,535.8511423349312,70.79571839203791,308.47767896668756,110.09685805526622,1.8371527593774504,5,0
433.4270581040622,3.683699664200754,166.6974940739191,168.48306356120867,836.7840381879867,117.78601741814906,27.313575715989217,52.31640170895194,107.99461433583046,495.8678886544236,70.29984739658002,326.7389541428579,98.0322524212631,1.8703639588897312,2,1
453.308121405208,3.2064234830034035,159.96519665047475,156.56059011269502,771.4903201150923,111.95862311839312,29.24011877405562,53.90106986100121,106.3516701000655,520.4494292904457,63.58298255844389,349.1652805854273,101.35090809105228,2.267338485581654,5,1
468.2693872845834,3.0855224844609257,196.99063717010034,141.5422750221021,821.8383875555248,136.0111868563927,24.237353049135805,51.595636715345194,95.51931013243909,464.1718159760575,69.02082068197329,315.0306497545327,105.57202108200639,1.9746662009045328,6,1
442.30205453229905,2.960535578177268,186.73670819747633,115.11869768790478,805.7116322251178,137.97016516497953,23.050167114076928,58.807012749680574,94.52157764670024,526.6503416100122,64.0317260693714,300.0722165381488,105.72266439430409,2.1819899933180675,5,1
439.23121663878595,2.832927749618841,204.1572100213416,146.44031648707173,791.658016615304,99.78006477251937,25.961384864534747,50.14453296662897,98.65324145415744,491.82389570745045,72.4098249422288,300.8387298334609,96.8876452161056,1.427808706491327,3,1
446.5421306222962,3.344579294157483,202.65195344052202,165.41938503386697,795.1819357205889,125.44322704765736,21.779369669428334,56.55996395196048,85.32836984263703,459.120658599427,67.8505298564808,268.62493193379197,98.60420303370641,1.9289092205810094,7,1
467.6958781254107,3.4097059062820336,167.93566306771808,144.11928325999327,756.7305247477386,128.58663439077574,24.48016405511972,46.76816164827015,85.4413659392716,499.0893331512308,67.40232801817722,288.5435139940305,97.37424673620184,1.045341406952816,6,1
452.9116144643004,3.310568891755045,163.7023234103719,150.42480395516645,799.2111155550165,125.42985202391105,24.975999855171157,50.28991473294425,95.3873712567353,488.31783879000443,62.31422258455484,301.5365845384527,95.49077715732356,1.8811764154053563,3,1
442.03178558088604,3.8730217391561483,205.9186648069219,156.32040381460064,770.77532836028,113.41886506908305,24.916048021987613,43.93642462100575,83.14819128697943,592.9227730888367,75.1354793484202,341.45681625305286,107.35834706511623,2.7225339432299993,2,1
457.2581497678206,3.8684090628824404,202.70857669439914,134.77061438625276,781.3871739937148,117.55904437841458,25.265510421453644,54.50432220274497,94.74215588418605,517.4157699391965,68.70717684385322,287.0987041955597,100.31356904491457,1.2470067395031035,10,0
433.4656177524536,3.3995591037666495,191.48364003266897,159.34853844958226,783.8175477645419,112.51725345222304,22.496455433283575,49.397785686794116,91.25465733228953,563.1886986979289,70.43490385168879,331.8796393642136,99.62877268634045,1.824625857220187,6,1
460.2203926566442,2.9618236660424113,166.8571282973539,174.55682685002557,788.665336505064,115.79735968841172,22.81902102214475,51.78910531259949,83.15047916326304,545.2514842543491,66.32254954653723,297.5448596620842,101.23854081246353,0.9380342968020403,1,1
456.1291096155265,3.329988467583484,209.4278252552998,147.4077997215989,846.1086728253543,107.90034971332824,22.758651216902138,48.43315684357463,90.2069320823064,501.51122399189995,61.74712470016673,337.30675678747315,100.26880982587741,2.0039733902193935,6,1
445.3828729329167,3.3200535818248817,225.43799090847887,133.06403367251548,793.5104585397653,118.8521117836545,20.13971698241483,52.93214250829508,100.44065273710733,482.2512318827982,67.34187205911373,320.3016748191885,98.89511313045163,2.2330872983146484,4,1
437.42121302329156,3.3028595113165826,205.55964880437844,149.0009845946704,851.185116829505,104.9719828869493,26.025490965538317,51.98716986927876,90.6589636052307,430.39093675198706,68.14229331113643,318.27586088554057,96.19221331766593,2.1917378711648032,6,1
436.69978616574815,3.2906843288305265,183.05052218869872,116.63423837086697,876.892747566324,117.99865445771863,27.683972355076016,45.02674285014397,90.69238118094381,465.1622579734104,71.46380010457422,329.36479979986586,107.82640229048467,1.6990659626260975,9,1
458.02226004518866,3.303961131282558,200.89104331142303,155.05354895964925,842.7472325528074,107.51418310900236,27.38893024856061,45.316162837084946,92.63188223123677,526.5101383101686,68.22483794555434,324.9947973385788,97.14863868552729,0.927915113123867,8,1
468.43470753733595,3.384037515230672,172.67771838132632,156.7841156647287,826.7234267534255,122.06816361791404,24.212509418617735,49.86115634829324,93.67350818313287,487.91478459517185,66.40825570151361,331.9144018711147,95.34743966746252,1.3792205604724244,5,1
440.4403837945681,3.309337670355333,221.15921427677586,175.13454440768342,816.341610474176,113.20580439057109,22.566984281608338,53.297869787033285,87.35327627135045,515.0328130295377,62.48330301428833,363.95291877721695,99.59722174539985,2.6282377646694592,3,1
456.87580055327226,3.562496752587678,201.63688669059079,147.09007811150062,843.2679354525035,122.90580347874537,27.23294392708807,59.31447776556924,92.80208838373639,418.78899394610653,70.24226747711374,348.5068413404679,110.7875760871815,2.439489544052101,4,1
418.69459472096895,3.608110614771458,164.63686176493536,156.12728007219707,804.468036929812,130.8158072836478,26.916769067123656,51.51495428332864,81.60743712327414,518.140593963895,66.01719903114567,313.99272702494886,95.89213347827462,1.9543302760948325,4,1
441.230734040142,3.226806473845253,193.98651279112636,137.08067846421147,849.2284922978599,135.89446936104707,25.65226192730889,55.0376570124427,83.6074315453289,543.8592622879714,76.6040326688285,286.7475942388904,103.54807609364312,2.0811466073122826,5,1
449.5341160069365,3.88131959780211,209.26603020468463,144.65359319212382,830.7052902644842,94.7199541097951,30.23293375726982,41.93574532617916,84.63080713539502,428.96966840774985,70.7507333066905,310.99253369072477,98.76834197541557,1.4861906173438033,3,1
436.3547487452725,3.205981309447816,193.33904758048956,127.12221845006704,782.0079769609806,111.65805906126218,24.92072343589881,60.06477924716991,93.75810151707286,514.862556254272,72.81051420016496,242.21412823024434,101.22403624063486,2.645316451955344,4,1
435.9524043781561,3.0146598158553988,194.48208557119654,147.07815568075148,844.7925440051403,116.96913922887985,24.229330048225332,53.02843105564597,91.28186262045021,553.7413861443384,68.75605666855414,324.8695983750307,104.6109044248079,1.64042523886952,7,1
439.9833066529667,3.6142334214095153,175.51195585905458,145.42036269722152,804.5740002988784,124.60327818381484,23.8005480067762,49.7519774442061,88.92512338204837,567.2034659735787,71.00640144883955,268.1990041627917,91.40155595903504,2.218637881455795,7,1
454.3828909248956,3.254777559675698,211.33081974163312,154.48799649133343,794.6933996193842,103.4964549584547,20.31736688055758,49.17651976271037,95.52615991668229,479.8600371656816,65.54642342114873,333.6744382792352,95.51829445604042,1.3360493330318235,4,1
447.19006472390436,3.5963874412272165,187.03061599961725,140.64604679501042,776.1900419800506,110.17907593199784,26.98401989242688,44.46400101070501,93.03089666193868,531.1972137844614,64.10890587165197,359.4086710107215,104.54006397463526,1.910896645828523,5,1
416.4265315001254,2.778899419669841,156.87109245989933,151.25018026462638,808.3009423937286,121.3035720265711,24.683543898526672,45.893566021399145,87.68018576013702,557.1915928002167,70.07565538674278,256.4719697194527,100.48725542040671,2.6242186359905295,5,1
418.18949771047403,3.91773678244492,192.57485258659213,144.99929916588502,849.8231307706492,120.84888241526667,26.529793724070387,59.55217816066707,81.7181532574415,516.0552556312151,72.85195827600538,298.49086811377236,101.05937320227216,1.526533451240058,4,1
440.89702233214234,3.7016880224121205,219.62299431140707,145.02750917550728,844.4470002796519,123.77618406420093,30.52563400627372,45.05497780856994,83.44232959018598,551.4031035598724,60.27094114969211,268.0676144199771,103.55691808522755,2.3746787103518354,7,0
456.8652987908033,3.0498570352510996,192.26141106800105,151.20543488944546,817.6696898729479,124.43675726888117,23.82774469028615,44.958661210668275,78.26552427685687,498.565533866468,67.5044825459798,248.1507010819052,95.55199254548693,1.4596169139074173,3,1
408.78742735912147,3.0563668628461143,234.7596997024704,150.60784413475514,829.9821820362517,123.38594433115863,17.985973849625346,46.488897569622104,91.1245564012066,515.7725657508319,79.21061053944196,296.8103504638837,105.2753626891366,1.5490444843661624,2,1
442.50404735772554,4.001679771229258,208.57935897097033,161.41761058577458,863.5848395761279,121.93655316631492,26.443211108532317,44.00909623519364,83.10288974037063,475.1356309415119,72.39613775834978,319.05501111295644,104.09891862320275,1.995512362888498,0,1
442.1062821522387,3.2787860289506123,206.77516324560733,148.19035448805246,792.501685441457,120.55739773326368,25.500578169678025,50.07653287422755,86.03741614412904,493.41599369304964,77.68823016845249,322.63201287957133,101.19158603629185,2.485820056156967,10,1
470.82506667312674,3.2497445453802127,197.43203468164782,144.75171976315494,744.2289998234896,126.64763089724363,22.80263837208604,55.44455256332619,88.9792745549691,517.3486467950545,66.82977524105708,304.6177743769603,102.34065866433743,1.8509071788344067,3,1
444.22467282430705,2.8201843717552153,198.63427584471418,147.28788832369162,865.0564926089287,97.60677333435774,26.191799006864493,46.94753836863983,98.35196153064548,472.1352269981693,67.7104711750278,250.0730383015931,105.82486888828514,2.309287642070705,6,1
455.7448347711139,3.3947665383195336,194.73152729760992,139.2800382473851,773.511087398464,135.44333486971234,27.358288960313125,43.13337860119589,97.43032478653456,491.0565450743698,74.83366660172254,303.7013628735991,97.03080470632922,2.5720676413682932,6,1
452.11885710131196,3.4316841155492743,193.95461215834948,144.60133359649993,765.4830938328048,97.95517949119676,22.16017026936536,51.45930656507327,89.5623322299682,530.4349472378722,73.11760177689163,255.2235595126339,103.3067850923061,1.6144257080456177,2,1
418.041502802892,3.7146479290308454,210.61734324134298,180.46738069609847,710.1901122332724,109.20838183095508,24.096004415789853,49.721128311600935,100.12402791520239,582.102301327044,69.52807711970158,257.1903522582641,108.72178617857384,1.2374172021699634,2,0
461.5231082494761,3.0802764715446576,181.2833754041887,136.30981858956198,828.5641526582148,117.73239203349856,29.430261189546783,55.013622750408125,73.90121192543312,418.0224603340571,63.68742095365748,270.0954033523032,103.2031312474433,1.8222422543074501,5,1
453.2309475818443,3.0439139623278173,178.4821234255148,145.82015499181037,718.927368772389,126.72612891089842,22.835133426311906,47.72745850348865,105.0177643981321,579.0630666929446,75.78425981113455,331.4943357413526,98.8880338617066,2.6365442503655703,5,1
457.6240295951188,3.635288790432943,177.53609898249243,144.18767005095464,762.4870596154132,90.04733109200384,25.200009266241356,48.699216101866625,95.53999771443668,489.6051294230893,82.55114073763856,316.3576603704463,111.59102845186183,1.593671443612586,3,1
508.89356559654493,3.8020190213681193,240.91309095354308,146.292425816334,829.4118397257529,119.71875676058166,17.126766501868346,49.25234817728366,90.82242628015943,538.5959947610954,62.14066905851624,309.677720936478,101.15407251205247,2.507474869320373,4,1
418.7383059075212,3.0286542946646353,210.6068580334116,145.03141036682408,836.0960626204186,127.92395039415734,20.554463496756114,50.44502055276741,82.8691225539835,546.4437079996696,77.01809574874719,274.12157457489496,106.99295799839874,1.868749734635204,5,1
475.8704497464166,3.824454225889922,206.0898440336029,154.188601518315,767.4147925890883,129.94518116028476,25.4725524919984,48.03719161321205,86.49546107095628,562.5798709576219,67.65849428671314,288.36673849345823,97.89234293159635,2.8781060416119604,7,1
445.68828720899467,3.5112625524460466,178.84970659413136,124.34737347912309,793.2923336503798,113.02670341502541,28.683963428756805,47.22677945976996,94.87480716462433,470.88152541080836,68.33265674480926,258.89632481528815,105.33901248952851,3.1227110267443106,3,0
454.3099335660451,3.8275416017223938,212.46684601349656,165.55757208798008,756.3702736796923,116.99164713044968,20.913910953996997,40.74811157559079,95.05663506825131,490.98914767528805,71.34819743769167,340.9290398067629,97.26787476229461,2.5157312569009997,5,1
449.3173163204814,3.478933891544715,197.66857307093343,159.48874199463296,772.5801606094409,113.83851871107372,25.22369218618149,47.17306395439942,95.34714696472629,497.8561560418839,63.97238360430001,365.91774022710877,101.61692119127275,1.1766985943117239,9,0
443.63645499902935,2.743316624753615,204.283378822635,131.35692620905297,813.3107630076454,116.07325346473915,23.87284627283885,53.57611634040876,84.17202612506831,485.7026463001062,69.81430777527808,316.6979524221938,96.96629945446858,0.7983857040610354,6,1
441.4525060764186,3.4544097853051885,180.46759368272888,115.96384090571398,774.9176660601771,109.68173449271565,27.859264164977482,54.25122759684443,82.56121829587832,552.7504389935656,61.94373186098915,321.9526263303108,109.50577988098522,2.030588614829541,9,0
454.94263103359515,3.818043145601381,203.20537714835154,135.343917807879,787.7892479912166,111.10747837529082,21.346590084032243,47.6444348820435,91.56164195482005,496.92689195954136,72.38041244889102,295.23119582365894,98.8943433390564,2.4533250040616377,8,1
427.2423945499248,3.2318761942748857,191.52332923587034,146.36000307859317,726.7646659191216,124.34376922028368,26.290232945102456,56.49742999090881,96.15883166217179,435.2580934076652,81.16861018981584,251.4164290902491,94.46033936522184,2.2505050028275924,6,1
461.2586875128265,3.3836105093277644,184.68777685939625,188.70437848036164,856.6478082403069,121.31615373272741,23.03892793901123,49.856479641498225,90.02547879603887,474.67944710744945,66.80234255418169,274.6810562811842,100.47559260951118,1.638203528796364,3,1
443.7570839267212,3.4471599489347065,214.68212671614498,158.1488544746141,825.5033296585533,124.91586507590473,25.669114074479424,43.31076814092026,101.85187397508133,436.8639989321248,69.15628330854145,286.0384635319948,102.6854739597065,1.2570071539650842,5,1
433.04895991439463,2.6301458360394556,169.24584382939994,122.88615526227814,839.64526859186,122.14014389700837,25.206793156925418,41.73807971772872,90.2650996975209,490.86644853226636,69.40260911963625,288.44231968461736,99.86699511313829,2.464895480715823,6,1
443.2498071300628,4.001404272631243,211.295525286283,139.65516742648583,864.5212662308431,127.04338601147596,24.244662777572145,56.09128961309863,89.99433084933611,526.9019869827174,74.93234296995502,281.5381911428915,95.93339885736563,2.929299226483974,6,1
468.8572382529386,3.229587296030848,213.6897226710599,149.20181345590524,758.7393562227142,128.78213998154996,26.433435538808155,48.13498137369463,95.36447992954135,473.82093310785245,72.02786184525901,301.432599257147,105.18658403644989,1.664972070736432,3,1
441.9699736947567,3.6517206297418396,182.4071264889752,153.80525331447146,782.0802758485988,102.58283380133896,25.130958202908882,43.9296773846371,99.75384110073631,483.87868141461695,74.60173005175965,274.4949273440395,106.295900146409,2.412606323543306,3,1
455.37680427314433,3.4739896591555373,183.59343077735065,130.27876709534365,705.2582816208894,111.45690349585638,24.601581093769916,38.703619142822326,79.20595792156364,489.0093883064722,67.46882332398813,365.03172361858884,91.7602132557677,3.3014670208472783,8,0
439.0356558642679,3.877285716907808,195.53948637467195,147.97514658034407,957.0211455051119,117.68624042509961,23.93075039793177,48.02141944562428,81.0559063357152,505.6296997534098,72.16784502409898,259.0387795501124,95.61486523069684,1.9051397987312768,1,1
461.3688277488543,3.6218168367284242,205.6407242092444,139.23541293584188,792.5207342341312,119.77322474512658,25.23279516923601,52.023754294981806,87.49390849804769,520.643311145421,53.16097133532071,326.6192863206765,99.20286176683734,1.9152571634509439,4,1
460.28261608185306,3.4295227185437076,196.94290016371548,133.44362156096525,851.9363949957456,113.29909426181966,25.666130644438216,46.51154427976898,115.2715342767093,532.2902171174147,73.33731285994514,292.14435869514335,97.34537151420454,2.279866019589204,3,1
477.72913249944617,3.231945472244216,208.6712492038376,153.8939347004843,738.0919427832271,129.12023670988305,22.032573759758137,44.73377419933064,87.90825149967255,590.2206793174608,63.91103645602369,313.88394285785546,102.6297729157397,1.8578242501298043,1,1
447.36654081751175,3.7393552104146415,235.25959305074798,161.60815760164235,849.8194212821504,139.799483682906,23.95158628624787,47.253121156966365,89.02573645591545,504.9398372400029,68.36203059250037,315.24344601532874,109.19738603560586,2.6696164931195594,4,1
460.0298220713686,2.937967608813615,189.84566461700572,162.61561915442428,892.8795438324833,121.86161955581734,21.83444216610648,56.21596009572428,94.94681543846335,529.4317221591886,73.72625554322103,304.71129690361965,98.0954324524691,1.797996287092876,2,1
451.4710130930842,3.6937671260827676,165.6964005859316,158.61579526700814,796.9859625486009,120.8434103219821,24.880463731657642,43.03509191162405,97.8154312225078,436.497730092869,62.31955083690046,265.9988775720113,107.88361100551998,1.984475482449555,5,1
469.4380767279452,3.170286574533538,216.51847166061307,142.53945700289606,749.4559251705199,128.49456255104332,23.223003385437917,46.791494847887414,91.35828093163805,484.83268057737865,75.44716399111013,290.03880748889725,92.65833571846343,1.2787777895503796,2,1
439.21751418586905,3.875685098586992,233.6662915185506,160.71824642195259,793.0601799527232,101.34160244796564,27.312349443943766,56.053788698087956,99.31477996032206,489.1833242615171,69.37847594355638,305.0728581659803,102.27907406259123,1.8822082416888848,6,1
461.1750796931592,3.5483898627988086,207.85536726102248,154.6358165715643,688.6619237521387,120.28468940438411,27.01818093327007,52.47088144711877,80.44823053579265,459.3074044405158,77.26557743143618,303.1930150585236,97.02644256622803,1.4962101702826214,10,1
447.0795405582498,3.6932371303550324,178.24502649292663,152.0091282442802,798.1056649489079,129.79035825467517,22.23175430930689,50.89563906889478,83.8712926020582,478.5602907452986,65.48577920482107,269.30604075653923,102.38694965327132,2.173031998950032,4,1
449.03717734337255,3.5245966441474157,197.52215273529598,140.82460317447303,841.0483569656498,113.56846002798888,24.993077963804577,46.757769322918755,99.29989560463711,495.7006112937749,60.93606137826526,338.736373771247,91.21595077271486,1.1678839059058794,6,0
451.37628726672557,2.974286871457701,177.62953031576734,142.54685808987708,798.2121177813243,107.73439420098035,26.915549737745092,50.15252407250214,90.0875449182678,479.8134650334077,69.85526642330981,225.19279722246958,93.57304760298469,2.489943797284279,5,0
453.78360594640014,3.2417812509813984,212.85710987925896,151.1083040418683,785.7930222655516,118.14194389900221,24.474075039507913,47.31085465773349,79.90039515993068,604.0733675135264,72.93538033923622,292.49625336706083,102.37656257255063,1.5644134827896077,4,1
448.25656435317063,3.7017168012834145,172.9741919460313,186.59811700478252,826.3784058056017,119.39314566798079,22.815347425583365,45.703069344646245,79.41969654706234,520.4910136631092,73.3546846940511,272.36043734443143,96.8499954716843,2.892064350097556,6,1
453.2206977475579,3.5499967452079533,193.997424263436,154.51863720137086,830.2012423474777,110.91347718084542,21.722789415865613,44.5997126234913,83.51247355724236,580.0409095543735,64.32255932036382,305.46496249077575,98.38441197026916,2.6853786966927458,6,1
473.67177086343276,3.8542969715917015,179.91324347412188,140.8321724662457,717.0047218747409,140.96161276050952,27.562802684735086,53.92047798186249,90.01700433726333,559.7060471533601,61.87683464940044,330.50177568013277,109.18142587413678,2.2678227344114164,8,0
464.7817452842283,3.6209823689111515,202.53649370269923,137.51415832545837,804.4411481139394,115.21303618992054,27.708139444854908,49.69796933891932,93.7390365578143,474.43015466198455,68.43838013049218,257.79092966468767,100.68785734584428,1.2310050843636167,6,1
463.03731888745347,3.209989432789202,192.67316645724486,142.62350081015697,921.7992562114622,108.46340648573431,24.376157203377854,51.57256871901348,87.36752000044689,501.50241869679246,72.58221995237795,370.60815696865336,104.50758257140816,1.6860555708662335,5,1
443.16690710964195,3.26118075868381,203.53524206500526,182.65940171323598,733.2491877175988,119.06378680929389,27.29841275358003,50.75836592900702,93.07999351391615,482.6070151570169,72.3289339105316,306.0554591087359,96.20363925197753,1.5518553532662205,9,0
436.6613875765751,3.530875217156971,200.4470110993273,144.01115031081056,795.7290583583467,129.0786063770449,16.104368410343977,52.204594139041795,86.50346810645108,493.5270896285467,77.86063168236072,311.45171970286407,93.29398153548837,1.614436784838823,2,1
464.3295083735663,2.8057867801999685,180.2668194455178,163.60305801915428,897.0873061025851,120.17414248998232,28.98266395212771,48.726406050070544,99.79136161293533,460.94265323245077,68.13272399291291,256.8073699395776,99.59632339479062,2.7883927679315743,5,1
463.14070188794693,4.002032565686895,212.53754127058045,144.36107631792964,855.2087578271837,124.85593920044002,24.529165584168464,47.591712744727126,110.41472075657884,482.3385868331911,60.77551780887656,298.6029843499957,92.54765298332673,1.9236781044845612,4,0
472.09006013626475,3.632524020913267,199.0246869631377,153.91776811919442,774.3301659611969,111.28489405666843,25.425329682398466,45.92359835304439,86.85909814332462,514.3807552613296,75.98333219142117,329.15024464553676,96.50705198379163,1.6710680908256916,3,1
440.94029061046155,3.8681103791146616,180.22941984268198,161.87617911013083,810.3067689811302,134.87688446403513,24.03844682900209,42.930154332964435,93.83946248639157,513.3248822776882,70.97597657055377,306.29764716656035,101.18877109249033,1.6260452598703785,7,1
446.5567701695948,3.025818817757249,244.81853112411585,141.42145725285113,799.8944160007588,125.61711027918443,29.18712244560252,44.38983414688542,93.1872865932009,510.1361466086507,71.41093955250456,304.2058672118075,99.44369551469124,1.7340811229869089,5,1
425.4077375621185,3.873369548106577,209.5286033343425,140.38332518770846,762.5964097839167,130.4770156887761,21.8178051281334,48.17291139449889,91.1095634100794,497.6130070046576,73.83545196053292,298.44421293964837,101.67259692747561,2.266309746376195,4,1
444.1129334090869,4.169449673308325,196.9347889320139,174.88304541682996,796.2873946253459,123.6516063247517,29.423380979820507,41.984802577822606,95.22600756273033,534.4296970094776,76.31821795184331,258.6599972500974,103.0015919800104,1.1864548064528733,2,1
464.9485576586917,3.103736493386805,228.30409053403648,164.76889342343696,786.0016933596736,128.24884037728785,26.188812762835333,43.08857047931985,93.83056951183862,489.71827895685846,69.884900079249,258.4887398680964,94.02137642096947,2.0490893049696455,6,1
443.002569311577,3.73142053847113,236.83631218773215,161.86008478036092,805.6374469038375,111.26947440322772,26.867992647754473,55.210699463175885,86.23157143692085,555.6620935904647,75.88275816664034,335.0798137992213,95.29032864284784,2.2117734164825458,7,1
459.60719692801234,3.500332983406188,197.0930115537223,161.80914439684372,762.5808409654484,115.08589583310437,24.01238631001325,51.12089742426896,100.5323661809815,426.0960977192975,72.76068132070893,326.46860117829283,89.10707902318906,1.1323176697412967,4,1
447.14245341003283,3.0366698455255268,206.94794972869525,156.893632324666,736.1690899877669,133.4648059555603,21.075342406310888,47.7408163589824,91.6133299798942,526.2724409590303,66.72208804346,330.90813517401847,98.1473834617856,1.291236537412749,3,1
454.8608554233234,3.647865191555561,180.23994363994117,180.26663719762598,797.9359613303815,135.59741947283965,27.791532296608302,61.3578722945228,86.9215966413571,519.5348444898943,68.83380763915744,275.3153986858614,103.68377978808616,1.9761463283405127,7,1
432.784629152765,3.7500809614512045,197.05614498463976,150.65862452815736,885.755910908939,108.52934400280924,25.934225053567992,41.758751406434854,109.5456201907792,473.017337709938,73.08372011699252,295.2729671649324,107.45638431803243,2.72049132368895,9,1
451.2781417445085,3.319662034199346,196.0187489248026,158.6589355080138,804.1101463131398,122.49736067863812,29.084870374926453,54.87805638230911,89.0702929827552,485.7907589257889,66.45587617878053,336.95400558003433,100.95240934541586,2.60136406207302,6,1
405.13296043648916,3.849774956076567,203.6965406724331,128.2363060710898,783.4203110534228,115.69056199514773,24.418671039352905,49.44266958610292,92.03955073139,518.5916375643615,74.43229551068227,263.1403402572108,106.86614431771345,1.6957651092996764,3,1
447.1965576275702,2.999970977963241,206.6552095727402,137.6255897011314,837.7042902519249,113.02968530635138,23.742305863303255,53.92523511456406,91.40352275664269,536.63740988595,70.79091750423603,333.896472226598,101.91913511887992,2.704644217167396,8,1
425.5429013442729,3.051573156065107,211.1965689765612,131.9877150024744,792.0840193702311,122.8483969535545,29.164264709920907,50.54476858635404,88.96084311239034,430.0214732667557,71.9080911954991,282.4044122212832,100.53724710250509,1.8401866497743846,10,1
468.08991774820225,3.540979218676626,204.7528531259992,169.11095375274223,893.4016462479555,131.4096293236541,30.735682493492334,40.63877468877371,93.58931764035212,525.1298427061702,77.20252661775076,274.34300098696485,96.9435456170741,1.8358965649831946,5,1
461.66111029146765,3.5076155833916816,175.78514746741672,111.71189771968875,799.8043745352461,124.51662473284193,25.02804152909719,50.47730233779414,83.240000727267,481.69395257769776,71.782834387881,299.0425110058046,88.07419978492067,2.047007751356794,5,1
457.0000647294912,3.2850279534727687,181.2306578851783,143.96534965870916,835.0248531579082,116.80487550080964,22.74172750942868,51.67777927319799,94.77234709218446,545.0115909719422,70.35705926957657,266.48994272664606,106.11594743609798,2.4197324565695135,7,1
472.8150934073907,3.742878330791566,189.07184761072654,105.09440096009067,762.2697808803364,125.1486117993516,27.43159228836865,39.040073507377926,75.93316777286056,426.4289914473529,69.58705768445938,243.09319216508823,99.73387512479201,1.695500902423943,1,1
435.76625218762746,3.659268294264785,194.3551881615354,137.53068156777164,825.1544626668331,116.40023826419099,24.237938301487976,59.720241469009494,79.61544198994297,597.8119586048483,69.32671520109629,302.2808905994687,106.94148262400257,1.8009753505837123,5,1
476.2104479687334,3.757441721280205,221.01548580944228,142.635765754022,813.7546738471877,124.12114300730602,26.797788476202395,51.55603797086386,104.60579637734813,464.5544026794361,71.56149682101804,316.02797311144167,95.25183440572162,1.3759161949195429,5,1
463.9828734639058,3.4630590693943195,176.74122026294174,170.77306640691066,797.1746937670396,133.96465700455732,24.22217207686374,53.35993870068248,79.95055978622571,557.1984474715871,76.81661492058207,336.45870517912664,112.14410105036174,2.1755132571718816,5,1
446.45167069171583,3.680774080393502,192.851699036586,155.94941908832186,774.912111941514,99.22840340699173,29.69204205463544,44.17235305211844,74.32032918370511,497.2326152106867,66.94111869832915,318.2092413951446,98.7560637266686,2.4666695949814605,4,1
467.0343022077442,3.3663049090910016,219.060189964281,137.5028771500655,768.0984917173813,127.97252298540033,22.9015314848479,53.45308761072809,80.1486706474705,467.25333051199476,66.56271430664518,358.9619155449812,96.53905503128581,2.497312386674524,6,1
433.40559731382547,4.116145607025978,194.00245051006775,165.9894557959774,814.1176331989826,104.60945078429532,26.44158898756588,55.44752229781528,103.92045815357388,510.60456021525647,76.42519947599014,340.8322492720945,98.92738976810507,1.3167097555199165,7,1
437.6322875770849,3.2562362689634043,209.20831299685648,150.26748381794636,831.4469554848237,132.28327710544463,23.53389408930363,51.26784114068923,75.66510607781828,541.1650177982548,67.16926530070722,322.1423625505984,100.85228211241127,1.808551752859729,8,1
440.8711541514045,4.131589228837494,197.20915914144192,150.56350288060878,793.6418601852935,113.6297439012714,24.15548031573769,49.953142207396176,82.35348653926759,437.8918079702095,71.08047433176353,314.05856476067976,99.65048996961987,2.6227339621695998,6,0
442.06533437903977,3.5104663841268224,205.13566514649446,131.9599273834201,814.3633964560396,107.82328622393516,23.76383303571827,45.53205937550792,78.3344601254641,528.0635539714804,67.04101267592067,336.9030654921969,97.42334795436848,2.1160845864141624,4,1
434.1516353585962,3.0873467331293774,195.4305491238092,135.1497942914529,798.1042660933615,126.95269227088747,27.215824198280245,48.91896541108337,87.80696642327993,499.5128600537164,61.60257770821771,233.60933666014404,90.98278721933693,2.0170523755099117,2,1
468.34624600642985,3.9104238051465803,213.34130945456707,137.62354050081714,804.9263012452694,123.6417006314241,27.75508934480161,47.4398524287036,86.51183281455411,523.0817633026534,70.9911259664598,285.5982887621115,95.9783621043808,2.0052665961797085,5,1
446.11718399445255,3.537770416518488,169.0988718518713,150.69691909731284,789.9777508661388,110.00813097038342,26.673216486797113,52.859978186963424,86.15394794618373,500.4390142935592,75.57583947013025,244.24556859117868,105.37217834737936,2.270729273421502,5,1
455.2875745253532,3.7553372295140712,192.7337598322291,151.16828590471013,800.8986289684154,107.47000242831606,24.676049599764188,45.75062037441299,104.84907039524109,477.12524644981386,69.68972574103637,319.892928971583,95.60138649763564,2.1429579659020077,6,1
441.4447295037948,3.867156775562778,205.93145353388616,173.16138995286067,934.9020228408713,118.12518512508717,25.420540093004778,52.823253607517785,80.40739745889961,455.47506994512486,62.59170718371886,277.71708367767303,91.41525681451256,1.7123070383495436,4,1
422.69095049177224,3.6013866662435077,210.67390496012385,155.77582751906752,815.5817149403713,107.95913049828803,27.693164705378273,45.805072186351715,89.18249776226311,526.905804481881,70.54535291525208,390.5895942701413,94.72250126115848,2.4405297580429517,7,0
454.0508603758713,3.3223277465561556,229.85905245507655,109.38651459491838,832.2648479215521,109.38527027076373,27.787934761622815,48.688237229199906,92.70880997056588,526.6908796879534,66.22024305677304,284.46222605487657,99.55676856080431,1.3985574751316134,5,1
421.31617536870334,3.792714013300775,192.17950666268848,153.93962981807536,821.9011802664048,121.15620790421434,16.929173105939395,53.080221985064085,82.15832590342285,526.4908899076323,56.902474583771195,303.1908949464757,96.20389416384127,2.661062212056,4,0
448.97048930871796,3.5002266522363787,229.58963523721746,128.24975465748702,786.859158835147,110.34128365744903,24.183333484681913,46.481016400069784,93.89271984997282,517.1038527776229,69.5955813913823,287.93200397437,98.60081460645402,1.552022894079687,3,1
429.4752744175078,3.705757345582526,186.8195234668066,135.51043613082695,864.6994606645834,124.26539290026543,24.327223625681544,53.25268244488801,86.80151604357354,537.7879548735788,72.58842096944016,285.3350628556837,96.00773397677098,2.2739449710204878,3,0
479.8091399884621,2.853880827862562,226.57292823089287,137.81745792410504,785.4418114786829,134.90143595883478,27.007757692378487,52.76497078835684,92.99447252951884,556.2427711907857,75.88852739065958,262.60434348506107,105.04871948197739,1.9176185245184951,5,0
463.67044083262084,3.6340945151029556,216.34934253396744,140.04992514731546,852.7527274471275,118.51444585099418,24.799687546867762,48.645246633115285,89.13600598779477,424.9432861037393,78.78427369981071,261.59551770177075,102.45424755399291,1.7618110999301693,4,1
451.5863068690722,3.308424252456491,181.73082840735555,129.37275911939545,783.2896500966775,121.30151061985585,27.15755014284786,55.808916006778944,73.59575019546956,406.32810224523644,73.25467838693255,234.61520993181045,111.08979783264274,2.6787854612999107,3,1
468.95560016482005,3.995992891153559,206.14078474503643,153.0522300517843,752.0013740427979,140.18096732835488,21.764017686908343,50.38892170988557,100.44878970212594,568.7178943951858,74.66783704302797,316.36386908410316,98.09139351698424,2.371453055547174,4,1
437.30526033801397,3.6869262043667286,198.97528328935616,128.83796572363562,818.2698104118097,108.12398882622654,25.78016354638234,55.511382632926754,106.56366652283258,446.35813941659245,63.577172749609666,287.26059700416056,98.57560412380367,1.970524334883994,7,1
458.1521906800514,3.571957323754789,212.5116918735,155.3500141087477,744.7665821948947,131.9123519518074,27.700616960351482,58.967324624385896,88.5859665445215,456.55026852841524,78.10912900773127,358.0088467812794,105.91751011770975,2.8725856898288784,7,1
452.9971565057807,3.6458929980050665,195.53456823133382,183.55456615592445,826.7820112508305,130.70857597912482,20.576851392045555,48.793494891493445,82.81638358506717,488.49542752500304,76.33680090785775,262.6757944779826,101.95504192598126,2.489874596524613,1,1
453.960301220005,3.2004677441369846,193.85507548676537,130.05961411598904,740.2920671954341,128.54317339173784,32.54093040462671,53.22477492013698,102.0481017694055,433.8411368514759,68.16442257516738,344.28943560464836,95.29246659898783,1.5972613675327785,4,1
469.0853025016015,3.986977007158416,227.38189165525702,145.73234543491168,784.0495984763573,132.9174785073263,28.572657798599558,46.81216037338562,105.12306322293978,484.7365321076945,73.40830062643921,347.1677800605456,102.7821065941181,0.8698258524601383,9,1
460.987381541697,4.097411125525071,198.02558211088655,112.14813956231295,728.4135151737629,122.80574965958618,25.004059907396925,44.83592795245901,88.64963670728002,462.0757862350934,72.90534091724305,338.31129499501446,101.98264448656509,2.05343024910901,14,0
454.33085494237537,3.617874053164465,216.52844648383532,145.48597060544802,941.2083504701365,114.17070504400732,22.514775678283694,49.02270171306786,88.25055507823588,490.6663652121197,77.35106755275197,307.04391931396555,91.0310205593713,2.69174902741117,3,1
425.17668845657556,3.9771210705720916,195.492970299116,159.64075728947225,717.3020220191843,130.94573291220567,24.474744549178883,43.18699860125268,89.36071121862801,511.19365219628406,69.24446113920058,289.853828243418,96.74344650043561,2.305325332497369,7,0
435.59930557080804,3.32925554039824,233.33326518455047,160.80958847035902,800.4906870198203,131.32842211712895,25.25140707883402,45.31196110176345,76.60360888603756,486.2584709828174,66.26883681149994,338.28203090811854,100.95160095029809,2.7869818607167276,4,1
448.15936599606414,3.2608659301325056,186.43330741329012,151.16045595426144,857.1652137165007,131.05313901493287,26.321987670436144,52.95716299660534,87.67099297045418,484.2381085841141,67.55000815169328,276.25610571486953,107.23139853622024,1.7008435759730345,4,1
451.40058561414975,3.5122774246186768,187.71712937505632,163.33895137138464,851.8192954293513,120.44502082319237,29.50198254838009,47.43175492275581,103.71953510039395,510.3198318716658,74.48397991681934,308.12122786337164,103.4899922214681,1.9413879180554232,4,1
433.04694412989113,3.6304823115103697,230.49034362231805,188.19081803914187,842.5671061086568,112.83805486386673,23.571704591671462,53.552570435609304,88.65049071383552,541.7716719179979,60.40064794928833,298.6875616193362,97.17977692934002,1.9535291965734078,6,1
486.1751501336763,3.381803995627064,191.10107218209495,175.684570311564,784.1385805889262,121.91362254111611,26.688129512717683,51.49705969008743,81.67972377702236,564.1185738768667,55.01463280378249,273.25749411911943,96.4589904774545,2.1206106141553227,11,0
472.7459108288036,3.661330457110545,232.02148612328784,142.16218605885544,867.5544473168501,129.42230017567834,21.122712512199662,59.25577031009558,93.97348495443585,491.2584698399114,74.4712450348399,308.34140916852914,103.98866621954865,2.3837213911780024,7,1
459.03177480588727,3.591916844622024,217.83681159189626,128.2334402029989,845.6695545401092,130.24351789859966,23.759197857024198,52.62168642788023,84.6624096120471,572.9955660769294,71.37402732077649,322.2551475477904,87.86836801917046,2.816184833797288,8,1
451.08055291925615,3.2005079674126833,196.90700586878333,143.90772875139294,810.6149808830238,115.70323872925405,26.130150543608075,55.57109035139657,89.46838301065658,535.0682733904498,70.09231668151588,272.0751537168307,95.96209338233461,2.921347110834813,2,1
446.8168654514827,3.6556379052355163,163.73413055965682,135.7952585157398,812.0290378863297,123.1537289612739,27.073787473026414,52.00942331563773,79.84920975562177,450.71966184107293,63.472266860057715,313.8036056134755,107.04654001187565,2.8332853844398977,5,1
435.7212230996665,3.759058472756456,199.61363391456328,156.77021321796948,784.8038676192314,106.91221695514044,22.74030257000614,51.55696750539036,81.70700671050615,449.551669775453,61.450551177023556,233.12915437800558,101.48408739616524,2.3345405561309494,5,1
451.16220777778295,3.5514407952771174,202.0326010706685,132.28209690855752,754.5173987083481,129.84950103005852,23.67762491196426,55.823665210566574,95.90127403890874,476.9084859758932,66.82735458250907,268.52533976819296,96.20669423886035,1.8288887547262909,2,1
453.86628810214125,3.8457944309785077,223.34435466608747,148.90766351114488,861.8575487739358,112.16691243274937,29.381669906750638,53.343987329326325,90.9269342352087,557.7841593343891,71.8084754968484,286.2796283136613,93.98958287249835,2.112949215887447,3,1
431.37359136777565,3.1347788619509145,231.76894352480224,162.57021081804464,865.6103996800766,127.85255359571548,28.485725858884134,51.05031806478714,83.79154090525746,479.9453073773785,67.07122143616398,310.7201171089835,104.19867333994574,2.3276163801668317,6,1
455.01264625867344,3.6403851266395555,186.30025641712504,148.48956190774234,755.7945429485039,108.50695422609839,25.6253716511571,51.02827332964859,90.95628104243923,424.30572701974904,74.50050100121011,326.07944248902163,100.38905673296503,2.067534032506155,7,1
447.67111426762875,3.1489157880809677,216.02363527976365,135.80529265878306,792.3107417426904,130.3141590643401,18.290064540337852,52.69114655915208,85.14282633018193,490.8446316444916,65.22970328989854,302.4846867349151,98.90644770137409,1.5431028401294842,4,0
